timestamp,length,cyk_time_sec,extract_trees_time_sec,tree_count
2026-06-02 17:45:42,1,0.000063,0.000050,1
2026-06-02 17:45:42,1,0.000037,0.000033,1
2026-06-02 17:45:42,2,0.000192,0.000143,3
2026-06-02 17:45:42,2,0.000136,0.000119,3
2026-06-02 17:45:42,3,0.000257,0.000168,2
2026-06-02 17:45:42,3,0.000241,0.000150,2
2026-06-02 17:45:42,4,0.000481,0.000335,4
2026-06-02 17:45:42,4,0.000389,0.000325,4
2026-06-02 17:45:42,5,0.001188,0.000830,16
2026-06-02 17:45:42,5,0.001186,0.000866,16
2026-06-02 17:45:42,6,0.001045,0.000472,8
2026-06-02 17:45:42,6,0.001436,0.000510,8
2026-06-02 17:45:42,7,0.001848,0.001744,96
2026-06-02 17:45:42,7,0.002624,0.001540,96
2026-06-02 17:45:42,8,0.001698,0.001470,44
2026-06-02 17:45:42,8,0.001601,0.001422,44
2026-06-02 17:45:42,9,0.003484,0.003910,268
2026-06-02 17:45:42,9,0.002800,0.003406,268
2026-06-02 17:45:42,10,0.003911,0.016532,1436
2026-06-02 17:45:42,10,0.003908,0.011296,1436
2026-06-02 17:45:42,11,0.007665,0.005605,362
2026-06-02 17:45:42,11,0.007807,0.005624,362
2026-06-02 17:45:42,12,0.007658,0.004887,480
2026-06-02 17:45:42,12,0.006765,0.004801,480
2026-06-02 17:45:42,13,0.009822,0.040250,11032
2026-06-02 17:45:42,13,0.008511,0.087638,11032
2026-06-02 17:45:42,14,0.008878,0.009449,1600
2026-06-02 17:45:42,14,0.008832,0.009194,1600
2026-06-02 17:45:42,15,0.013197,0.028042,8748
2026-06-02 17:45:42,15,0.012373,0.026865,8748
2026-06-02 17:45:42,16,0.014433,0.020801,3362
2026-06-02 17:45:42,16,0.014069,0.019908,3362
2026-06-02 17:45:42,17,0.015248,0.035273,13374
2026-06-02 17:45:42,17,0.014061,0.086263,13374
2026-06-02 17:45:42,18,0.027703,4.925514,937755
2026-06-02 17:45:42,18,0.026582,4.944065,937755
2026-06-02 17:45:42,19,0.019285,0.712398,157544
2026-06-02 17:45:42,19,0.018551,0.786652,157544
2026-06-02 17:45:42,20,0.037805,17.462773,2776928
2026-06-02 17:45:42,20,0.034816,17.131975,2776928
2026-06-02 21:20:40,1,0.000060,0.000048,1
2026-06-02 21:20:40,1,0.000035,0.000032,1
2026-06-02 21:20:40,1,0.000029,0.000029,1
2026-06-02 21:20:40,1,0.000036,0.000029,1
2026-06-02 21:20:40,1,0.000028,0.000029,1
2026-06-02 21:20:40,1,0.000028,0.000030,1
2026-06-02 21:20:40,1,0.000032,0.000028,1
2026-06-02 21:20:40,1,0.000028,0.000030,1
2026-06-02 21:20:40,1,0.000040,0.000029,1
2026-06-02 21:20:40,1,0.000028,0.000028,1
2026-06-02 21:20:40,1,0.000028,0.000030,1
2026-06-02 21:20:40,1,0.000028,0.000030,1
2026-06-02 21:20:40,1,0.000029,0.000028,1
2026-06-02 21:20:40,1,0.000028,0.000030,1
2026-06-02 21:20:40,1,0.000028,0.000030,1
2026-06-02 21:20:40,1,0.000027,0.000030,1
2026-06-02 21:20:40,1,0.000027,0.000030,1
2026-06-02 21:20:40,1,0.000028,0.000028,1
2026-06-02 21:20:40,1,0.000027,0.000028,1
2026-06-02 21:20:40,1,0.000027,0.000028,1
2026-06-02 21:20:40,1,0.000027,0.000030,1
2026-06-02 21:20:40,1,0.000028,0.000028,1
2026-06-02 21:20:40,1,0.000027,0.000028,1
2026-06-02 21:20:40,1,0.000027,0.000030,1
2026-06-02 21:20:40,1,0.000027,0.000029,1
2026-06-02 21:20:40,1,0.000027,0.000030,1
2026-06-02 21:20:40,1,0.000027,0.000030,1
2026-06-02 21:20:40,1,0.000027,0.000028,1
2026-06-02 21:20:40,1,0.000027,0.000030,1
2026-06-02 21:20:40,1,0.000027,0.000040,1
2026-06-02 21:20:40,1,0.000069,0.000029,1
2026-06-02 21:20:40,1,0.000029,0.000029,1
2026-06-02 21:20:40,1,0.000028,0.000028,1
2026-06-02 21:20:40,1,0.000029,0.000128,1
2026-06-02 21:20:40,1,0.000032,0.000031,1
2026-06-02 21:20:40,1,0.000030,0.000030,1
2026-06-02 21:20:40,1,0.000029,0.000054,1
2026-06-02 21:20:40,1,0.000032,0.000030,1
2026-06-02 21:20:40,1,0.000029,0.000029,1
2026-06-02 21:20:40,1,0.000029,0.000029,1
2026-06-02 21:20:40,1,0.000029,0.000045,1
2026-06-02 21:20:40,1,0.000028,0.000029,1
2026-06-02 21:20:40,1,0.000028,0.000028,1
2026-06-02 21:20:40,1,0.000034,0.000031,1
2026-06-02 21:20:40,1,0.000030,0.000030,1
2026-06-02 21:20:40,1,0.000029,0.000029,1
2026-06-02 21:20:40,1,0.000029,0.000029,1
2026-06-02 21:20:40,1,0.000029,0.000029,1
2026-06-02 21:20:40,1,0.000028,0.000029,1
2026-06-02 21:20:40,1,0.000028,0.000028,1
2026-06-02 21:20:40,1,0.000030,0.000028,1
2026-06-02 21:20:40,1,0.000027,0.000028,1
2026-06-02 21:20:40,1,0.000027,0.000030,1
2026-06-02 21:20:40,1,0.000028,0.000027,1
2026-06-02 21:20:40,1,0.000027,0.000027,1
2026-06-02 21:20:40,1,0.000027,0.000027,1
2026-06-02 21:20:40,1,0.000027,0.000027,1
2026-06-02 21:20:40,1,0.000027,0.000027,1
2026-06-02 21:20:40,1,0.000027,0.000028,1
2026-06-02 21:20:40,1,0.000028,0.000030,1
2026-06-02 21:20:40,1,0.000027,0.000030,1
2026-06-02 21:20:40,1,0.000027,0.000030,1
2026-06-02 21:20:40,1,0.000028,0.000028,1
2026-06-02 21:20:40,1,0.000027,0.000028,1
2026-06-02 21:20:40,1,0.000027,0.000028,1
2026-06-02 21:20:40,1,0.000027,0.000028,1
2026-06-02 21:20:40,1,0.000027,0.000028,1
2026-06-02 21:20:40,1,0.000030,0.000027,1
2026-06-02 21:20:40,1,0.000027,0.000028,1
2026-06-02 21:20:40,1,0.000028,0.000028,1
2026-06-02 21:20:40,1,0.000027,0.000027,1
2026-06-02 21:20:40,1,0.000027,0.000027,1
2026-06-02 21:20:40,1,0.000027,0.000027,1
2026-06-02 21:20:40,1,0.000027,0.000030,1
2026-06-02 21:20:40,1,0.000027,0.000027,1
2026-06-02 21:20:40,1,0.000027,0.000027,1
2026-06-02 21:20:40,1,0.000027,0.000028,1
2026-06-02 21:20:40,1,0.000027,0.000027,1
2026-06-02 21:20:40,1,0.000027,0.000027,1
2026-06-02 21:20:40,1,0.000027,0.000027,1
2026-06-02 21:20:40,1,0.000027,0.000027,1
2026-06-02 21:20:40,1,0.000027,0.000027,1
2026-06-02 21:20:40,1,0.000027,0.000038,1
2026-06-02 21:20:40,1,0.000029,0.000028,1
2026-06-02 21:20:40,1,0.000028,0.000029,1
2026-06-02 21:20:40,1,0.000029,0.000029,1
2026-06-02 21:20:40,1,0.000029,0.000029,1
2026-06-02 21:20:40,1,0.000028,0.000029,1
2026-06-02 21:20:40,1,0.000036,0.000028,1
2026-06-02 21:20:40,1,0.000028,0.000028,1
2026-06-02 21:20:40,1,0.000027,0.000028,1
2026-06-02 21:20:40,1,0.000028,0.000028,1
2026-06-02 21:20:40,1,0.000028,0.000028,1
2026-06-02 21:20:40,1,0.000028,0.000029,1
2026-06-02 21:20:40,1,0.000028,0.000027,1
2026-06-02 21:20:40,1,0.000027,0.000028,1
2026-06-02 21:20:40,1,0.000027,0.000027,1
2026-06-02 21:20:40,1,0.000029,0.000027,1
2026-06-02 21:20:40,1,0.000028,0.000030,1
2026-06-02 21:20:40,1,0.000027,0.000028,1
2026-06-02 21:20:40,1,0.000027,0.000027,1
2026-06-02 21:20:40,1,0.000028,0.000027,1
2026-06-02 21:20:40,1,0.000027,0.000027,1
2026-06-02 21:20:40,1,0.000028,0.000028,1
2026-06-02 21:20:40,1,0.000027,0.000037,1
2026-06-02 21:20:40,1,0.000028,0.000028,1
2026-06-02 21:20:40,1,0.000029,0.000028,1
2026-06-02 21:20:40,1,0.000027,0.000033,1
2026-06-02 21:20:40,1,0.000027,0.000028,1
2026-06-02 21:20:40,1,0.000029,0.000028,1
2026-06-02 21:20:40,1,0.000028,0.000028,1
2026-06-02 21:20:40,1,0.000028,0.000029,1
2026-06-02 21:20:40,1,0.000029,0.000029,1
2026-06-02 21:20:40,1,0.000029,0.000029,1
2026-06-02 21:20:40,1,0.000028,0.000029,1
2026-06-02 21:20:40,1,0.000028,0.000028,1
2026-06-02 21:20:40,1,0.000027,0.000036,1
2026-06-02 21:20:40,1,0.000028,0.000028,1
2026-06-02 21:20:40,1,0.000027,0.000027,1
2026-06-02 21:20:40,1,0.000027,0.000027,1
2026-06-02 21:20:40,1,0.000027,0.000028,1
2026-06-02 21:20:40,1,0.000029,0.000028,1
2026-06-02 21:20:40,1,0.000032,0.000031,1
2026-06-02 21:20:40,1,0.000029,0.000029,1
2026-06-02 21:20:40,1,0.000030,0.000029,1
2026-06-02 21:20:40,1,0.000033,0.000040,1
2026-06-02 21:20:40,1,0.000029,0.000028,1
2026-06-02 21:20:40,1,0.000028,0.000028,1
2026-06-02 21:20:40,1,0.000029,0.000029,1
2026-06-02 21:20:40,1,0.000028,0.000029,1
2026-06-02 21:20:40,1,0.000029,0.000029,1
2026-06-02 21:20:40,1,0.000028,0.000028,1
2026-06-02 21:20:40,1,0.000028,0.000028,1
2026-06-02 21:20:40,1,0.000028,0.000028,1
2026-06-02 21:20:40,1,0.000027,0.000028,1
2026-06-02 21:20:40,1,0.000028,0.000028,1
2026-06-02 21:20:40,1,0.000028,0.000028,1
2026-06-02 21:20:40,1,0.000027,0.000028,1
2026-06-02 21:20:40,1,0.000027,0.000028,1
2026-06-02 21:20:40,1,0.000027,0.000027,1
2026-06-02 21:20:40,1,0.000028,0.000028,1
2026-06-02 21:20:40,1,0.000027,0.000028,1
2026-06-02 21:20:40,1,0.000027,0.000028,1
2026-06-02 21:20:40,1,0.000028,0.000028,1
2026-06-02 21:20:40,1,0.000027,0.000028,1
2026-06-02 21:20:40,1,0.000029,0.000028,1
2026-06-02 21:20:40,1,0.000030,0.000144,1
2026-06-02 21:20:40,1,0.000036,0.000034,1
2026-06-02 21:20:40,1,0.000037,0.000033,1
2026-06-02 21:20:40,1,0.000030,0.000030,1
2026-06-02 21:20:40,1,0.000030,0.000122,1
2026-06-02 21:20:40,1,0.000070,0.000036,1
2026-06-02 21:20:40,1,0.000054,0.000032,1
2026-06-02 21:20:40,1,0.000032,0.000030,1
2026-06-02 21:20:40,1,0.000031,0.000030,1
2026-06-02 21:20:40,1,0.000029,0.000029,1
2026-06-02 21:20:40,1,0.000029,0.000029,1
2026-06-02 21:20:40,1,0.000028,0.000028,1
2026-06-02 21:20:40,1,0.000029,0.000029,1
2026-06-02 21:20:40,1,0.000029,0.000029,1
2026-06-02 21:20:40,1,0.000028,0.000029,1
2026-06-02 21:20:40,1,0.000028,0.000028,1
2026-06-02 21:20:40,1,0.000027,0.000028,1
2026-06-02 21:20:40,1,0.000027,0.000028,1
2026-06-02 21:20:40,1,0.000028,0.000028,1
2026-06-02 21:20:40,1,0.000027,0.000028,1
2026-06-02 21:20:40,1,0.000027,0.000028,1
2026-06-02 21:20:40,1,0.000027,0.000089,1
2026-06-02 21:20:40,1,0.000028,0.000028,1
2026-06-02 21:20:40,1,0.000027,0.000031,1
2026-06-02 21:20:40,1,0.000027,0.000119,1
2026-06-02 21:20:40,1,0.000028,0.000028,1
2026-06-02 21:20:40,1,0.000028,0.000028,1
2026-06-02 21:20:40,1,0.000027,0.000030,1
2026-06-02 21:20:40,1,0.000028,0.000028,1
2026-06-02 21:20:40,1,0.000027,0.000028,1
2026-06-02 21:20:40,1,0.000027,0.000027,1
2026-06-02 21:20:40,1,0.000027,0.000028,1
2026-06-02 21:20:40,1,0.000028,0.000027,1
2026-06-02 21:20:40,1,0.000028,0.000027,1
2026-06-02 21:20:40,1,0.000030,0.000029,1
2026-06-02 21:20:40,1,0.000038,0.000035,1
2026-06-02 21:20:40,1,0.000030,0.000030,1
2026-06-02 21:20:40,1,0.000029,0.000029,1
2026-06-02 21:20:40,1,0.000029,0.000030,1
2026-06-02 21:20:40,1,0.000028,0.000028,1
2026-06-02 21:20:40,1,0.000028,0.000028,1
2026-06-02 21:20:40,1,0.000028,0.000028,1
2026-06-02 21:20:40,1,0.000029,0.000028,1
2026-06-02 21:20:40,1,0.000029,0.000029,1
2026-06-02 21:20:40,1,0.000028,0.000029,1
2026-06-02 21:20:40,1,0.000034,0.000033,1
2026-06-02 21:20:40,1,0.000030,0.000030,1
2026-06-02 21:20:40,1,0.000033,0.000031,1
2026-06-02 21:20:40,1,0.000033,0.000031,1
2026-06-02 21:20:40,1,0.000030,0.000029,1
2026-06-02 21:20:40,1,0.000029,0.000029,1
2026-06-02 21:20:40,1,0.000030,0.000029,1
2026-06-02 21:20:40,1,0.000028,0.000028,1
2026-06-02 21:20:40,1,0.000056,0.000138,1
2026-06-02 21:20:40,1,0.000029,0.000029,1
2026-06-02 21:20:40,1,0.000029,0.000029,1
2026-06-02 21:20:40,1,0.000029,0.000029,1
2026-06-02 21:20:40,1,0.000027,0.000028,1
2026-06-02 21:20:40,1,0.000028,0.000028,1
2026-06-02 21:20:40,1,0.000027,0.000028,1
2026-06-02 21:20:40,1,0.000027,0.000028,1
2026-06-02 21:20:40,1,0.000027,0.000028,1
2026-06-02 21:20:40,1,0.000027,0.000028,1
2026-06-02 21:20:40,1,0.000027,0.000028,1
2026-06-02 21:20:40,1,0.000027,0.000047,1
2026-06-02 21:20:40,1,0.000029,0.000028,1
2026-06-02 21:20:40,1,0.000028,0.000028,1
2026-06-02 21:20:40,1,0.000027,0.000028,1
2026-06-02 21:20:40,1,0.000027,0.000028,1
2026-06-02 21:20:40,1,0.000027,0.000028,1
2026-06-02 21:20:40,1,0.000027,0.000029,1
2026-06-02 21:20:40,1,0.000027,0.000027,1
2026-06-02 21:20:40,1,0.000027,0.000027,1
2026-06-02 21:20:40,1,0.000027,0.000028,1
2026-06-02 21:20:40,1,0.000027,0.000028,1
2026-06-02 21:20:40,1,0.000027,0.000028,1
2026-06-02 21:20:40,1,0.000027,0.000027,1
2026-06-02 21:20:40,1,0.000027,0.000028,1
2026-06-02 21:20:40,1,0.000027,0.000028,1
2026-06-02 21:20:40,1,0.000027,0.000028,1
2026-06-02 21:20:40,1,0.000027,0.000028,1
2026-06-02 21:20:40,1,0.000027,0.000028,1
2026-06-02 21:20:40,1,0.000028,0.000030,1
2026-06-02 21:20:40,1,0.000027,0.000028,1
2026-06-02 21:20:40,1,0.000027,0.000028,1
2026-06-02 21:20:40,1,0.000027,0.000035,1
2026-06-02 21:20:40,1,0.000028,0.000028,1
2026-06-02 21:20:40,1,0.000027,0.000028,1
2026-06-02 21:20:40,1,0.000027,0.000028,1
2026-06-02 21:20:40,1,0.000027,0.000027,1
2026-06-02 21:20:40,1,0.000027,0.000086,1
2026-06-02 21:20:40,1,0.000028,0.000028,1
2026-06-02 21:20:40,1,0.000027,0.000028,1
2026-06-02 21:20:40,1,0.000029,0.000028,1
2026-06-02 21:20:40,1,0.000028,0.000028,1
2026-06-02 21:20:40,1,0.000027,0.000028,1
2026-06-02 21:20:40,1,0.000027,0.000028,1
2026-06-02 21:20:40,1,0.000027,0.000028,1
2026-06-02 21:20:40,1,0.000027,0.000027,1
2026-06-02 21:20:40,1,0.000027,0.000028,1
2026-06-02 21:20:40,1,0.000027,0.000028,1
2026-06-02 21:20:40,1,0.000027,0.000028,1
2026-06-02 21:20:40,1,0.000027,0.000028,1
2026-06-02 21:20:40,1,0.000027,0.000027,1
2026-06-02 21:20:40,1,0.000027,0.000027,1
2026-06-02 21:20:40,1,0.000027,0.000028,1
2026-06-02 21:20:40,1,0.000027,0.000027,1
2026-06-02 21:20:40,1,0.000027,0.000028,1
2026-06-02 21:20:40,1,0.000027,0.000027,1
2026-06-02 21:20:40,1,0.000051,0.000032,1
2026-06-02 21:20:40,1,0.000031,0.000030,1
2026-06-02 21:20:40,1,0.000030,0.000029,1
2026-06-02 21:20:40,1,0.000029,0.000030,1
2026-06-02 21:20:40,1,0.000028,0.000029,1
2026-06-02 21:20:40,1,0.000029,0.000028,1
2026-06-02 21:20:40,1,0.000028,0.000028,1
2026-06-02 21:20:40,1,0.000028,0.000028,1
2026-06-02 21:20:40,1,0.000028,0.000028,1
2026-06-02 21:20:40,1,0.000028,0.000037,1
2026-06-02 21:20:40,1,0.000033,0.000032,1
2026-06-02 21:20:40,1,0.000033,0.000031,1
2026-06-02 21:20:40,1,0.000030,0.000029,1
2026-06-02 21:20:40,1,0.000029,0.000029,1
2026-06-02 21:20:40,1,0.000029,0.000029,1
2026-06-02 21:20:40,1,0.000029,0.000029,1
2026-06-02 21:20:40,1,0.000028,0.000028,1
2026-06-02 21:20:40,1,0.000029,0.000028,1
2026-06-02 21:20:40,1,0.000028,0.000044,1
2026-06-02 21:20:40,1,0.000028,0.000028,1
2026-06-02 21:20:40,1,0.000028,0.000028,1
2026-06-02 21:20:40,1,0.000031,0.000028,1
2026-06-02 21:20:40,1,0.000027,0.000028,1
2026-06-02 21:20:40,1,0.000027,0.000027,1
2026-06-02 21:20:40,1,0.000027,0.000028,1
2026-06-02 21:20:40,1,0.000028,0.000028,1
2026-06-02 21:20:40,1,0.000027,0.000028,1
2026-06-02 21:20:40,1,0.000027,0.000028,1
2026-06-02 21:20:40,1,0.000027,0.000028,1
2026-06-02 21:20:40,1,0.000027,0.000030,1
2026-06-02 21:20:40,1,0.000027,0.000030,1
2026-06-02 21:20:40,1,0.000028,0.000028,1
2026-06-02 21:20:40,1,0.000027,0.000030,1
2026-06-02 21:20:40,1,0.000027,0.000028,1
2026-06-02 21:20:40,1,0.000027,0.000028,1
2026-06-02 21:20:40,1,0.000027,0.000027,1
2026-06-02 21:20:40,1,0.000028,0.000028,1
2026-06-02 21:20:40,1,0.000027,0.000028,1
2026-06-02 21:20:40,1,0.000027,0.000030,1
2026-06-02 21:20:40,1,0.000027,0.000030,1
2026-06-02 21:20:40,1,0.000027,0.000037,1
2026-06-02 21:20:40,1,0.000028,0.000028,1
2026-06-02 21:20:40,1,0.000027,0.000030,1
2026-06-02 21:20:40,1,0.000027,0.000028,1
2026-06-02 21:20:40,1,0.000027,0.000027,1
2026-06-02 21:20:40,1,0.000027,0.000027,1
2026-06-02 21:20:40,1,0.000027,0.000028,1
2026-06-02 21:20:40,1,0.000027,0.000027,1
2026-06-02 21:20:40,1,0.000027,0.000027,1
2026-06-02 21:20:40,1,0.000027,0.000027,1
2026-06-02 21:20:40,1,0.000027,0.000027,1
2026-06-02 21:20:40,1,0.000027,0.000027,1
2026-06-02 21:20:40,1,0.000027,0.000027,1
2026-06-02 21:20:40,1,0.000028,0.000027,1
2026-06-02 21:20:40,1,0.000027,0.000027,1
2026-06-02 21:20:40,1,0.000027,0.000027,1
2026-06-02 21:20:40,1,0.000027,0.000028,1
2026-06-02 21:20:40,1,0.000027,0.000027,1
2026-06-02 21:20:40,1,0.000028,0.000028,1
2026-06-02 21:20:40,1,0.000027,0.000028,1
2026-06-02 21:20:40,1,0.000027,0.000027,1
2026-06-02 21:20:40,1,0.000027,0.000027,1
2026-06-02 21:20:40,1,0.000027,0.000027,1
2026-06-02 21:20:40,1,0.000027,0.000027,1
2026-06-02 21:20:40,1,0.000027,0.000027,1
2026-06-02 21:20:40,1,0.000027,0.000028,1
2026-06-02 21:20:40,1,0.000027,0.000027,1
2026-06-02 21:20:40,1,0.000027,0.000027,1
2026-06-02 21:20:40,1,0.000028,0.000028,1
2026-06-02 21:20:40,1,0.000027,0.000028,1
2026-06-02 21:20:40,1,0.000028,0.000027,1
2026-06-02 21:20:40,1,0.000027,0.000028,1
2026-06-02 21:20:40,1,0.000027,0.000027,1
2026-06-02 21:20:40,1,0.000028,0.000028,1
2026-06-02 21:20:40,1,0.000028,0.000027,1
2026-06-02 21:20:40,1,0.000027,0.000027,1
2026-06-02 21:20:40,1,0.000027,0.000027,1
2026-06-02 21:20:40,1,0.000027,0.000028,1
2026-06-02 21:20:40,1,0.000027,0.000028,1
2026-06-02 21:20:40,1,0.000027,0.000028,1
2026-06-02 21:20:40,1,0.000033,0.000032,1
2026-06-02 21:20:40,1,0.000030,0.000030,1
2026-06-02 21:20:40,1,0.000029,0.000042,1
2026-06-02 21:20:40,1,0.000030,0.000029,1
2026-06-02 21:20:40,1,0.000029,0.000029,1
2026-06-02 21:20:40,1,0.000029,0.000029,1
2026-06-02 21:20:40,1,0.000028,0.000028,1
2026-06-02 21:20:40,1,0.000028,0.000028,1
2026-06-02 21:20:40,1,0.000029,0.000028,1
2026-06-02 21:20:40,1,0.000028,0.000056,1
2026-06-02 21:20:40,1,0.000032,0.000031,1
2026-06-02 21:20:40,1,0.000033,0.000032,1
2026-06-02 21:20:40,1,0.000029,0.000029,1
2026-06-02 21:20:40,1,0.000029,0.000029,1
2026-06-02 21:20:40,1,0.000029,0.000029,1
2026-06-02 21:20:40,1,0.000033,0.000031,1
2026-06-02 21:20:40,1,0.000031,0.000054,1
2026-06-02 21:20:40,1,0.000045,0.000032,1
2026-06-02 21:20:40,1,0.000031,0.000030,1
2026-06-02 21:20:40,1,0.000029,0.000029,1
2026-06-02 21:20:40,1,0.000029,0.000030,1
2026-06-02 21:20:40,1,0.000028,0.000028,1
2026-06-02 21:20:40,1,0.000028,0.000028,1
2026-06-02 21:20:40,1,0.000029,0.000028,1
2026-06-02 21:20:40,1,0.000027,0.000038,1
2026-06-02 21:20:40,1,0.000029,0.000027,1
2026-06-02 21:20:40,1,0.000028,0.000030,1
2026-06-02 21:20:40,1,0.000027,0.000028,1
2026-06-02 21:20:40,1,0.000028,0.000028,1
2026-06-02 21:20:40,1,0.000027,0.000028,1
2026-06-02 21:20:40,1,0.000027,0.000028,1
2026-06-02 21:20:40,1,0.000027,0.000027,1
2026-06-02 21:20:40,1,0.000028,0.000028,1
2026-06-02 21:20:40,1,0.000028,0.000028,1
2026-06-02 21:20:40,1,0.000027,0.000028,1
2026-06-02 21:20:40,1,0.000027,0.000028,1
2026-06-02 21:20:40,1,0.000027,0.000028,1
2026-06-02 21:20:40,1,0.000028,0.000028,1
2026-06-02 21:20:40,1,0.000027,0.000027,1
2026-06-02 21:20:40,1,0.000028,0.000028,1
2026-06-02 21:20:40,1,0.000027,0.000028,1
2026-06-02 21:20:40,1,0.000027,0.000028,1
2026-06-02 21:20:40,1,0.000027,0.000028,1
2026-06-02 21:20:40,1,0.000027,0.000028,1
2026-06-02 21:20:40,1,0.000027,0.000028,1
2026-06-02 21:20:40,1,0.000027,0.000027,1
2026-06-02 21:20:40,1,0.000029,0.000028,1
2026-06-02 21:20:40,1,0.000027,0.000028,1
2026-06-02 21:20:40,1,0.000027,0.000030,1
2026-06-02 21:20:40,1,0.000027,0.000030,1
2026-06-02 21:20:40,1,0.000027,0.000028,1
2026-06-02 21:20:40,1,0.000027,0.000028,1
2026-06-02 21:20:40,1,0.000028,0.000032,1
2026-06-02 21:20:40,1,0.000027,0.000027,1
2026-06-02 21:20:40,1,0.000027,0.000027,1
2026-06-02 21:20:40,1,0.000027,0.000027,1
2026-06-02 21:20:40,1,0.000027,0.000027,1
2026-06-02 21:20:40,1,0.000028,0.000028,1
2026-06-02 21:20:40,1,0.000027,0.000028,1
2026-06-02 21:20:40,1,0.000027,0.000027,1
2026-06-02 21:20:40,1,0.000027,0.000028,1
2026-06-02 21:20:40,1,0.000027,0.000027,1
2026-06-02 21:20:40,1,0.000027,0.000027,1
2026-06-02 21:20:40,1,0.000028,0.000028,1
2026-06-02 21:20:40,1,0.000027,0.000028,1
2026-06-02 21:20:40,1,0.000027,0.000027,1
2026-06-02 21:20:40,1,0.000027,0.000037,1
2026-06-02 21:20:40,1,0.000028,0.000028,1
2026-06-02 21:20:40,1,0.000027,0.000028,1
2026-06-02 21:20:40,1,0.000027,0.000028,1
2026-06-02 21:20:40,1,0.000027,0.000027,1
2026-06-02 21:20:40,1,0.000028,0.000027,1
2026-06-02 21:20:40,1,0.000027,0.000028,1
2026-06-02 21:20:40,1,0.000027,0.000027,1
2026-06-02 21:20:40,1,0.000027,0.000027,1
2026-06-02 21:20:40,1,0.000027,0.000028,1
2026-06-02 21:20:40,1,0.000027,0.000027,1
2026-06-02 21:20:40,1,0.000027,0.000027,1
2026-06-02 21:20:40,1,0.000029,0.000059,1
2026-06-02 21:20:40,1,0.000029,0.000028,1
2026-06-02 21:20:40,1,0.000028,0.000028,1
2026-06-02 21:20:40,1,0.000028,0.000029,1
2026-06-02 21:20:40,1,0.000028,0.000028,1
2026-06-02 21:20:40,1,0.000029,0.000029,1
2026-06-02 21:20:40,1,0.000028,0.000028,1
2026-06-02 21:20:40,1,0.000028,0.000028,1
2026-06-02 21:20:40,1,0.000028,0.000028,1
2026-06-02 21:20:40,1,0.000027,0.000041,1
2026-06-02 21:20:40,1,0.000028,0.000028,1
2026-06-02 21:20:40,1,0.000027,0.000028,1
2026-06-02 21:20:40,1,0.000027,0.000028,1
2026-06-02 21:20:40,1,0.000027,0.000027,1
2026-06-02 21:20:40,1,0.000028,0.000028,1
2026-06-02 21:20:40,1,0.000028,0.000028,1
2026-06-02 21:20:40,1,0.000027,0.000027,1
2026-06-02 21:20:40,1,0.000027,0.000028,1
2026-06-02 21:20:40,1,0.000027,0.000027,1
2026-06-02 21:20:40,1,0.000028,0.000028,1
2026-06-02 21:20:40,1,0.000028,0.000028,1
2026-06-02 21:20:40,1,0.000028,0.000028,1
2026-06-02 21:20:40,1,0.000027,0.000028,1
2026-06-02 21:20:40,1,0.000028,0.000028,1
2026-06-02 21:20:40,1,0.000028,0.000035,1
2026-06-02 21:20:40,1,0.000028,0.000028,1
2026-06-02 21:20:40,1,0.000028,0.000028,1
2026-06-02 21:20:40,1,0.000028,0.000028,1
2026-06-02 21:20:40,1,0.000028,0.000028,1
2026-06-02 21:20:40,1,0.000056,0.000032,1
2026-06-02 21:20:40,1,0.000031,0.000029,1
2026-06-02 21:20:40,1,0.000029,0.000029,1
2026-06-02 21:20:40,1,0.000029,0.000029,1
2026-06-02 21:20:40,1,0.000033,0.000032,1
2026-06-02 21:20:40,1,0.000029,0.000030,1
2026-06-02 21:20:40,1,0.000029,0.000029,1
2026-06-02 21:20:40,1,0.000029,0.000028,1
2026-06-02 21:20:40,1,0.000028,0.000029,1
2026-06-02 21:20:40,1,0.000028,0.000028,1
2026-06-02 21:20:40,1,0.000028,0.000028,1
2026-06-02 21:20:40,1,0.000027,0.000028,1
2026-06-02 21:20:40,1,0.000030,0.000030,1
2026-06-02 21:20:40,1,0.000028,0.000028,1
2026-06-02 21:20:40,1,0.000027,0.000030,1
2026-06-02 21:20:40,1,0.000027,0.000028,1
2026-06-02 21:20:40,1,0.000027,0.000028,1
2026-06-02 21:20:40,1,0.000027,0.000028,1
2026-06-02 21:20:40,1,0.000027,0.000027,1
2026-06-02 21:20:40,1,0.000027,0.000028,1
2026-06-02 21:20:40,1,0.000027,0.000028,1
2026-06-02 21:20:40,1,0.000027,0.000028,1
2026-06-02 21:20:40,1,0.000027,0.000028,1
2026-06-02 21:20:40,1,0.000027,0.000036,1
2026-06-02 21:20:40,1,0.000031,0.000028,1
2026-06-02 21:20:40,1,0.000027,0.000028,1
2026-06-02 21:20:40,1,0.000027,0.000028,1
2026-06-02 21:20:40,1,0.000027,0.000028,1
2026-06-02 21:20:40,1,0.000027,0.000028,1
2026-06-02 21:20:40,1,0.000027,0.000028,1
2026-06-02 21:20:40,1,0.000027,0.000027,1
2026-06-02 21:20:40,1,0.000027,0.000027,1
2026-06-02 21:20:40,1,0.000027,0.000028,1
2026-06-02 21:20:40,1,0.000027,0.000028,1
2026-06-02 21:20:40,1,0.000027,0.000028,1
2026-06-02 21:20:40,1,0.000027,0.000027,1
2026-06-02 21:20:40,1,0.000027,0.000027,1
2026-06-02 21:20:40,1,0.000027,0.000028,1
2026-06-02 21:20:40,1,0.000027,0.000027,1
2026-06-02 21:20:40,1,0.000027,0.000028,1
2026-06-02 21:20:40,1,0.000028,0.000028,1
2026-06-02 21:20:40,1,0.000027,0.000028,1
2026-06-02 21:20:40,1,0.000027,0.000027,1
2026-06-02 21:20:40,1,0.000027,0.000027,1
2026-06-02 21:20:40,1,0.000027,0.000037,1
2026-06-02 21:20:40,1,0.000028,0.000028,1
2026-06-02 21:20:40,1,0.000027,0.000028,1
2026-06-02 21:20:40,1,0.000028,0.000028,1
2026-06-02 21:20:40,1,0.000027,0.000028,1
2026-06-02 21:20:40,1,0.000027,0.000027,1
2026-06-02 21:20:40,1,0.000027,0.000028,1
2026-06-02 21:20:40,1,0.000030,0.000029,1
2026-06-02 21:20:40,1,0.000028,0.000028,1
2026-06-02 21:20:40,1,0.000028,0.000028,1
2026-06-02 21:20:40,1,0.000028,0.000029,1
2026-06-02 21:20:40,1,0.000028,0.000029,1
2026-06-02 21:20:40,1,0.000028,0.000028,1
2026-06-02 21:20:40,1,0.000028,0.000028,1
2026-06-02 21:20:40,2,0.000206,0.000160,3
2026-06-02 21:20:40,2,0.000126,0.000120,3
2026-06-02 21:20:40,2,0.000123,0.000117,3
2026-06-02 21:20:40,2,0.000120,0.000123,3
2026-06-02 21:20:40,2,0.000119,0.000116,3
2026-06-02 21:20:40,2,0.000119,0.000117,3
2026-06-02 21:20:40,2,0.000119,0.000116,3
2026-06-02 21:20:40,2,0.000119,0.000115,3
2026-06-02 21:20:40,2,0.000120,0.000124,3
2026-06-02 21:20:40,2,0.000119,0.000114,3
2026-06-02 21:20:40,2,0.000128,0.000115,3
2026-06-02 21:20:40,2,0.000118,0.000115,3
2026-06-02 21:20:40,2,0.000119,0.000116,3
2026-06-02 21:20:40,2,0.000118,0.000115,3
2026-06-02 21:20:40,2,0.000119,0.000115,3
2026-06-02 21:20:40,2,0.000118,0.000122,3
2026-06-02 21:20:40,2,0.000119,0.000114,3
2026-06-02 21:20:40,2,0.000118,0.000114,3
2026-06-02 21:20:40,2,0.000118,0.000115,3
2026-06-02 21:20:40,2,0.000118,0.000115,3
2026-06-02 21:20:40,2,0.000118,0.000116,3
2026-06-02 21:20:40,2,0.000119,0.000118,3
2026-06-02 21:20:40,2,0.000127,0.000120,3
2026-06-02 21:20:40,2,0.000148,0.000131,3
2026-06-02 21:20:40,2,0.000131,0.000118,3
2026-06-02 21:20:40,2,0.000123,0.000117,3
2026-06-02 21:20:40,2,0.000184,0.000123,3
2026-06-02 21:20:40,2,0.000158,0.000122,3
2026-06-02 21:20:40,2,0.000125,0.000119,3
2026-06-02 21:20:40,2,0.000121,0.000115,3
2026-06-02 21:20:40,2,0.000122,0.000128,3
2026-06-02 21:20:40,2,0.000122,0.000117,3
2026-06-02 21:20:40,2,0.000123,0.000120,3
2026-06-02 21:20:40,2,0.000120,0.000125,3
2026-06-02 21:20:40,2,0.000123,0.000115,3
2026-06-02 21:20:40,2,0.000119,0.000115,3
2026-06-02 21:20:40,2,0.000119,0.000115,3
2026-06-02 21:20:40,2,0.000120,0.000114,3
2026-06-02 21:20:40,2,0.000121,0.000115,3
2026-06-02 21:20:40,2,0.000119,0.000114,3
2026-06-02 21:20:40,2,0.000118,0.000113,3
2026-06-02 21:20:40,2,0.000119,0.000116,3
2026-06-02 21:20:40,2,0.000120,0.000115,3
2026-06-02 21:20:40,2,0.000119,0.000115,3
2026-06-02 21:20:40,2,0.000118,0.000114,3
2026-06-02 21:20:40,2,0.000119,0.000114,3
2026-06-02 21:20:40,2,0.000119,0.000115,3
2026-06-02 21:20:40,2,0.000119,0.000114,3
2026-06-02 21:20:40,2,0.000132,0.000122,3
2026-06-02 21:20:40,2,0.000120,0.000260,3
2026-06-02 21:20:40,2,0.000137,0.000127,3
2026-06-02 21:20:40,2,0.000146,0.000138,3
2026-06-02 21:20:40,2,0.000123,0.000118,3
2026-06-02 21:20:40,2,0.000154,0.000146,3
2026-06-02 21:20:40,2,0.000132,0.000127,3
2026-06-02 21:20:40,2,0.000125,0.000117,3
2026-06-02 21:20:40,2,0.000210,0.000121,3
2026-06-02 21:20:40,2,0.000119,0.000117,3
2026-06-02 21:20:40,2,0.000119,0.000115,3
2026-06-02 21:20:40,2,0.000121,0.000116,3
2026-06-02 21:20:40,2,0.000122,0.000118,3
2026-06-02 21:20:40,2,0.000120,0.000115,3
2026-06-02 21:20:40,2,0.000120,0.000115,3
2026-06-02 21:20:40,2,0.000119,0.000115,3
2026-06-02 21:20:40,2,0.000121,0.000115,3
2026-06-02 21:20:40,2,0.000122,0.000114,3
2026-06-02 21:20:40,2,0.000120,0.000115,3
2026-06-02 21:20:40,2,0.000119,0.000114,3
2026-06-02 21:20:40,2,0.000119,0.000115,3
2026-06-02 21:20:40,2,0.000120,0.000114,3
2026-06-02 21:20:40,2,0.000121,0.000115,3
2026-06-02 21:20:40,2,0.000117,0.000114,3
2026-06-02 21:20:40,2,0.000119,0.000114,3
2026-06-02 21:20:40,2,0.000118,0.000115,3
2026-06-02 21:20:40,2,0.000118,0.000117,3
2026-06-02 21:20:40,2,0.000118,0.000116,3
2026-06-02 21:20:40,2,0.000118,0.000114,3
2026-06-02 21:20:40,2,0.000126,0.000120,3
2026-06-02 21:20:40,2,0.000123,0.000117,3
2026-06-02 21:20:40,2,0.000120,0.000116,3
2026-06-02 21:20:40,2,0.000120,0.000115,3
2026-06-02 21:20:40,2,0.000118,0.000115,3
2026-06-02 21:20:40,2,0.000119,0.000118,3
2026-06-02 21:20:40,2,0.000119,0.000125,3
2026-06-02 21:20:40,2,0.000119,0.000117,3
2026-06-02 21:20:40,2,0.000118,0.000115,3
2026-06-02 21:20:40,2,0.000118,0.000114,3
2026-06-02 21:20:40,2,0.000119,0.000115,3
2026-06-02 21:20:40,2,0.000119,0.000115,3
2026-06-02 21:20:40,2,0.000119,0.000115,3
2026-06-02 21:20:40,2,0.000127,0.000116,3
2026-06-02 21:20:40,2,0.000119,0.000114,3
2026-06-02 21:20:40,2,0.000120,0.000115,3
2026-06-02 21:20:40,2,0.000119,0.000115,3
2026-06-02 21:20:40,2,0.000219,0.000117,3
2026-06-02 21:20:40,2,0.000130,0.000115,3
2026-06-02 21:20:40,2,0.000118,0.000114,3
2026-06-02 21:20:40,2,0.000118,0.000126,3
2026-06-02 21:20:40,2,0.000118,0.000115,3
2026-06-02 21:20:40,2,0.000119,0.000115,3
2026-06-02 21:20:40,2,0.000152,0.000117,3
2026-06-02 21:20:40,2,0.000122,0.000117,3
2026-06-02 21:20:40,2,0.000119,0.000115,3
2026-06-02 21:20:40,2,0.000119,0.000114,3
2026-06-02 21:20:40,2,0.000157,0.000201,3
2026-06-02 21:20:40,2,0.000128,0.000121,3
2026-06-02 21:20:40,2,0.000160,0.000113,3
2026-06-02 21:20:40,2,0.000115,0.000113,3
2026-06-02 21:20:40,2,0.000115,0.000111,3
2026-06-02 21:20:40,2,0.000114,0.000112,3
2026-06-02 21:20:40,2,0.000115,0.000111,3
2026-06-02 21:20:40,2,0.000143,0.000129,3
2026-06-02 21:20:40,2,0.000113,0.000111,3
2026-06-02 21:20:40,2,0.000113,0.000111,3
2026-06-02 21:20:40,2,0.000114,0.000110,3
2026-06-02 21:20:40,2,0.000115,0.000122,3
2026-06-02 21:20:40,2,0.000115,0.000157,3
2026-06-02 21:20:40,2,0.000113,0.000110,3
2026-06-02 21:20:40,2,0.000160,0.000114,3
2026-06-02 21:20:40,2,0.000114,0.000113,3
2026-06-02 21:20:40,2,0.000115,0.000111,3
2026-06-02 21:20:40,2,0.000114,0.000110,3
2026-06-02 21:20:40,2,0.000114,0.000111,3
2026-06-02 21:20:40,2,0.000142,0.000131,3
2026-06-02 21:20:40,2,0.000114,0.000110,3
2026-06-02 21:20:40,2,0.000115,0.000110,3
2026-06-02 21:20:40,2,0.000112,0.000110,3
2026-06-02 21:20:40,2,0.000113,0.000111,3
2026-06-02 21:20:40,2,0.000113,0.000139,3
2026-06-02 21:20:40,2,0.000114,0.000110,3
2026-06-02 21:20:40,2,0.000161,0.000110,3
2026-06-02 21:20:40,2,0.000114,0.000110,3
2026-06-02 21:20:40,2,0.000135,0.000110,3
2026-06-02 21:20:40,2,0.000113,0.000109,3
2026-06-02 21:20:40,2,0.000113,0.000110,3
2026-06-02 21:20:40,2,0.000114,0.000110,3
2026-06-02 21:20:40,2,0.000114,0.000110,3
2026-06-02 21:20:40,2,0.000113,0.000110,3
2026-06-02 21:20:40,2,0.000113,0.000109,3
2026-06-02 21:20:40,2,0.000114,0.000110,3
2026-06-02 21:20:40,2,0.000114,0.000110,3
2026-06-02 21:20:40,2,0.000114,0.000110,3
2026-06-02 21:20:40,2,0.000113,0.000110,3
2026-06-02 21:20:40,2,0.000114,0.000109,3
2026-06-02 21:20:40,2,0.000114,0.000109,3
2026-06-02 21:20:40,2,0.000114,0.000110,3
2026-06-02 21:20:40,2,0.000112,0.000110,3
2026-06-02 21:20:40,2,0.000115,0.000110,3
2026-06-02 21:20:40,2,0.000114,0.000110,3
2026-06-02 21:20:40,2,0.000112,0.000110,3
2026-06-02 21:20:40,2,0.000113,0.000110,3
2026-06-02 21:20:40,2,0.000113,0.000110,3
2026-06-02 21:20:40,2,0.000127,0.000115,3
2026-06-02 21:20:40,2,0.000116,0.000111,3
2026-06-02 21:20:40,2,0.000114,0.000111,3
2026-06-02 21:20:40,2,0.000114,0.000110,3
2026-06-02 21:20:40,2,0.000114,0.000113,3
2026-06-02 21:20:40,2,0.000114,0.000110,3
2026-06-02 21:20:40,2,0.000113,0.000110,3
2026-06-02 21:20:40,2,0.000114,0.000109,3
2026-06-02 21:20:40,2,0.000114,0.000117,3
2026-06-02 21:20:40,2,0.000115,0.000110,3
2026-06-02 21:20:40,2,0.000117,0.000111,3
2026-06-02 21:20:40,2,0.000114,0.000110,3
2026-06-02 21:20:40,2,0.000114,0.000110,3
2026-06-02 21:20:40,2,0.000114,0.000110,3
2026-06-02 21:20:40,2,0.000114,0.000110,3
2026-06-02 21:20:40,2,0.000113,0.000109,3
2026-06-02 21:20:40,2,0.000115,0.000111,3
2026-06-02 21:20:40,2,0.000114,0.000148,3
2026-06-02 21:20:40,2,0.000114,0.000109,3
2026-06-02 21:20:40,2,0.000114,0.000110,3
2026-06-02 21:20:40,2,0.000114,0.000110,3
2026-06-02 21:20:40,2,0.000113,0.000111,3
2026-06-02 21:20:40,2,0.000114,0.000110,3
2026-06-02 21:20:40,2,0.000113,0.000110,3
2026-06-02 21:20:40,2,0.000114,0.000110,3
2026-06-02 21:20:40,2,0.000114,0.000111,3
2026-06-02 21:20:40,2,0.000114,0.000109,3
2026-06-02 21:20:40,2,0.000114,0.000120,3
2026-06-02 21:20:40,2,0.000115,0.000112,3
2026-06-02 21:20:40,2,0.000114,0.000111,3
2026-06-02 21:20:40,2,0.000114,0.000110,3
2026-06-02 21:20:40,2,0.000113,0.000111,3
2026-06-02 21:20:40,2,0.000114,0.000111,3
2026-06-02 21:20:40,2,0.000115,0.000110,3
2026-06-02 21:20:40,2,0.000113,0.000110,3
2026-06-02 21:20:40,2,0.000114,0.000143,3
2026-06-02 21:20:40,2,0.000115,0.000110,3
2026-06-02 21:20:40,2,0.000114,0.000111,3
2026-06-02 21:20:40,2,0.000114,0.000110,3
2026-06-02 21:20:40,2,0.000114,0.000110,3
2026-06-02 21:20:40,2,0.000115,0.000111,3
2026-06-02 21:20:40,2,0.000115,0.000111,3
2026-06-02 21:20:40,2,0.000113,0.000111,3
2026-06-02 21:20:40,2,0.000115,0.000109,3
2026-06-02 21:20:40,2,0.000113,0.000110,3
2026-06-02 21:20:40,2,0.000113,0.000110,3
2026-06-02 21:20:40,2,0.000113,0.000110,3
2026-06-02 21:20:40,2,0.000114,0.000109,3
2026-06-02 21:20:40,2,0.000114,0.000111,3
2026-06-02 21:20:40,2,0.000113,0.000110,3
2026-06-02 21:20:40,2,0.000114,0.000110,3
2026-06-02 21:20:40,2,0.000114,0.000110,3
2026-06-02 21:20:40,2,0.000114,0.000110,3
2026-06-02 21:20:40,2,0.000113,0.000179,3
2026-06-02 21:20:40,2,0.000114,0.000111,3
2026-06-02 21:20:40,2,0.000115,0.000110,3
2026-06-02 21:20:40,2,0.000113,0.000111,3
2026-06-02 21:20:40,2,0.000114,0.000110,3
2026-06-02 21:20:40,2,0.000113,0.000110,3
2026-06-02 21:20:40,2,0.000113,0.000109,3
2026-06-02 21:20:40,2,0.000113,0.000109,3
2026-06-02 21:20:40,2,0.000114,0.000109,3
2026-06-02 21:20:40,2,0.000115,0.000109,3
2026-06-02 21:20:40,2,0.000114,0.000110,3
2026-06-02 21:20:40,2,0.000114,0.000110,3
2026-06-02 21:20:40,2,0.000114,0.000110,3
2026-06-02 21:20:40,2,0.000114,0.000109,3
2026-06-02 21:20:40,2,0.000114,0.000113,3
2026-06-02 21:20:40,2,0.000114,0.000109,3
2026-06-02 21:20:40,2,0.000114,0.000110,3
2026-06-02 21:20:40,2,0.000114,0.000110,3
2026-06-02 21:20:40,2,0.000114,0.000180,3
2026-06-02 21:20:40,2,0.000127,0.000127,3
2026-06-02 21:20:40,2,0.000121,0.000117,3
2026-06-02 21:20:40,2,0.000119,0.000116,3
2026-06-02 21:20:40,2,0.000120,0.000116,3
2026-06-02 21:20:40,2,0.000120,0.000115,3
2026-06-02 21:20:40,2,0.000119,0.000115,3
2026-06-02 21:20:40,2,0.000119,0.000116,3
2026-06-02 21:20:40,2,0.000121,0.000115,3
2026-06-02 21:20:40,2,0.000120,0.000115,3
2026-06-02 21:20:40,2,0.000119,0.000115,3
2026-06-02 21:20:40,2,0.000117,0.000115,3
2026-06-02 21:20:40,2,0.000118,0.000114,3
2026-06-02 21:20:40,2,0.000118,0.000115,3
2026-06-02 21:20:40,2,0.000117,0.000115,3
2026-06-02 21:20:40,2,0.000118,0.000116,3
2026-06-02 21:20:40,2,0.000118,0.000115,3
2026-06-02 21:20:40,2,0.000119,0.000116,3
2026-06-02 21:20:40,2,0.000120,0.000119,3
2026-06-02 21:20:40,2,0.000119,0.000127,3
2026-06-02 21:20:40,2,0.000118,0.000114,3
2026-06-02 21:20:40,2,0.000120,0.000116,3
2026-06-02 21:20:40,2,0.000120,0.000115,3
2026-06-02 21:20:40,2,0.000118,0.000115,3
2026-06-02 21:20:40,2,0.000118,0.000115,3
2026-06-02 21:20:40,2,0.000118,0.000115,3
2026-06-02 21:20:40,2,0.000119,0.000116,3
2026-06-02 21:20:40,2,0.000120,0.000116,3
2026-06-02 21:20:40,2,0.000119,0.000115,3
2026-06-02 21:20:40,2,0.000119,0.000115,3
2026-06-02 21:20:40,2,0.000119,0.000116,3
2026-06-02 21:20:40,2,0.000118,0.000115,3
2026-06-02 21:20:40,2,0.000119,0.000115,3
2026-06-02 21:20:40,2,0.000119,0.000115,3
2026-06-02 21:20:40,2,0.000119,0.000115,3
2026-06-02 21:20:40,2,0.000119,0.000116,3
2026-06-02 21:20:40,2,0.000122,0.000116,3
2026-06-02 21:20:40,2,0.000119,0.000115,3
2026-06-02 21:20:40,2,0.000118,0.000115,3
2026-06-02 21:20:40,2,0.000118,0.000115,3
2026-06-02 21:20:40,2,0.000118,0.000115,3
2026-06-02 21:20:40,2,0.000118,0.000115,3
2026-06-02 21:20:40,2,0.000119,0.000116,3
2026-06-02 21:20:40,2,0.000118,0.000115,3
2026-06-02 21:20:40,2,0.000119,0.000114,3
2026-06-02 21:20:40,2,0.000120,0.000115,3
2026-06-02 21:20:40,2,0.000117,0.000116,3
2026-06-02 21:20:40,2,0.000118,0.000117,3
2026-06-02 21:20:40,2,0.000117,0.000118,3
2026-06-02 21:20:40,2,0.000119,0.000115,3
2026-06-02 21:20:40,2,0.000119,0.000115,3
2026-06-02 21:20:40,2,0.000118,0.000115,3
2026-06-02 21:20:40,2,0.000117,0.000125,3
2026-06-02 21:20:40,2,0.000117,0.000115,3
2026-06-02 21:20:40,2,0.000118,0.000115,3
2026-06-02 21:20:40,2,0.000120,0.000115,3
2026-06-02 21:20:40,2,0.000119,0.000115,3
2026-06-02 21:20:40,2,0.000120,0.000115,3
2026-06-02 21:20:40,2,0.000117,0.000114,3
2026-06-02 21:20:40,2,0.000119,0.000115,3
2026-06-02 21:20:40,2,0.000117,0.000115,3
2026-06-02 21:20:40,2,0.000118,0.000115,3
2026-06-02 21:20:40,2,0.000117,0.000115,3
2026-06-02 21:20:40,2,0.000119,0.000115,3
2026-06-02 21:20:40,2,0.000119,0.000115,3
2026-06-02 21:20:40,2,0.000119,0.000127,3
2026-06-02 21:20:40,2,0.000119,0.000115,3
2026-06-02 21:20:40,2,0.000118,0.000115,3
2026-06-02 21:20:40,2,0.000117,0.000114,3
2026-06-02 21:20:40,2,0.000119,0.000115,3
2026-06-02 21:20:40,2,0.000118,0.000114,3
2026-06-02 21:20:40,2,0.000118,0.000115,3
2026-06-02 21:20:40,2,0.000117,0.000115,3
2026-06-02 21:20:40,2,0.000118,0.000114,3
2026-06-02 21:20:40,2,0.000120,0.000115,3
2026-06-02 21:20:40,2,0.000119,0.000115,3
2026-06-02 21:20:40,2,0.000118,0.000114,3
2026-06-02 21:20:40,2,0.000118,0.000115,3
2026-06-02 21:20:40,2,0.000117,0.000115,3
2026-06-02 21:20:40,2,0.000118,0.000114,3
2026-06-02 21:20:40,2,0.000117,0.000114,3
2026-06-02 21:20:40,2,0.000118,0.000115,3
2026-06-02 21:20:40,2,0.000118,0.000114,3
2026-06-02 21:20:40,2,0.000119,0.000125,3
2026-06-02 21:20:40,2,0.000118,0.000115,3
2026-06-02 21:20:40,2,0.000117,0.000114,3
2026-06-02 21:20:40,2,0.000118,0.000115,3
2026-06-02 21:20:40,2,0.000118,0.000141,3
2026-06-02 21:20:40,2,0.000118,0.000114,3
2026-06-02 21:20:40,2,0.000118,0.000115,3
2026-06-02 21:20:40,2,0.000119,0.000115,3
2026-06-02 21:20:40,2,0.000119,0.000114,3
2026-06-02 21:20:40,2,0.000117,0.000115,3
2026-06-02 21:20:40,2,0.000118,0.000114,3
2026-06-02 21:20:40,2,0.000118,0.000115,3
2026-06-02 21:20:40,2,0.000117,0.000115,3
2026-06-02 21:20:40,2,0.000118,0.000115,3
2026-06-02 21:20:40,2,0.000118,0.000115,3
2026-06-02 21:20:40,2,0.000118,0.000114,3
2026-06-02 21:20:40,2,0.000118,0.000115,3
2026-06-02 21:20:40,2,0.000119,0.000115,3
2026-06-02 21:20:40,2,0.000118,0.000115,3
2026-06-02 21:20:40,2,0.000117,0.000114,3
2026-06-02 21:20:40,2,0.000119,0.000115,3
2026-06-02 21:20:40,2,0.000118,0.000115,3
2026-06-02 21:20:40,2,0.000114,0.000110,3
2026-06-02 21:20:40,2,0.000115,0.000111,3
2026-06-02 21:20:40,2,0.000114,0.000110,3
2026-06-02 21:20:40,2,0.000112,0.000111,3
2026-06-02 21:20:40,2,0.000112,0.000110,3
2026-06-02 21:20:40,2,0.000113,0.000110,3
2026-06-02 21:20:40,2,0.000113,0.000111,3
2026-06-02 21:20:40,2,0.000113,0.000110,3
2026-06-02 21:20:40,2,0.000113,0.000111,3
2026-06-02 21:20:40,2,0.000113,0.000109,3
2026-06-02 21:20:40,2,0.000138,0.000116,3
2026-06-02 21:20:40,2,0.000113,0.000109,3
2026-06-02 21:20:40,2,0.000114,0.000110,3
2026-06-02 21:20:40,2,0.000113,0.000110,3
2026-06-02 21:20:40,2,0.000113,0.000110,3
2026-06-02 21:20:40,2,0.000113,0.000112,3
2026-06-02 21:20:40,2,0.000113,0.000110,3
2026-06-02 21:20:40,2,0.000113,0.000110,3
2026-06-02 21:20:40,2,0.000131,0.000111,3
2026-06-02 21:20:40,2,0.000112,0.000110,3
2026-06-02 21:20:40,2,0.000112,0.000109,3
2026-06-02 21:20:40,2,0.000114,0.000109,3
2026-06-02 21:20:40,2,0.000112,0.000110,3
2026-06-02 21:20:40,2,0.000115,0.000111,3
2026-06-02 21:20:40,2,0.000115,0.000124,3
2026-06-02 21:20:40,2,0.000115,0.000110,3
2026-06-02 21:20:40,2,0.000114,0.000110,3
2026-06-02 21:20:40,2,0.000113,0.000110,3
2026-06-02 21:20:40,2,0.000113,0.000110,3
2026-06-02 21:20:40,2,0.000114,0.000110,3
2026-06-02 21:20:40,2,0.000113,0.000111,3
2026-06-02 21:20:40,2,0.000113,0.000110,3
2026-06-02 21:20:40,2,0.000113,0.000110,3
2026-06-02 21:20:40,2,0.000113,0.000110,3
2026-06-02 21:20:40,2,0.000113,0.000112,3
2026-06-02 21:20:40,2,0.000112,0.000110,3
2026-06-02 21:20:40,2,0.000132,0.000113,3
2026-06-02 21:20:40,2,0.000114,0.000111,3
2026-06-02 21:20:40,2,0.000113,0.000109,3
2026-06-02 21:20:40,2,0.000113,0.000110,3
2026-06-02 21:20:40,2,0.000113,0.000110,3
2026-06-02 21:20:40,2,0.000113,0.000109,3
2026-06-02 21:20:40,2,0.000116,0.000121,3
2026-06-02 21:20:40,2,0.000119,0.000128,3
2026-06-02 21:20:40,2,0.000114,0.000110,3
2026-06-02 21:20:40,2,0.000113,0.000110,3
2026-06-02 21:20:40,2,0.000113,0.000112,3
2026-06-02 21:20:40,2,0.000113,0.000113,3
2026-06-02 21:20:40,2,0.000113,0.000109,3
2026-06-02 21:20:40,2,0.000113,0.000109,3
2026-06-02 21:20:40,2,0.000112,0.000111,3
2026-06-02 21:20:40,2,0.000113,0.000110,3
2026-06-02 21:20:40,2,0.000114,0.000110,3
2026-06-02 21:20:40,2,0.000113,0.000110,3
2026-06-02 21:20:40,2,0.000135,0.000111,3
2026-06-02 21:20:40,2,0.000114,0.000111,3
2026-06-02 21:20:40,2,0.000115,0.000111,3
2026-06-02 21:20:40,2,0.000114,0.000110,3
2026-06-02 21:20:40,2,0.000113,0.000109,3
2026-06-02 21:20:40,2,0.000114,0.000112,3
2026-06-02 21:20:40,2,0.000112,0.000110,3
2026-06-02 21:20:40,2,0.000113,0.000111,3
2026-06-02 21:20:40,2,0.000113,0.000110,3
2026-06-02 21:20:40,2,0.000112,0.000110,3
2026-06-02 21:20:40,2,0.000112,0.000110,3
2026-06-02 21:20:40,2,0.000113,0.000110,3
2026-06-02 21:20:40,2,0.000112,0.000110,3
2026-06-02 21:20:40,2,0.000112,0.000109,3
2026-06-02 21:20:40,2,0.000113,0.000110,3
2026-06-02 21:20:40,2,0.000112,0.000109,3
2026-06-02 21:20:40,2,0.000113,0.000110,3
2026-06-02 21:20:40,2,0.000112,0.000113,3
2026-06-02 21:20:40,2,0.000143,0.000121,3
2026-06-02 21:20:40,2,0.000113,0.000110,3
2026-06-02 21:20:40,2,0.000112,0.000110,3
2026-06-02 21:20:40,2,0.000113,0.000110,3
2026-06-02 21:20:40,2,0.000114,0.000110,3
2026-06-02 21:20:40,2,0.000113,0.000110,3
2026-06-02 21:20:40,2,0.000112,0.000110,3
2026-06-02 21:20:40,2,0.000115,0.000109,3
2026-06-02 21:20:40,2,0.000113,0.000109,3
2026-06-02 21:20:40,2,0.000113,0.000110,3
2026-06-02 21:20:40,2,0.000112,0.000109,3
2026-06-02 21:20:40,2,0.000113,0.000109,3
2026-06-02 21:20:40,2,0.000112,0.000110,3
2026-06-02 21:20:40,2,0.000113,0.000110,3
2026-06-02 21:20:40,2,0.000114,0.000110,3
2026-06-02 21:20:40,2,0.000113,0.000121,3
2026-06-02 21:20:40,2,0.000114,0.000110,3
2026-06-02 21:20:40,2,0.000113,0.000110,3
2026-06-02 21:20:40,2,0.000113,0.000156,3
2026-06-02 21:20:40,2,0.000114,0.000110,3
2026-06-02 21:20:40,2,0.000113,0.000110,3
2026-06-02 21:20:40,2,0.000112,0.000110,3
2026-06-02 21:20:40,2,0.000112,0.000110,3
2026-06-02 21:20:40,2,0.000112,0.000109,3
2026-06-02 21:20:40,2,0.000113,0.000111,3
2026-06-02 21:20:40,2,0.000113,0.000110,3
2026-06-02 21:20:40,2,0.000113,0.000109,3
2026-06-02 21:20:40,2,0.000113,0.000110,3
2026-06-02 21:20:40,2,0.000113,0.000109,3
2026-06-02 21:20:40,2,0.000112,0.000110,3
2026-06-02 21:20:40,2,0.000114,0.000110,3
2026-06-02 21:20:40,2,0.000115,0.000110,3
2026-06-02 21:20:40,2,0.000113,0.000110,3
2026-06-02 21:20:40,2,0.000114,0.000110,3
2026-06-02 21:20:40,2,0.000113,0.000122,3
2026-06-02 21:20:40,2,0.000114,0.000111,3
2026-06-02 21:20:40,2,0.000114,0.000109,3
2026-06-02 21:20:40,2,0.000115,0.000111,3
2026-06-02 21:20:40,2,0.000114,0.000111,3
2026-06-02 21:20:40,2,0.000114,0.000110,3
2026-06-02 21:20:40,2,0.000114,0.000110,3
2026-06-02 21:20:40,2,0.000113,0.000109,3
2026-06-02 21:20:40,2,0.000114,0.000111,3
2026-06-02 21:20:40,2,0.000113,0.000109,3
2026-06-02 21:20:40,2,0.000113,0.000111,3
2026-06-02 21:20:40,2,0.000113,0.000111,3
2026-06-02 21:20:40,2,0.000114,0.000110,3
2026-06-02 21:20:40,2,0.000112,0.000111,3
2026-06-02 21:20:40,2,0.000114,0.000111,3
2026-06-02 21:20:40,2,0.000114,0.000109,3
2026-06-02 21:20:40,2,0.000114,0.000110,3
2026-06-02 21:20:40,2,0.000112,0.000110,3
2026-06-02 21:20:40,2,0.000113,0.000110,3
2026-06-02 21:20:40,2,0.000113,0.000109,3
2026-06-02 21:20:40,2,0.000113,0.000109,3
2026-06-02 21:20:40,2,0.000135,0.000110,3
2026-06-02 21:20:40,2,0.000114,0.000110,3
2026-06-02 21:20:40,2,0.000113,0.000110,3
2026-06-02 21:20:40,2,0.000113,0.000110,3
2026-06-02 21:20:40,2,0.000114,0.000110,3
2026-06-02 21:20:40,2,0.000113,0.000110,3
2026-06-02 21:20:40,2,0.000112,0.000112,3
2026-06-02 21:20:40,2,0.000113,0.000109,3
2026-06-02 21:20:40,2,0.000112,0.000110,3
2026-06-02 21:20:40,2,0.000113,0.000109,3
2026-06-02 21:20:40,2,0.000112,0.000110,3
2026-06-02 21:20:40,2,0.000113,0.000110,3
2026-06-02 21:20:40,2,0.000113,0.000112,3
2026-06-02 21:20:40,2,0.000114,0.000109,3
2026-06-02 21:20:40,2,0.000113,0.000109,3
2026-06-02 21:20:40,2,0.000113,0.000110,3
2026-06-02 21:20:40,2,0.000112,0.000109,3
2026-06-02 21:20:40,2,0.000114,0.000110,3
2026-06-02 21:20:40,2,0.000133,0.000109,3
2026-06-02 21:20:40,2,0.000113,0.000109,3
2026-06-02 21:20:40,2,0.000114,0.000110,3
2026-06-02 21:20:40,2,0.000113,0.000110,3
2026-06-02 21:20:40,2,0.000113,0.000109,3
2026-06-02 21:20:40,2,0.000114,0.000110,3
2026-06-02 21:20:40,2,0.000113,0.000120,3
2026-06-02 21:20:40,2,0.000113,0.000110,3
2026-06-02 21:20:40,2,0.000113,0.000110,3
2026-06-02 21:20:40,2,0.000114,0.000109,3
2026-06-02 21:20:40,2,0.000113,0.000109,3
2026-06-02 21:20:40,2,0.000113,0.000110,3
2026-06-02 21:20:40,2,0.000114,0.000110,3
2026-06-02 21:20:40,2,0.000112,0.000110,3
2026-06-02 21:20:40,2,0.000114,0.000110,3
2026-06-02 21:20:40,2,0.000113,0.000110,3
2026-06-02 21:20:40,2,0.000114,0.000110,3
2026-06-02 21:20:40,2,0.000113,0.000110,3
2026-06-02 21:20:40,2,0.000133,0.000112,3
2026-06-02 21:20:40,2,0.000113,0.000111,3
2026-06-02 21:20:40,2,0.000113,0.000110,3
2026-06-02 21:20:40,2,0.000114,0.000110,3
2026-06-02 21:20:40,2,0.000114,0.000110,3
2026-06-02 21:20:40,2,0.000114,0.000111,3
2026-06-02 21:20:40,2,0.000113,0.000122,3
2026-06-02 21:20:40,2,0.000114,0.000110,3
2026-06-02 21:20:40,2,0.000113,0.000110,3
2026-06-02 21:20:40,3,0.000252,0.000157,2
2026-06-02 21:20:40,3,0.000232,0.000148,2
2026-06-02 21:20:40,3,0.000229,0.000146,2
2026-06-02 21:20:40,3,0.000228,0.000146,2
2026-06-02 21:20:40,3,0.000226,0.000145,2
2026-06-02 21:20:40,3,0.000259,0.000233,2
2026-06-02 21:20:40,3,0.000291,0.000159,2
2026-06-02 21:20:40,3,0.000260,0.000165,2
2026-06-02 21:20:40,3,0.000285,0.000166,2
2026-06-02 21:20:40,3,0.000250,0.000161,2
2026-06-02 21:20:40,3,0.000238,0.000153,2
2026-06-02 21:20:40,3,0.000240,0.000155,2
2026-06-02 21:20:40,3,0.000244,0.000155,2
2026-06-02 21:20:40,3,0.000775,0.000182,2
2026-06-02 21:20:40,3,0.000257,0.000162,2
2026-06-02 21:20:40,3,0.000244,0.000153,2
2026-06-02 21:20:40,3,0.000237,0.000152,2
2026-06-02 21:20:40,3,0.000236,0.000151,2
2026-06-02 21:20:40,3,0.000235,0.000152,2
2026-06-02 21:20:40,3,0.000239,0.000151,2
2026-06-02 21:20:40,3,0.000238,0.000152,2
2026-06-02 21:20:40,3,0.000233,0.000151,2
2026-06-02 21:20:40,3,0.000237,0.000152,2
2026-06-02 21:20:40,3,0.000236,0.000151,2
2026-06-02 21:20:40,3,0.000237,0.000152,2
2026-06-02 21:20:40,3,0.000237,0.000155,2
2026-06-02 21:20:40,3,0.000239,0.000152,2
2026-06-02 21:20:40,3,0.000234,0.000151,2
2026-06-02 21:20:40,3,0.000234,0.000151,2
2026-06-02 21:20:40,3,0.000256,0.000165,2
2026-06-02 21:20:40,3,0.000240,0.000154,2
2026-06-02 21:20:40,3,0.000243,0.000154,2
2026-06-02 21:20:40,3,0.000251,0.000153,2
2026-06-02 21:20:40,3,0.000236,0.000161,2
2026-06-02 21:20:40,3,0.000237,0.000153,2
2026-06-02 21:20:40,3,0.000237,0.000152,2
2026-06-02 21:20:40,3,0.000236,0.000152,2
2026-06-02 21:20:40,3,0.000237,0.000155,2
2026-06-02 21:20:40,3,0.000243,0.000154,2
2026-06-02 21:20:40,3,0.000245,0.000153,2
2026-06-02 21:20:40,3,0.000235,0.000165,2
2026-06-02 21:20:40,3,0.000235,0.000163,2
2026-06-02 21:20:40,3,0.000242,0.000152,2
2026-06-02 21:20:40,3,0.000236,0.000152,2
2026-06-02 21:20:40,3,0.000236,0.000155,2
2026-06-02 21:20:40,3,0.000244,0.000152,2
2026-06-02 21:20:40,3,0.000239,0.000155,2
2026-06-02 21:20:40,3,0.000234,0.000157,2
2026-06-02 21:20:40,3,0.000257,0.000197,2
2026-06-02 21:20:40,3,0.000236,0.000158,2
2026-06-02 21:20:40,3,0.000238,0.000152,2
2026-06-02 21:20:40,3,0.000236,0.000153,2
2026-06-02 21:20:40,3,0.000236,0.000153,2
2026-06-02 21:20:40,3,0.000235,0.000153,2
2026-06-02 21:20:40,3,0.000245,0.000153,2
2026-06-02 21:20:40,3,0.000258,0.000152,2
2026-06-02 21:20:40,3,0.000307,0.000190,2
2026-06-02 21:20:40,3,0.000233,0.000161,2
2026-06-02 21:20:40,3,0.000235,0.000152,2
2026-06-02 21:20:40,3,0.000235,0.000162,2
2026-06-02 21:20:40,3,0.000227,0.000148,2
2026-06-02 21:20:40,3,0.000226,0.000151,2
2026-06-02 21:20:40,3,0.000225,0.000145,2
2026-06-02 21:20:40,3,0.000274,0.000146,2
2026-06-02 21:20:40,3,0.000257,0.000167,2
2026-06-02 21:20:40,3,0.000227,0.000192,2
2026-06-02 21:20:40,3,0.000229,0.000146,2
2026-06-02 21:20:40,3,0.000230,0.000145,2
2026-06-02 21:20:40,3,0.000228,0.000147,2
2026-06-02 21:20:40,3,0.000224,0.000144,2
2026-06-02 21:20:40,3,0.000225,0.000146,2
2026-06-02 21:20:40,3,0.000224,0.000145,2
2026-06-02 21:20:40,3,0.000224,0.000145,2
2026-06-02 21:20:40,3,0.000227,0.000146,2
2026-06-02 21:20:40,3,0.000224,0.000145,2
2026-06-02 21:20:40,3,0.000227,0.000145,2
2026-06-02 21:20:40,3,0.000226,0.000145,2
2026-06-02 21:20:40,3,0.000223,0.000146,2
2026-06-02 21:20:40,3,0.000225,0.000147,2
2026-06-02 21:20:40,3,0.000225,0.000145,2
2026-06-02 21:20:40,3,0.000225,0.000182,2
2026-06-02 21:20:40,3,0.000250,0.000158,2
2026-06-02 21:20:40,3,0.000251,0.000174,2
2026-06-02 21:20:40,3,0.000238,0.000154,2
2026-06-02 21:20:40,3,0.000243,0.000154,2
2026-06-02 21:20:40,3,0.000238,0.000154,2
2026-06-02 21:20:40,3,0.000235,0.000154,2
2026-06-02 21:20:40,3,0.000324,0.000165,2
2026-06-02 21:20:40,3,0.000313,0.000192,2
2026-06-02 21:20:40,3,0.000248,0.000157,2
2026-06-02 21:20:40,3,0.000254,0.000160,2
2026-06-02 21:20:40,3,0.000240,0.000156,2
2026-06-02 21:20:40,3,0.000240,0.000155,2
2026-06-02 21:20:40,3,0.000242,0.000152,2
2026-06-02 21:20:40,3,0.000235,0.000153,2
2026-06-02 21:20:40,3,0.000235,0.000151,2
2026-06-02 21:20:40,3,0.000234,0.000153,2
2026-06-02 21:20:40,3,0.000236,0.000151,2
2026-06-02 21:20:40,3,0.000245,0.000154,2
2026-06-02 21:20:40,3,0.000234,0.000151,2
2026-06-02 21:20:40,3,0.000237,0.000152,2
2026-06-02 21:20:40,3,0.000236,0.000151,2
2026-06-02 21:20:40,3,0.000238,0.000151,2
2026-06-02 21:20:40,3,0.000235,0.000151,2
2026-06-02 21:20:40,3,0.000235,0.000165,2
2026-06-02 21:20:40,3,0.000235,0.000165,2
2026-06-02 21:20:40,3,0.000258,0.000171,2
2026-06-02 21:20:40,3,0.000284,0.000205,2
2026-06-02 21:20:40,3,0.000243,0.000158,2
2026-06-02 21:20:40,3,0.000240,0.000153,2
2026-06-02 21:20:40,3,0.000236,0.000157,2
2026-06-02 21:20:40,3,0.000239,0.000153,2
2026-06-02 21:20:40,3,0.000236,0.000153,2
2026-06-02 21:20:40,3,0.000235,0.000153,2
2026-06-02 21:20:40,3,0.000237,0.000154,2
2026-06-02 21:20:40,3,0.000238,0.000153,2
2026-06-02 21:20:40,3,0.000235,0.000152,2
2026-06-02 21:20:40,3,0.000235,0.000151,2
2026-06-02 21:20:40,3,0.000236,0.000154,2
2026-06-02 21:20:40,3,0.000234,0.000151,2
2026-06-02 21:20:40,3,0.000235,0.000155,2
2026-06-02 21:20:40,3,0.000236,0.000151,2
2026-06-02 21:20:40,3,0.000233,0.000151,2
2026-06-02 21:20:40,3,0.000235,0.000151,2
2026-06-02 21:20:40,3,0.000234,0.000153,2
2026-06-02 21:20:40,3,0.000264,0.000393,2
2026-06-02 21:20:40,3,0.000289,0.000166,2
2026-06-02 21:20:40,3,0.000243,0.000156,2
2026-06-02 21:20:40,3,0.000239,0.000155,2
2026-06-02 21:20:40,3,0.000240,0.000152,2
2026-06-02 21:20:40,3,0.000236,0.000154,2
2026-06-02 21:20:40,3,0.000238,0.000152,2
2026-06-02 21:20:40,3,0.000236,0.000152,2
2026-06-02 21:20:40,3,0.000236,0.000152,2
2026-06-02 21:20:40,3,0.000235,0.000152,2
2026-06-02 21:20:40,3,0.000234,0.000151,2
2026-06-02 21:20:40,3,0.000233,0.000152,2
2026-06-02 21:20:40,3,0.000234,0.000151,2
2026-06-02 21:20:40,3,0.000234,0.000152,2
2026-06-02 21:20:40,3,0.000236,0.000153,2
2026-06-02 21:20:40,3,0.000236,0.000152,2
2026-06-02 21:20:40,3,0.000234,0.000152,2
2026-06-02 21:20:40,3,0.000234,0.000152,2
2026-06-02 21:20:40,3,0.000236,0.000153,2
2026-06-02 21:20:40,3,0.000429,0.000250,2
2026-06-02 21:20:40,3,0.000284,0.000167,2
2026-06-02 21:20:40,3,0.000240,0.000157,2
2026-06-02 21:20:40,3,0.000236,0.000153,2
2026-06-02 21:20:40,3,0.000240,0.000153,2
2026-06-02 21:20:40,3,0.000237,0.000154,2
2026-06-02 21:20:40,3,0.000236,0.000152,2
2026-06-02 21:20:40,3,0.000236,0.000152,2
2026-06-02 21:20:40,3,0.000237,0.000151,2
2026-06-02 21:20:40,3,0.000236,0.000151,2
2026-06-02 21:20:40,3,0.000236,0.000153,2
2026-06-02 21:20:40,3,0.000235,0.000151,2
2026-06-02 21:20:40,3,0.000240,0.000152,2
2026-06-02 21:20:40,3,0.000235,0.000150,2
2026-06-02 21:20:40,3,0.000235,0.000153,2
2026-06-02 21:20:40,3,0.000233,0.000155,2
2026-06-02 21:20:40,3,0.000236,0.000152,2
2026-06-02 21:20:40,3,0.000234,0.000152,2
2026-06-02 21:20:40,3,0.000237,0.000185,2
2026-06-02 21:20:40,3,0.000463,0.000269,2
2026-06-02 21:20:40,3,0.000249,0.000162,2
2026-06-02 21:20:40,3,0.000242,0.000156,2
2026-06-02 21:20:40,3,0.000234,0.000152,2
2026-06-02 21:20:40,3,0.000233,0.000154,2
2026-06-02 21:20:40,3,0.000237,0.000187,2
2026-06-02 21:20:40,3,0.000235,0.000153,2
2026-06-02 21:20:40,3,0.000238,0.000152,2
2026-06-02 21:20:40,3,0.000233,0.000151,2
2026-06-02 21:20:40,3,0.000232,0.000150,2
2026-06-02 21:20:40,3,0.000236,0.000151,2
2026-06-02 21:20:40,3,0.000235,0.000154,2
2026-06-02 21:20:40,3,0.000239,0.000151,2
2026-06-02 21:20:40,3,0.000235,0.000152,2
2026-06-02 21:20:40,3,0.000235,0.000151,2
2026-06-02 21:20:40,3,0.000235,0.000152,2
2026-06-02 21:20:40,3,0.000234,0.000154,2
2026-06-02 21:20:40,3,0.000237,0.000152,2
2026-06-02 21:20:40,3,0.000233,0.000152,2
2026-06-02 21:20:40,3,0.000368,0.000218,2
2026-06-02 21:20:40,3,0.000254,0.000189,2
2026-06-02 21:20:40,3,0.000253,0.000159,2
2026-06-02 21:20:40,3,0.000242,0.000154,2
2026-06-02 21:20:40,3,0.000242,0.000153,2
2026-06-02 21:20:40,3,0.000236,0.000155,2
2026-06-02 21:20:40,3,0.000236,0.000151,2
2026-06-02 21:20:40,3,0.000235,0.000157,2
2026-06-02 21:20:40,3,0.000235,0.000154,2
2026-06-02 21:20:40,3,0.000234,0.000154,2
2026-06-02 21:20:40,3,0.000237,0.000154,2
2026-06-02 21:20:40,3,0.000236,0.000152,2
2026-06-02 21:20:40,3,0.000236,0.000151,2
2026-06-02 21:20:40,3,0.000237,0.000152,2
2026-06-02 21:20:40,3,0.000235,0.000151,2
2026-06-02 21:20:40,3,0.000232,0.000154,2
2026-06-02 21:20:40,3,0.000235,0.000153,2
2026-06-02 21:20:40,3,0.000233,0.000153,2
2026-06-02 21:20:40,3,0.000236,0.000152,2
2026-06-02 21:20:40,3,0.000439,0.000242,2
2026-06-02 21:20:40,3,0.000293,0.000159,2
2026-06-02 21:20:40,3,0.000234,0.000153,2
2026-06-02 21:20:40,3,0.000237,0.000152,2
2026-06-02 21:20:40,3,0.000238,0.000152,2
2026-06-02 21:20:40,3,0.000234,0.000154,2
2026-06-02 21:20:40,3,0.000233,0.000151,2
2026-06-02 21:20:40,3,0.000235,0.000151,2
2026-06-02 21:20:40,3,0.000233,0.000152,2
2026-06-02 21:20:40,3,0.000237,0.000151,2
2026-06-02 21:20:40,3,0.000234,0.000151,2
2026-06-02 21:20:40,3,0.000236,0.000151,2
2026-06-02 21:20:40,3,0.000247,0.000144,2
2026-06-02 21:20:40,3,0.000225,0.000146,2
2026-06-02 21:20:40,3,0.000223,0.000146,2
2026-06-02 21:20:40,3,0.000225,0.000147,2
2026-06-02 21:20:40,3,0.000224,0.000144,2
2026-06-02 21:20:40,3,0.000224,0.000145,2
2026-06-02 21:20:40,3,0.000228,0.000145,2
2026-06-02 21:20:40,3,0.000242,0.000158,2
2026-06-02 21:20:40,3,0.000259,0.000165,2
2026-06-02 21:20:40,3,0.000252,0.000160,2
2026-06-02 21:20:40,3,0.000235,0.000156,2
2026-06-02 21:20:40,3,0.000240,0.000153,2
2026-06-02 21:20:40,3,0.000242,0.000152,2
2026-06-02 21:20:40,3,0.000237,0.000151,2
2026-06-02 21:20:40,3,0.000238,0.000153,2
2026-06-02 21:20:40,3,0.000237,0.000152,2
2026-06-02 21:20:40,3,0.000234,0.000152,2
2026-06-02 21:20:40,3,0.000233,0.000152,2
2026-06-02 21:20:40,3,0.000234,0.000164,2
2026-06-02 21:20:40,3,0.000237,0.000167,2
2026-06-02 21:20:40,3,0.000234,0.000152,2
2026-06-02 21:20:40,3,0.000235,0.000153,2
2026-06-02 21:20:40,3,0.000236,0.000154,2
2026-06-02 21:20:40,3,0.000235,0.000151,2
2026-06-02 21:20:40,3,0.000235,0.000152,2
2026-06-02 21:20:40,3,0.000233,0.000151,2
2026-06-02 21:20:40,3,0.000240,0.000160,2
2026-06-02 21:20:40,3,0.000262,0.000166,2
2026-06-02 21:20:40,3,0.000278,0.000162,2
2026-06-02 21:20:40,3,0.000241,0.000153,2
2026-06-02 21:20:40,3,0.000235,0.000151,2
2026-06-02 21:20:40,3,0.000237,0.000150,2
2026-06-02 21:20:40,3,0.000233,0.000151,2
2026-06-02 21:20:40,3,0.000234,0.000151,2
2026-06-02 21:20:40,3,0.000233,0.000152,2
2026-06-02 21:20:40,3,0.000233,0.000151,2
2026-06-02 21:20:40,3,0.000234,0.000153,2
2026-06-02 21:20:40,3,0.000237,0.000151,2
2026-06-02 21:20:40,3,0.000232,0.000152,2
2026-06-02 21:20:40,3,0.000239,0.000151,2
2026-06-02 21:20:40,3,0.000239,0.000151,2
2026-06-02 21:20:40,3,0.000235,0.000150,2
2026-06-02 21:20:40,3,0.000232,0.000151,2
2026-06-02 21:20:40,3,0.000238,0.000152,2
2026-06-02 21:20:40,3,0.000237,0.000151,2
2026-06-02 21:20:40,3,0.000303,0.000157,2
2026-06-02 21:20:40,3,0.000265,0.000202,2
2026-06-02 21:20:40,3,0.000243,0.000157,2
2026-06-02 21:20:40,3,0.000245,0.000156,2
2026-06-02 21:20:40,3,0.000233,0.000146,2
2026-06-02 21:20:40,3,0.000227,0.000145,2
2026-06-02 21:20:40,3,0.000225,0.000145,2
2026-06-02 21:20:40,3,0.000224,0.000146,2
2026-06-02 21:20:40,3,0.000225,0.000148,2
2026-06-02 21:20:40,3,0.000226,0.000144,2
2026-06-02 21:20:40,3,0.000228,0.000147,2
2026-06-02 21:20:40,3,0.000224,0.000145,2
2026-06-02 21:20:40,3,0.000227,0.000145,2
2026-06-02 21:20:40,3,0.000245,0.000161,2
2026-06-02 21:20:40,3,0.000240,0.000150,2
2026-06-02 21:20:40,3,0.000235,0.000151,2
2026-06-02 21:20:40,3,0.000234,0.000151,2
2026-06-02 21:20:40,3,0.000237,0.000151,2
2026-06-02 21:20:40,3,0.000235,0.000151,2
2026-06-02 21:20:40,3,0.000234,0.000151,2
2026-06-02 21:20:40,3,0.000246,0.000289,2
2026-06-02 21:20:40,3,0.000255,0.000158,2
2026-06-02 21:20:40,3,0.000275,0.000158,2
2026-06-02 21:20:40,3,0.000235,0.000153,2
2026-06-02 21:20:40,3,0.000235,0.000153,2
2026-06-02 21:20:40,3,0.000233,0.000151,2
2026-06-02 21:20:40,3,0.000234,0.000152,2
2026-06-02 21:20:40,3,0.000235,0.000152,2
2026-06-02 21:20:40,3,0.000234,0.000153,2
2026-06-02 21:20:40,3,0.000232,0.000151,2
2026-06-02 21:20:40,3,0.000234,0.000154,2
2026-06-02 21:20:40,3,0.000234,0.000155,2
2026-06-02 21:20:40,3,0.000239,0.000191,2
2026-06-02 21:20:40,3,0.000233,0.000151,2
2026-06-02 21:20:40,3,0.000233,0.000153,2
2026-06-02 21:20:40,3,0.000234,0.000151,2
2026-06-02 21:20:40,3,0.000234,0.000155,2
2026-06-02 21:20:40,3,0.000233,0.000169,2
2026-06-02 21:20:40,3,0.000235,0.000150,2
2026-06-02 21:20:40,3,0.000241,0.000159,2
2026-06-02 21:20:40,3,0.000262,0.000165,2
2026-06-02 21:20:40,3,0.000276,0.000160,2
2026-06-02 21:20:40,3,0.000241,0.000154,2
2026-06-02 21:20:40,3,0.000235,0.000153,2
2026-06-02 21:20:40,3,0.000238,0.000152,2
2026-06-02 21:20:40,3,0.000235,0.000150,2
2026-06-02 21:20:40,3,0.000236,0.000149,2
2026-06-02 21:20:40,3,0.000235,0.000152,2
2026-06-02 21:20:40,3,0.000236,0.000150,2
2026-06-02 21:20:40,3,0.000237,0.000151,2
2026-06-02 21:20:40,3,0.000236,0.000150,2
2026-06-02 21:20:40,3,0.000232,0.000150,2
2026-06-02 21:20:40,3,0.000246,0.000158,2
2026-06-02 21:20:40,3,0.000238,0.000153,2
2026-06-02 21:20:40,3,0.000236,0.000152,2
2026-06-02 21:20:40,3,0.000236,0.000153,2
2026-06-02 21:20:40,3,0.000237,0.000155,2
2026-06-02 21:20:40,3,0.000235,0.000154,2
2026-06-02 21:20:40,3,0.000246,0.000161,2
2026-06-02 21:20:40,3,0.000268,0.000170,2
2026-06-02 21:20:40,3,0.000242,0.000158,2
2026-06-02 21:20:40,3,0.000235,0.000157,2
2026-06-02 21:20:40,3,0.000238,0.000152,2
2026-06-02 21:20:40,3,0.000234,0.000155,2
2026-06-02 21:20:40,3,0.000236,0.000151,2
2026-06-02 21:20:40,3,0.000236,0.000150,2
2026-06-02 21:20:40,3,0.000235,0.000150,2
2026-06-02 21:20:40,3,0.000233,0.000151,2
2026-06-02 21:20:40,3,0.000233,0.000151,2
2026-06-02 21:20:40,3,0.000234,0.000151,2
2026-06-02 21:20:40,3,0.000238,0.000168,2
2026-06-02 21:20:40,3,0.000223,0.000144,2
2026-06-02 21:20:40,3,0.000224,0.000147,2
2026-06-02 21:20:40,3,0.000225,0.000145,2
2026-06-02 21:20:40,3,0.000225,0.000144,2
2026-06-02 21:20:40,3,0.000223,0.000145,2
2026-06-02 21:20:40,3,0.000226,0.000144,2
2026-06-02 21:20:40,3,0.000320,0.000158,2
2026-06-02 21:20:40,3,0.000280,0.000167,2
2026-06-02 21:20:40,3,0.000240,0.000158,2
2026-06-02 21:20:40,3,0.000244,0.000156,2
2026-06-02 21:20:40,3,0.000223,0.000148,2
2026-06-02 21:20:40,3,0.000252,0.000152,2
2026-06-02 21:20:40,3,0.000233,0.000151,2
2026-06-02 21:20:40,3,0.000237,0.000154,2
2026-06-02 21:20:40,3,0.000233,0.000155,2
2026-06-02 21:20:40,3,0.000237,0.000151,2
2026-06-02 21:20:40,3,0.000235,0.000151,2
2026-06-02 21:20:40,3,0.000234,0.000151,2
2026-06-02 21:20:40,3,0.000235,0.000151,2
2026-06-02 21:20:40,3,0.000233,0.000151,2
2026-06-02 21:20:40,3,0.000234,0.000151,2
2026-06-02 21:20:40,3,0.000234,0.000150,2
2026-06-02 21:20:40,3,0.000236,0.000152,2
2026-06-02 21:20:40,3,0.000234,0.000150,2
2026-06-02 21:20:40,3,0.000234,0.000151,2
2026-06-02 21:20:40,3,0.000234,0.000151,2
2026-06-02 21:20:40,3,0.000370,0.000166,2
2026-06-02 21:20:40,3,0.000278,0.000160,2
2026-06-02 21:20:40,3,0.000243,0.000155,2
2026-06-02 21:20:40,3,0.000234,0.000154,2
2026-06-02 21:20:40,3,0.000233,0.000183,2
2026-06-02 21:20:40,3,0.000236,0.000153,2
2026-06-02 21:20:40,3,0.000236,0.000152,2
2026-06-02 21:20:40,3,0.000237,0.000152,2
2026-06-02 21:20:40,3,0.000232,0.000156,2
2026-06-02 21:20:40,3,0.000237,0.000153,2
2026-06-02 21:20:40,3,0.000233,0.000151,2
2026-06-02 21:20:40,3,0.000233,0.000151,2
2026-06-02 21:20:40,3,0.000285,0.000151,2
2026-06-02 21:20:40,3,0.000233,0.000150,2
2026-06-02 21:20:40,3,0.000232,0.000151,2
2026-06-02 21:20:40,3,0.000237,0.000153,2
2026-06-02 21:20:40,3,0.000232,0.000151,2
2026-06-02 21:20:40,3,0.000233,0.000153,2
2026-06-02 21:20:40,3,0.000233,0.000151,2
2026-06-02 21:20:40,3,0.000242,0.000266,2
2026-06-02 21:20:40,3,0.000259,0.000165,2
2026-06-02 21:20:40,3,0.000275,0.000160,2
2026-06-02 21:20:40,3,0.000237,0.000152,2
2026-06-02 21:20:40,3,0.000235,0.000154,2
2026-06-02 21:20:40,3,0.000233,0.000151,2
2026-06-02 21:20:40,3,0.000240,0.000151,2
2026-06-02 21:20:40,3,0.000234,0.000151,2
2026-06-02 21:20:40,3,0.000232,0.000151,2
2026-06-02 21:20:40,3,0.000233,0.000152,2
2026-06-02 21:20:40,3,0.000236,0.000155,2
2026-06-02 21:20:40,3,0.000234,0.000154,2
2026-06-02 21:20:40,3,0.000237,0.000150,2
2026-06-02 21:20:40,3,0.000232,0.000151,2
2026-06-02 21:20:40,3,0.000233,0.000152,2
2026-06-02 21:20:40,3,0.000235,0.000150,2
2026-06-02 21:20:40,3,0.000234,0.000151,2
2026-06-02 21:20:40,3,0.000233,0.000153,2
2026-06-02 21:20:40,3,0.000234,0.000150,2
2026-06-02 21:20:40,3,0.000298,0.000156,2
2026-06-02 21:20:40,3,0.000301,0.000165,2
2026-06-02 21:20:40,3,0.000241,0.000158,2
2026-06-02 21:20:40,3,0.000244,0.000156,2
2026-06-02 21:20:40,3,0.000235,0.000152,2
2026-06-02 21:20:40,3,0.000234,0.000151,2
2026-06-02 21:20:40,3,0.000236,0.000150,2
2026-06-02 21:20:40,3,0.000237,0.000151,2
2026-06-02 21:20:40,3,0.000233,0.000152,2
2026-06-02 21:20:40,3,0.000234,0.000151,2
2026-06-02 21:20:40,3,0.000232,0.000151,2
2026-06-02 21:20:40,3,0.000236,0.000150,2
2026-06-02 21:20:40,3,0.000234,0.000151,2
2026-06-02 21:20:40,3,0.000238,0.000151,2
2026-06-02 21:20:40,3,0.000232,0.000154,2
2026-06-02 21:20:40,3,0.000233,0.000151,2
2026-06-02 21:20:40,3,0.000235,0.000151,2
2026-06-02 21:20:40,3,0.000236,0.000150,2
2026-06-02 21:20:40,3,0.000236,0.000151,2
2026-06-02 21:20:40,3,0.000234,0.000213,2
2026-06-02 21:20:40,3,0.000372,0.000168,2
2026-06-02 21:20:40,3,0.000248,0.000157,2
2026-06-02 21:20:40,3,0.000245,0.000158,2
2026-06-02 21:20:40,3,0.000237,0.000152,2
2026-06-02 21:20:40,3,0.000236,0.000151,2
2026-06-02 21:20:40,3,0.000234,0.000150,2
2026-06-02 21:20:40,3,0.000238,0.000153,2
2026-06-02 21:20:40,3,0.000240,0.000151,2
2026-06-02 21:20:40,3,0.000237,0.000155,2
2026-06-02 21:20:40,3,0.000235,0.000169,2
2026-06-02 21:20:40,3,0.000233,0.000162,2
2026-06-02 21:20:40,3,0.000235,0.000155,2
2026-06-02 21:20:40,3,0.000236,0.000152,2
2026-06-02 21:20:40,3,0.000238,0.000152,2
2026-06-02 21:20:40,3,0.000234,0.000151,2
2026-06-02 21:20:40,3,0.000235,0.000151,2
2026-06-02 21:20:40,3,0.000232,0.000152,2
2026-06-02 21:20:40,3,0.000235,0.000151,2
2026-06-02 21:20:40,3,0.000231,0.000151,2
2026-06-02 21:20:40,3,0.000244,0.000278,2
2026-06-02 21:20:40,3,0.000280,0.000164,2
2026-06-02 21:20:40,3,0.000269,0.000157,2
2026-06-02 21:20:40,3,0.000238,0.000152,2
2026-06-02 21:20:40,3,0.000236,0.000151,2
2026-06-02 21:20:40,3,0.000234,0.000152,2
2026-06-02 21:20:40,3,0.000233,0.000152,2
2026-06-02 21:20:40,3,0.000233,0.000151,2
2026-06-02 21:20:40,3,0.000238,0.000151,2
2026-06-02 21:20:40,3,0.000232,0.000151,2
2026-06-02 21:20:40,3,0.000234,0.000150,2
2026-06-02 21:20:40,3,0.000234,0.000151,2
2026-06-02 21:20:40,3,0.000235,0.000162,2
2026-06-02 21:20:40,3,0.000235,0.000153,2
2026-06-02 21:20:40,3,0.000236,0.000152,2
2026-06-02 21:20:40,3,0.000236,0.000151,2
2026-06-02 21:20:40,3,0.000236,0.000151,2
2026-06-02 21:20:40,3,0.000234,0.000152,2
2026-06-02 21:20:40,3,0.000235,0.000151,2
2026-06-02 21:20:40,3,0.000263,0.000157,2
2026-06-02 21:20:40,3,0.000269,0.000165,2
2026-06-02 21:20:40,3,0.000241,0.000200,2
2026-06-02 21:20:40,3,0.000253,0.000161,2
2026-06-02 21:20:40,3,0.000236,0.000153,2
2026-06-02 21:20:40,3,0.000239,0.000154,2
2026-06-02 21:20:40,3,0.000236,0.000155,2
2026-06-02 21:20:40,3,0.000237,0.000154,2
2026-06-02 21:20:40,3,0.000234,0.000152,2
2026-06-02 21:20:40,3,0.000237,0.000154,2
2026-06-02 21:20:40,3,0.000234,0.000152,2
2026-06-02 21:20:40,3,0.000237,0.000153,2
2026-06-02 21:20:40,3,0.000234,0.000155,2
2026-06-02 21:20:40,3,0.000235,0.000152,2
2026-06-02 21:20:40,3,0.000236,0.000151,2
2026-06-02 21:20:40,3,0.000235,0.000151,2
2026-06-02 21:20:40,3,0.000232,0.000151,2
2026-06-02 21:20:40,3,0.000235,0.000150,2
2026-06-02 21:20:40,3,0.000233,0.000152,2
2026-06-02 21:20:40,3,0.000304,0.000156,2
2026-06-02 21:20:40,3,0.000272,0.000164,2
2026-06-02 21:20:40,3,0.000251,0.000159,2
2026-06-02 21:20:40,3,0.000242,0.000157,2
2026-06-02 21:20:40,3,0.000236,0.000154,2
2026-06-02 21:20:40,3,0.000232,0.000151,2
2026-06-02 21:20:40,3,0.000234,0.000154,2
2026-06-02 21:20:40,3,0.000234,0.000152,2
2026-06-02 21:20:40,3,0.000239,0.000151,2
2026-06-02 21:20:40,3,0.000234,0.000151,2
2026-06-02 21:20:40,3,0.000236,0.000151,2
2026-06-02 21:20:40,3,0.000236,0.000151,2
2026-06-02 21:20:40,3,0.000233,0.000151,2
2026-06-02 21:20:40,3,0.000233,0.000152,2
2026-06-02 21:20:40,3,0.000237,0.000152,2
2026-06-02 21:20:40,3,0.000235,0.000150,2
2026-06-02 21:20:40,3,0.000232,0.000169,2
2026-06-02 21:20:40,3,0.000232,0.000152,2
2026-06-02 21:20:40,3,0.000235,0.000152,2
2026-06-02 21:20:40,3,0.000236,0.000188,2
2026-06-02 21:20:40,3,0.000361,0.000165,2
2026-06-02 21:20:40,3,0.000274,0.000159,2
2026-06-02 21:20:40,3,0.000244,0.000156,2
2026-06-02 21:20:40,3,0.000236,0.000152,2
2026-06-02 21:20:40,3,0.000235,0.000155,2
2026-06-02 21:20:40,3,0.000234,0.000151,2
2026-06-02 21:20:40,3,0.000236,0.000149,2
2026-06-02 21:20:40,3,0.000233,0.000151,2
2026-06-02 21:20:40,3,0.000233,0.000151,2
2026-06-02 21:20:40,3,0.000233,0.000151,2
2026-06-02 21:20:40,4,0.000413,0.000645,4
2026-06-02 21:20:40,4,0.000373,0.000309,4
2026-06-02 21:20:40,4,0.000372,0.000306,4
2026-06-02 21:20:40,4,0.000373,0.000311,4
2026-06-02 21:20:40,4,0.000369,0.000305,4
2026-06-02 21:20:40,4,0.000455,0.000316,4
2026-06-02 21:20:40,4,0.000809,0.000456,4
2026-06-02 21:20:40,4,0.000441,0.000314,4
2026-06-02 21:20:40,4,0.000373,0.000312,4
2026-06-02 21:20:40,4,0.000372,0.000316,4
2026-06-02 21:20:40,4,0.000370,0.000314,4
2026-06-02 21:20:40,4,0.000420,0.000314,4
2026-06-02 21:20:40,4,0.000381,0.000309,4
2026-06-02 21:20:40,4,0.000372,0.000305,4
2026-06-02 21:20:40,4,0.000370,0.000308,4
2026-06-02 21:20:40,4,0.000372,0.000305,4
2026-06-02 21:20:40,4,0.000368,0.000303,4
2026-06-02 21:20:40,4,0.000366,0.000305,4
2026-06-02 21:20:40,4,0.000368,0.000427,4
2026-06-02 21:20:40,4,0.000757,0.000332,4
2026-06-02 21:20:40,4,0.000498,0.000363,4
2026-06-02 21:20:40,4,0.000387,0.000321,4
2026-06-02 21:20:40,4,0.000374,0.000402,4
2026-06-02 21:20:40,4,0.000371,0.000308,4
2026-06-02 21:20:40,4,0.000370,0.000304,4
2026-06-02 21:20:40,4,0.000370,0.000303,4
2026-06-02 21:20:40,4,0.000369,0.000326,4
2026-06-02 21:20:40,4,0.000369,0.000305,4
2026-06-02 21:20:40,4,0.000373,0.000365,4
2026-06-02 21:20:40,4,0.000368,0.000308,4
2026-06-02 21:20:40,4,0.000369,0.000300,4
2026-06-02 21:20:40,4,0.000371,0.000582,4
2026-06-02 21:20:40,4,0.000413,0.000322,4
2026-06-02 21:20:40,4,0.000395,0.000418,4
2026-06-02 21:20:40,4,0.000397,0.000325,4
2026-06-02 21:20:40,4,0.000377,0.000311,4
2026-06-02 21:20:40,4,0.000367,0.000307,4
2026-06-02 21:20:40,4,0.000367,0.000307,4
2026-06-02 21:20:40,4,0.000369,0.000307,4
2026-06-02 21:20:40,4,0.000373,0.000308,4
2026-06-02 21:20:40,4,0.000367,0.000309,4
2026-06-02 21:20:40,4,0.000366,0.000304,4
2026-06-02 21:20:40,4,0.000368,0.000305,4
2026-06-02 21:20:40,4,0.000371,0.000304,4
2026-06-02 21:20:40,4,0.000367,0.000302,4
2026-06-02 21:20:40,4,0.000608,0.000505,4
2026-06-02 21:20:40,4,0.000447,0.000333,4
2026-06-02 21:20:40,4,0.000382,0.000305,4
2026-06-02 21:20:40,4,0.000372,0.000309,4
2026-06-02 21:20:40,4,0.000371,0.000307,4
2026-06-02 21:20:40,4,0.000370,0.000308,4
2026-06-02 21:20:40,4,0.000368,0.000325,4
2026-06-02 21:20:40,4,0.000372,0.000305,4
2026-06-02 21:20:40,4,0.000367,0.000305,4
2026-06-02 21:20:40,4,0.000373,0.000306,4
2026-06-02 21:20:40,4,0.000368,0.000308,4
2026-06-02 21:20:40,4,0.000368,0.000301,4
2026-06-02 21:20:40,4,0.000367,0.000306,4
2026-06-02 21:20:40,4,0.000365,0.000306,4
2026-06-02 21:20:40,4,0.000407,0.000418,4
2026-06-02 21:20:40,4,0.000380,0.000314,4
2026-06-02 21:20:40,4,0.000514,0.000365,4
2026-06-02 21:20:40,4,0.000374,0.000311,4
2026-06-02 21:20:40,4,0.000370,0.000310,4
2026-06-02 21:20:40,4,0.000370,0.000304,4
2026-06-02 21:20:40,4,0.000373,0.000309,4
2026-06-02 21:20:40,4,0.000368,0.000302,4
2026-06-02 21:20:40,4,0.000368,0.000304,4
2026-06-02 21:20:40,4,0.000401,0.000308,4
2026-06-02 21:20:40,4,0.000369,0.000306,4
2026-06-02 21:20:40,4,0.000366,0.000304,4
2026-06-02 21:20:40,4,0.000365,0.000302,4
2026-06-02 21:20:40,4,0.000369,0.000304,4
2026-06-02 21:20:40,4,0.000543,0.000415,4
2026-06-02 21:20:40,4,0.000397,0.000326,4
2026-06-02 21:20:40,4,0.000375,0.000308,4
2026-06-02 21:20:40,4,0.000372,0.000306,4
2026-06-02 21:20:40,4,0.000372,0.000307,4
2026-06-02 21:20:40,4,0.000368,0.000303,4
2026-06-02 21:20:40,4,0.000367,0.000307,4
2026-06-02 21:20:40,4,0.000367,0.000301,4
2026-06-02 21:20:40,4,0.000368,0.000316,4
2026-06-02 21:20:40,4,0.000354,0.000293,4
2026-06-02 21:20:40,4,0.000354,0.000293,4
2026-06-02 21:20:40,4,0.000355,0.000292,4
2026-06-02 21:20:40,4,0.000353,0.000292,4
2026-06-02 21:20:40,4,0.000357,0.000294,4
2026-06-02 21:20:40,4,0.000381,0.000553,4
2026-06-02 21:20:40,4,0.000460,0.000320,4
2026-06-02 21:20:40,4,0.000362,0.000297,4
2026-06-02 21:20:40,4,0.000389,0.000329,4
2026-06-02 21:20:40,4,0.000373,0.000308,4
2026-06-02 21:20:40,4,0.000371,0.000305,4
2026-06-02 21:20:40,4,0.000371,0.000305,4
2026-06-02 21:20:40,4,0.000368,0.000304,4
2026-06-02 21:20:40,4,0.000371,0.000351,4
2026-06-02 21:20:40,4,0.000371,0.000306,4
2026-06-02 21:20:40,4,0.000371,0.000303,4
2026-06-02 21:20:40,4,0.000374,0.000304,4
2026-06-02 21:20:40,4,0.000355,0.000291,4
2026-06-02 21:20:40,4,0.000352,0.000545,4
2026-06-02 21:20:40,4,0.000469,0.000331,4
2026-06-02 21:20:40,4,0.000392,0.000371,4
2026-06-02 21:20:40,4,0.000356,0.000296,4
2026-06-02 21:20:40,4,0.000354,0.000298,4
2026-06-02 21:20:40,4,0.000357,0.000295,4
2026-06-02 21:20:40,4,0.000356,0.000293,4
2026-06-02 21:20:40,4,0.000367,0.000305,4
2026-06-02 21:20:40,4,0.000368,0.000304,4
2026-06-02 21:20:40,4,0.000370,0.000315,4
2026-06-02 21:20:40,4,0.000369,0.000306,4
2026-06-02 21:20:40,4,0.000370,0.000302,4
2026-06-02 21:20:40,4,0.000368,0.000302,4
2026-06-02 21:20:40,4,0.000371,0.000302,4
2026-06-02 21:20:40,4,0.000370,0.000342,4
2026-06-02 21:20:40,4,0.000598,0.000354,4
2026-06-02 21:20:40,4,0.000391,0.000321,4
2026-06-02 21:20:40,4,0.000369,0.000308,4
2026-06-02 21:20:40,4,0.000368,0.000305,4
2026-06-02 21:20:40,4,0.000369,0.000306,4
2026-06-02 21:20:40,4,0.000371,0.000314,4
2026-06-02 21:20:40,4,0.000370,0.000307,4
2026-06-02 21:20:40,4,0.000370,0.000307,4
2026-06-02 21:20:40,4,0.000371,0.000327,4
2026-06-02 21:20:40,4,0.000366,0.000308,4
2026-06-02 21:20:40,4,0.000366,0.000304,4
2026-06-02 21:20:40,4,0.000366,0.000302,4
2026-06-02 21:20:40,4,0.000371,0.000304,4
2026-06-02 21:20:40,4,0.000366,0.000394,4
2026-06-02 21:20:40,4,0.000474,0.000335,4
2026-06-02 21:20:40,4,0.000397,0.000317,4
2026-06-02 21:20:40,4,0.000371,0.000310,4
2026-06-02 21:20:40,4,0.000370,0.000305,4
2026-06-02 21:20:40,4,0.000367,0.000306,4
2026-06-02 21:20:40,4,0.000371,0.000306,4
2026-06-02 21:20:40,4,0.000372,0.000311,4
2026-06-02 21:20:40,4,0.000369,0.000307,4
2026-06-02 21:20:40,4,0.000380,0.000307,4
2026-06-02 21:20:40,4,0.000370,0.000305,4
2026-06-02 21:20:40,4,0.000368,0.000304,4
2026-06-02 21:20:40,4,0.000367,0.000302,4
2026-06-02 21:20:40,4,0.000370,0.000307,4
2026-06-02 21:20:40,4,0.000370,0.000374,4
2026-06-02 21:20:40,4,0.000423,0.000327,4
2026-06-02 21:20:40,4,0.000425,0.000324,4
2026-06-02 21:20:40,4,0.000376,0.000306,4
2026-06-02 21:20:40,4,0.000373,0.000307,4
2026-06-02 21:20:40,4,0.000370,0.000310,4
2026-06-02 21:20:40,4,0.000371,0.000307,4
2026-06-02 21:20:40,4,0.000372,0.000308,4
2026-06-02 21:20:40,4,0.000367,0.000301,4
2026-06-02 21:20:40,4,0.000367,0.000309,4
2026-06-02 21:20:40,4,0.000370,0.000303,4
2026-06-02 21:20:40,4,0.000373,0.000308,4
2026-06-02 21:20:40,4,0.000370,0.000331,4
2026-06-02 21:20:40,4,0.000371,0.000304,4
2026-06-02 21:20:40,4,0.000369,0.000395,4
2026-06-02 21:20:40,4,0.000399,0.000362,4
2026-06-02 21:20:40,4,0.000436,0.000322,4
2026-06-02 21:20:40,4,0.000376,0.000306,4
2026-06-02 21:20:40,4,0.000368,0.000307,4
2026-06-02 21:20:40,4,0.000372,0.000305,4
2026-06-02 21:20:40,4,0.000372,0.000309,4
2026-06-02 21:20:40,4,0.000370,0.000307,4
2026-06-02 21:20:40,4,0.000367,0.000307,4
2026-06-02 21:20:40,4,0.000373,0.000303,4
2026-06-02 21:20:40,4,0.000377,0.000308,4
2026-06-02 21:20:40,4,0.000366,0.000302,4
2026-06-02 21:20:40,4,0.000375,0.000304,4
2026-06-02 21:20:40,4,0.000367,0.000305,4
2026-06-02 21:20:40,4,0.000368,0.000375,4
2026-06-02 21:20:40,4,0.000445,0.000324,4
2026-06-02 21:20:40,4,0.000436,0.000328,4
2026-06-02 21:20:40,4,0.000363,0.000299,4
2026-06-02 21:20:40,4,0.000374,0.000311,4
2026-06-02 21:20:40,4,0.000373,0.000305,4
2026-06-02 21:20:40,4,0.000371,0.000306,4
2026-06-02 21:20:40,4,0.000369,0.000305,4
2026-06-02 21:20:40,4,0.000369,0.000320,4
2026-06-02 21:20:40,4,0.000368,0.000307,4
2026-06-02 21:20:40,4,0.000366,0.000305,4
2026-06-02 21:20:40,4,0.000369,0.000308,4
2026-06-02 21:20:40,4,0.000369,0.000304,4
2026-06-02 21:20:40,4,0.000376,0.000305,4
2026-06-02 21:20:40,4,0.000369,0.000432,4
2026-06-02 21:20:40,4,0.000415,0.000358,4
2026-06-02 21:20:40,4,0.000430,0.000320,4
2026-06-02 21:20:40,4,0.000374,0.000308,4
2026-06-02 21:20:40,4,0.000371,0.000307,4
2026-06-02 21:20:40,4,0.000370,0.000304,4
2026-06-02 21:20:40,4,0.000369,0.000308,4
2026-06-02 21:20:40,4,0.000369,0.000311,4
2026-06-02 21:20:40,4,0.000371,0.000305,4
2026-06-02 21:20:40,4,0.000372,0.000310,4
2026-06-02 21:20:40,4,0.000370,0.000308,4
2026-06-02 21:20:40,4,0.000374,0.000311,4
2026-06-02 21:20:40,4,0.000365,0.000303,4
2026-06-02 21:20:40,4,0.000371,0.000303,4
2026-06-02 21:20:40,4,0.000368,0.000374,4
2026-06-02 21:20:40,4,0.000445,0.000366,4
2026-06-02 21:20:40,4,0.000427,0.000323,4
2026-06-02 21:20:40,4,0.000381,0.000308,4
2026-06-02 21:20:40,4,0.000372,0.000311,4
2026-06-02 21:20:40,4,0.000369,0.000306,4
2026-06-02 21:20:40,4,0.000367,0.000304,4
2026-06-02 21:20:40,4,0.000373,0.000308,4
2026-06-02 21:20:40,4,0.000371,0.000303,4
2026-06-02 21:20:40,4,0.000368,0.000309,4
2026-06-02 21:20:40,4,0.000359,0.000298,4
2026-06-02 21:20:40,4,0.000362,0.000293,4
2026-06-02 21:20:40,4,0.000359,0.000292,4
2026-06-02 21:20:40,4,0.000353,0.000291,4
2026-06-02 21:20:40,4,0.000353,0.000385,4
2026-06-02 21:20:40,4,0.000504,0.000342,4
2026-06-02 21:20:40,4,0.000426,0.000328,4
2026-06-02 21:20:40,4,0.000381,0.000292,4
2026-06-02 21:20:40,4,0.000369,0.000304,4
2026-06-02 21:20:40,4,0.000368,0.000329,4
2026-06-02 21:20:40,4,0.000368,0.000305,4
2026-06-02 21:20:40,4,0.000372,0.000311,4
2026-06-02 21:20:40,4,0.000372,0.000306,4
2026-06-02 21:20:40,4,0.000371,0.000303,4
2026-06-02 21:20:40,4,0.000373,0.000308,4
2026-06-02 21:20:40,4,0.000388,0.000311,4
2026-06-02 21:20:40,4,0.000374,0.000312,4
2026-06-02 21:20:40,4,0.000377,0.000315,4
2026-06-02 21:20:40,4,0.000376,0.000449,4
2026-06-02 21:20:40,4,0.000490,0.000338,4
2026-06-02 21:20:40,4,0.000370,0.000310,4
2026-06-02 21:20:40,4,0.000372,0.000306,4
2026-06-02 21:20:40,4,0.000368,0.000305,4
2026-06-02 21:20:40,4,0.000367,0.000304,4
2026-06-02 21:20:40,4,0.000372,0.000307,4
2026-06-02 21:20:40,4,0.000363,0.000304,4
2026-06-02 21:20:40,4,0.000369,0.000303,4
2026-06-02 21:20:40,4,0.000375,0.000308,4
2026-06-02 21:20:40,4,0.000366,0.000305,4
2026-06-02 21:20:40,4,0.000370,0.000307,4
2026-06-02 21:20:40,4,0.000371,0.000304,4
2026-06-02 21:20:40,4,0.000370,0.000304,4
2026-06-02 21:20:40,4,0.000438,0.000594,4
2026-06-02 21:20:40,4,0.000441,0.000318,4
2026-06-02 21:20:40,4,0.000379,0.000326,4
2026-06-02 21:20:40,4,0.000373,0.000310,4
2026-06-02 21:20:40,4,0.000366,0.000305,4
2026-06-02 21:20:40,4,0.000371,0.000308,4
2026-06-02 21:20:40,4,0.000372,0.000309,4
2026-06-02 21:20:40,4,0.000374,0.000307,4
2026-06-02 21:20:40,4,0.000369,0.000304,4
2026-06-02 21:20:40,4,0.000370,0.000304,4
2026-06-02 21:20:40,4,0.000370,0.000301,4
2026-06-02 21:20:40,4,0.000371,0.000303,4
2026-06-02 21:20:40,4,0.000369,0.000306,4
2026-06-02 21:20:40,4,0.000368,0.000305,4
2026-06-02 21:20:40,4,0.000523,0.000405,4
2026-06-02 21:20:40,4,0.000433,0.000324,4
2026-06-02 21:20:40,4,0.000375,0.000309,4
2026-06-02 21:20:40,4,0.000373,0.000311,4
2026-06-02 21:20:40,4,0.000372,0.000306,4
2026-06-02 21:20:40,4,0.000368,0.000308,4
2026-06-02 21:20:40,4,0.000369,0.000307,4
2026-06-02 21:20:40,4,0.000371,0.000304,4
2026-06-02 21:20:40,4,0.000368,0.000304,4
2026-06-02 21:20:40,4,0.000374,0.000314,4
2026-06-02 21:20:40,4,0.000374,0.000311,4
2026-06-02 21:20:40,4,0.000404,0.000312,4
2026-06-02 21:20:40,4,0.000378,0.000325,4
2026-06-02 21:20:40,4,0.000378,0.000457,4
2026-06-02 21:20:40,4,0.000521,0.000346,4
2026-06-02 21:20:40,4,0.000411,0.000325,4
2026-06-02 21:20:40,4,0.000382,0.000315,4
2026-06-02 21:20:40,4,0.000380,0.000314,4
2026-06-02 21:20:40,4,0.000378,0.000314,4
2026-06-02 21:20:40,4,0.000381,0.000312,4
2026-06-02 21:20:40,4,0.000378,0.000312,4
2026-06-02 21:20:40,4,0.000377,0.000311,4
2026-06-02 21:20:40,4,0.000379,0.000310,4
2026-06-02 21:20:40,4,0.000376,0.000310,4
2026-06-02 21:20:40,4,0.000378,0.000312,4
2026-06-02 21:20:40,4,0.000385,0.000308,4
2026-06-02 21:20:40,4,0.000371,0.000346,4
2026-06-02 21:20:40,4,0.000534,0.000368,4
2026-06-02 21:20:40,4,0.000385,0.000526,4
2026-06-02 21:20:40,4,0.000395,0.000320,4
2026-06-02 21:20:40,4,0.000373,0.000307,4
2026-06-02 21:20:40,4,0.000372,0.000312,4
2026-06-02 21:20:40,4,0.000372,0.000310,4
2026-06-02 21:20:40,4,0.000370,0.000307,4
2026-06-02 21:20:40,4,0.000372,0.000309,4
2026-06-02 21:20:40,4,0.000369,0.000305,4
2026-06-02 21:20:40,4,0.000369,0.000308,4
2026-06-02 21:20:40,4,0.000371,0.000303,4
2026-06-02 21:20:40,4,0.000373,0.000309,4
2026-06-02 21:20:40,4,0.000376,0.000309,4
2026-06-02 21:20:40,4,0.000370,0.000417,4
2026-06-02 21:20:40,4,0.000419,0.000326,4
2026-06-02 21:20:40,4,0.000547,0.000341,4
2026-06-02 21:20:40,4,0.000445,0.000326,4
2026-06-02 21:20:40,4,0.000390,0.000321,4
2026-06-02 21:20:40,4,0.000370,0.000306,4
2026-06-02 21:20:40,4,0.000370,0.000307,4
2026-06-02 21:20:40,4,0.000373,0.000306,4
2026-06-02 21:20:40,4,0.000369,0.000304,4
2026-06-02 21:20:40,4,0.000370,0.000306,4
2026-06-02 21:20:40,4,0.000367,0.000304,4
2026-06-02 21:20:40,4,0.000372,0.000318,4
2026-06-02 21:20:40,4,0.000375,0.000325,4
2026-06-02 21:20:40,4,0.000371,0.000301,4
2026-06-02 21:20:40,4,0.000386,0.000546,4
2026-06-02 21:20:40,4,0.000494,0.000335,4
2026-06-02 21:20:40,4,0.000416,0.000351,4
2026-06-02 21:20:40,4,0.000485,0.000508,4
2026-06-02 21:20:40,4,0.000378,0.000310,4
2026-06-02 21:20:40,4,0.000370,0.000306,4
2026-06-02 21:20:40,4,0.000381,0.000311,4
2026-06-02 21:20:40,4,0.000370,0.000305,4
2026-06-02 21:20:40,4,0.000372,0.000304,4
2026-06-02 21:20:40,4,0.000431,0.000313,4
2026-06-02 21:20:40,4,0.000393,0.000310,4
2026-06-02 21:20:40,4,0.000368,0.000307,4
2026-06-02 21:20:40,4,0.000574,0.000371,4
2026-06-02 21:20:40,4,0.000601,0.000371,4
2026-06-02 21:20:40,4,0.000402,0.000320,4
2026-06-02 21:20:40,4,0.000491,0.000334,4
2026-06-02 21:20:40,4,0.000398,0.000324,4
2026-06-02 21:20:40,4,0.000369,0.000303,4
2026-06-02 21:20:40,4,0.000368,0.000305,4
2026-06-02 21:20:40,4,0.000367,0.000305,4
2026-06-02 21:20:40,4,0.000367,0.000309,4
2026-06-02 21:20:40,4,0.000367,0.000306,4
2026-06-02 21:20:40,4,0.000378,0.000310,4
2026-06-02 21:20:40,4,0.000384,0.000309,4
2026-06-02 21:20:40,4,0.000368,0.000306,4
2026-06-02 21:20:40,4,0.000370,0.000303,4
2026-06-02 21:20:40,4,0.000403,0.000350,4
2026-06-02 21:20:40,4,0.000405,0.000364,4
2026-06-02 21:20:40,4,0.000380,0.000411,4
2026-06-02 21:20:40,4,0.000448,0.000335,4
2026-06-02 21:20:40,4,0.000382,0.000311,4
2026-06-02 21:20:40,4,0.000370,0.000303,4
2026-06-02 21:20:40,4,0.000382,0.000304,4
2026-06-02 21:20:40,4,0.000369,0.000307,4
2026-06-02 21:20:40,4,0.000371,0.000308,4
2026-06-02 21:20:40,4,0.000378,0.000310,4
2026-06-02 21:20:40,4,0.000367,0.000313,4
2026-06-02 21:20:40,4,0.000373,0.000327,4
2026-06-02 21:20:40,4,0.000368,0.000307,4
2026-06-02 21:20:40,4,0.000483,0.000317,4
2026-06-02 21:20:40,4,0.000386,0.000365,4
2026-06-02 21:20:40,4,0.000393,0.000434,4
2026-06-02 21:20:40,4,0.000394,0.000326,4
2026-06-02 21:20:40,4,0.000391,0.000315,4
2026-06-02 21:20:40,4,0.000372,0.000306,4
2026-06-02 21:20:40,4,0.000375,0.000304,4
2026-06-02 21:20:40,4,0.000373,0.000309,4
2026-06-02 21:20:40,4,0.000370,0.000309,4
2026-06-02 21:20:40,4,0.000376,0.000310,4
2026-06-02 21:20:40,4,0.000372,0.000309,4
2026-06-02 21:20:40,4,0.000385,0.000308,4
2026-06-02 21:20:40,4,0.000369,0.000308,4
2026-06-02 21:20:40,4,0.000371,0.000304,4
2026-06-02 21:20:40,4,0.000390,0.000327,4
2026-06-02 21:20:40,4,0.000390,0.000488,4
2026-06-02 21:20:40,4,0.000403,0.000337,4
2026-06-02 21:20:40,4,0.000434,0.000315,4
2026-06-02 21:20:40,4,0.000373,0.000310,4
2026-06-02 21:20:40,4,0.000368,0.000307,4
2026-06-02 21:20:40,4,0.000369,0.000303,4
2026-06-02 21:20:40,4,0.000370,0.000303,4
2026-06-02 21:20:40,4,0.000379,0.000308,4
2026-06-02 21:20:40,4,0.000375,0.000328,4
2026-06-02 21:20:40,4,0.000371,0.000308,4
2026-06-02 21:20:40,4,0.000374,0.000302,4
2026-06-02 21:20:40,4,0.000366,0.000305,4
2026-06-02 21:20:40,4,0.000468,0.000314,4
2026-06-02 21:20:40,4,0.000387,0.000417,4
2026-06-02 21:20:40,4,0.000497,0.000325,4
2026-06-02 21:20:40,4,0.000379,0.000307,4
2026-06-02 21:20:40,4,0.000371,0.000316,4
2026-06-02 21:20:40,4,0.000383,0.000312,4
2026-06-02 21:20:40,4,0.000435,0.000321,4
2026-06-02 21:20:40,4,0.000395,0.000319,4
2026-06-02 21:20:40,4,0.000378,0.000310,4
2026-06-02 21:20:40,4,0.000369,0.000309,4
2026-06-02 21:20:40,4,0.000370,0.000308,4
2026-06-02 21:20:40,4,0.000371,0.000301,4
2026-06-02 21:20:40,4,0.000373,0.000311,4
2026-06-02 21:20:40,4,0.000376,0.000304,4
2026-06-02 21:20:40,4,0.000663,0.000870,4
2026-06-02 21:20:40,4,0.000393,0.000350,4
2026-06-02 21:20:40,4,0.000413,0.000312,4
2026-06-02 21:20:40,4,0.000385,0.000310,4
2026-06-02 21:20:40,4,0.000369,0.000304,4
2026-06-02 21:20:40,4,0.000373,0.000305,4
2026-06-02 21:20:40,4,0.000371,0.000313,4
2026-06-02 21:20:40,4,0.000374,0.000316,4
2026-06-02 21:20:40,4,0.000382,0.000305,4
2026-06-02 21:20:40,4,0.000380,0.000306,4
2026-06-02 21:20:40,4,0.000372,0.000312,4
2026-06-02 21:20:40,4,0.000374,0.000305,4
2026-06-02 21:20:40,4,0.000371,0.000308,4
2026-06-02 21:20:40,4,0.000520,0.000331,4
2026-06-02 21:20:40,4,0.000548,0.000333,4
2026-06-02 21:20:40,4,0.000379,0.000317,4
2026-06-02 21:20:40,4,0.000383,0.000305,4
2026-06-02 21:20:40,4,0.000383,0.000307,4
2026-06-02 21:20:40,4,0.000370,0.000308,4
2026-06-02 21:20:40,4,0.000371,0.000309,4
2026-06-02 21:20:40,4,0.000375,0.000321,4
2026-06-02 21:20:40,4,0.000374,0.000329,4
2026-06-02 21:20:40,4,0.000379,0.000308,4
2026-06-02 21:20:40,4,0.000377,0.000306,4
2026-06-02 21:20:40,4,0.000370,0.000308,4
2026-06-02 21:20:40,4,0.000369,0.000305,4
2026-06-02 21:20:40,4,0.000378,0.000506,4
2026-06-02 21:20:40,4,0.000389,0.000312,4
2026-06-02 21:20:40,4,0.000385,0.000417,4
2026-06-02 21:20:40,4,0.000387,0.000311,4
2026-06-02 21:20:40,4,0.000371,0.000305,4
2026-06-02 21:20:40,4,0.000374,0.000316,4
2026-06-02 21:20:40,4,0.000371,0.000318,4
2026-06-02 21:20:40,4,0.000424,0.000334,4
2026-06-02 21:20:40,4,0.000383,0.000305,4
2026-06-02 21:20:40,4,0.000379,0.000304,4
2026-06-02 21:20:40,4,0.000368,0.000309,4
2026-06-02 21:20:40,4,0.000371,0.000310,4
2026-06-02 21:20:40,4,0.000368,0.000314,4
2026-06-02 21:20:40,4,0.000375,0.000321,4
2026-06-02 21:20:40,4,0.000413,0.000322,4
2026-06-02 21:20:40,4,0.000423,0.000384,4
2026-06-02 21:20:40,4,0.000405,0.000317,4
2026-06-02 21:20:40,4,0.000376,0.000305,4
2026-06-02 21:20:40,4,0.000375,0.000311,4
2026-06-02 21:20:40,4,0.000370,0.000331,4
2026-06-02 21:20:40,4,0.000379,0.000331,4
2026-06-02 21:20:40,4,0.000373,0.000318,4
2026-06-02 21:20:40,4,0.000369,0.000317,4
2026-06-02 21:20:40,4,0.000385,0.000307,4
2026-06-02 21:20:40,4,0.000379,0.000306,4
2026-06-02 21:20:40,4,0.000375,0.000301,4
2026-06-02 21:20:40,4,0.000371,0.000310,4
2026-06-02 21:20:40,4,0.000398,0.000314,4
2026-06-02 21:20:40,4,0.000404,0.000313,4
2026-06-02 21:20:40,4,0.000418,0.000325,4
2026-06-02 21:20:40,4,0.000378,0.000344,4
2026-06-02 21:20:40,4,0.000371,0.000317,4
2026-06-02 21:20:40,4,0.000381,0.000314,4
2026-06-02 21:20:40,4,0.000393,0.000311,4
2026-06-02 21:20:40,4,0.000371,0.000313,4
2026-06-02 21:20:40,4,0.000370,0.000307,4
2026-06-02 21:20:40,4,0.000370,0.000311,4
2026-06-02 21:20:40,4,0.000370,0.000315,4
2026-06-02 21:20:40,4,0.000377,0.000306,4
2026-06-02 21:20:40,4,0.000382,0.000308,4
2026-06-02 21:20:40,4,0.000385,0.000328,4
2026-06-02 21:20:40,4,0.000381,0.000303,4
2026-06-02 21:20:40,4,0.000406,0.000313,4
2026-06-02 21:20:40,4,0.000419,0.000322,4
2026-06-02 21:20:40,4,0.000373,0.000329,4
2026-06-02 21:20:40,4,0.000376,0.000309,4
2026-06-02 21:20:40,4,0.000381,0.000308,4
2026-06-02 21:20:40,4,0.000389,0.000334,4
2026-06-02 21:20:40,4,0.000381,0.000313,4
2026-06-02 21:20:40,4,0.000378,0.000309,4
2026-06-02 21:20:40,4,0.000381,0.000303,4
2026-06-02 21:20:40,4,0.000380,0.000313,4
2026-06-02 21:20:40,4,0.000372,0.000319,4
2026-06-02 21:20:40,4,0.000391,0.000312,4
2026-06-02 21:20:40,4,0.000380,0.000316,4
2026-06-02 21:20:40,4,0.000367,0.000318,4
2026-06-02 21:20:40,4,0.000387,0.000308,4
2026-06-02 21:20:40,4,0.000432,0.000318,4
2026-06-02 21:20:40,4,0.000385,0.000353,4
2026-06-02 21:20:40,4,0.000382,0.000308,4
2026-06-02 21:20:40,4,0.000388,0.000371,4
2026-06-02 21:20:40,4,0.000376,0.000318,4
2026-06-02 21:20:40,4,0.000385,0.000307,4
2026-06-02 21:20:40,4,0.000383,0.000304,4
2026-06-02 21:20:40,4,0.000370,0.000305,4
2026-06-02 21:20:40,4,0.000368,0.000303,4
2026-06-02 21:20:40,4,0.000375,0.000322,4
2026-06-02 21:20:40,4,0.000372,0.000310,4
2026-06-02 21:20:40,4,0.000371,0.000309,4
2026-06-02 21:20:40,4,0.000372,0.000373,4
2026-06-02 21:20:40,4,0.000374,0.000315,4
2026-06-02 21:20:40,4,0.000470,0.000315,4
2026-06-02 21:20:40,4,0.000374,0.000307,4
2026-06-02 21:20:40,4,0.000382,0.000321,4
2026-06-02 21:20:40,4,0.000384,0.000315,4
2026-06-02 21:20:40,4,0.000374,0.000337,4
2026-06-02 21:20:40,4,0.000371,0.000313,4
2026-06-02 21:20:40,4,0.000383,0.000304,4
2026-06-02 21:20:40,4,0.000383,0.000308,4
2026-06-02 21:20:40,4,0.000369,0.000307,4
2026-06-02 21:20:40,4,0.000419,0.000309,4
2026-06-02 21:20:40,4,0.000378,0.000304,4
2026-06-02 21:20:40,4,0.000372,0.000302,4
2026-06-02 21:20:40,4,0.000511,0.000347,4
2026-06-02 21:20:40,4,0.000388,0.000306,4
2026-06-02 21:20:40,4,0.000383,0.000306,4
2026-06-02 21:20:40,5,0.001405,0.000849,16
2026-06-02 21:20:40,5,0.001130,0.000818,16
2026-06-02 21:20:40,5,0.001328,0.000830,16
2026-06-02 21:20:40,5,0.001248,0.001025,16
2026-06-02 21:20:40,5,0.001272,0.000817,16
2026-06-02 21:20:40,5,0.001493,0.000910,16
2026-06-02 21:20:40,5,0.001111,0.000765,16
2026-06-02 21:20:40,5,0.001218,0.000775,16
2026-06-02 21:20:40,5,0.001187,0.000762,16
2026-06-02 21:20:40,5,0.001386,0.000882,16
2026-06-02 21:20:40,5,0.001332,0.000891,16
2026-06-02 21:20:40,5,0.001154,0.000765,16
2026-06-02 21:20:40,5,0.001214,0.000776,16
2026-06-02 21:20:40,5,0.001127,0.000760,16
2026-06-02 21:20:40,5,0.001125,0.001026,16
2026-06-02 21:20:40,5,0.001678,0.000872,16
2026-06-02 21:20:40,5,0.001139,0.000773,16
2026-06-02 21:20:40,5,0.001134,0.000764,16
2026-06-02 21:20:40,5,0.001139,0.000780,16
2026-06-02 21:20:40,5,0.001121,0.000752,16
2026-06-02 21:20:40,5,0.001177,0.000798,16
2026-06-02 21:20:40,5,0.001262,0.000827,16
2026-06-02 21:20:40,5,0.001142,0.000768,16
2026-06-02 21:20:40,5,0.001130,0.000780,16
2026-06-02 21:20:40,5,0.001131,0.000764,16
2026-06-02 21:20:40,5,0.001168,0.000756,16
2026-06-02 21:20:40,5,0.001421,0.000921,16
2026-06-02 21:20:40,5,0.001290,0.000815,16
2026-06-02 21:20:40,5,0.001136,0.000781,16
2026-06-02 21:20:40,5,0.001159,0.000788,16
2026-06-02 21:20:40,5,0.001112,0.000781,16
2026-06-02 21:20:40,5,0.001111,0.000750,16
2026-06-02 21:20:40,5,0.001219,0.000910,16
2026-06-02 21:20:40,5,0.001151,0.001051,16
2026-06-02 21:20:40,5,0.001154,0.000810,16
2026-06-02 21:20:40,5,0.001108,0.000755,16
2026-06-02 21:20:40,5,0.001097,0.000752,16
2026-06-02 21:20:40,5,0.001121,0.000899,16
2026-06-02 21:20:40,5,0.001175,0.000894,16
2026-06-02 21:20:40,5,0.001242,0.000857,16
2026-06-02 21:20:40,5,0.001130,0.000772,16
2026-06-02 21:20:40,5,0.001119,0.000758,16
2026-06-02 21:20:40,5,0.001106,0.000761,16
2026-06-02 21:20:40,5,0.001248,0.000838,16
2026-06-02 21:20:40,5,0.001182,0.000868,16
2026-06-02 21:20:40,5,0.001141,0.000784,16
2026-06-02 21:20:40,5,0.001108,0.000757,16
2026-06-02 21:20:40,5,0.001096,0.000763,16
2026-06-02 21:20:40,5,0.001134,0.000754,16
2026-06-02 21:20:40,5,0.001183,0.000827,16
2026-06-02 21:20:40,5,0.001198,0.000804,16
2026-06-02 21:20:40,5,0.001099,0.000754,16
2026-06-02 21:20:40,5,0.001100,0.000758,16
2026-06-02 21:20:40,5,0.001110,0.000758,16
2026-06-02 21:20:40,5,0.001100,0.000757,16
2026-06-02 21:20:40,5,0.001197,0.000848,16
2026-06-02 21:20:40,5,0.001134,0.000791,16
2026-06-02 21:20:40,5,0.001173,0.000816,16
2026-06-02 21:20:40,5,0.001106,0.000754,16
2026-06-02 21:20:40,5,0.001109,0.000757,16
2026-06-02 21:20:40,5,0.001107,0.000770,16
2026-06-02 21:20:40,5,0.001190,0.000891,16
2026-06-02 21:20:40,5,0.001148,0.000777,16
2026-06-02 21:20:40,5,0.001125,0.000771,16
2026-06-02 21:20:40,5,0.001114,0.000770,16
2026-06-02 21:20:40,5,0.001125,0.000769,16
2026-06-02 21:20:40,5,0.001114,0.000771,16
2026-06-02 21:20:40,5,0.001226,0.000808,16
2026-06-02 21:20:40,5,0.001152,0.000812,16
2026-06-02 21:20:40,5,0.001150,0.000802,16
2026-06-02 21:20:40,5,0.001153,0.000782,16
2026-06-02 21:20:40,5,0.001188,0.000787,16
2026-06-02 21:20:40,5,0.001145,0.000778,16
2026-06-02 21:20:40,5,0.001130,0.000782,16
2026-06-02 21:20:40,5,0.001104,0.000777,16
2026-06-02 21:20:40,5,0.001108,0.000756,16
2026-06-02 21:20:40,5,0.001102,0.000778,16
2026-06-02 21:20:40,5,0.001101,0.000752,16
2026-06-02 21:20:40,5,0.001099,0.000751,16
2026-06-02 21:20:40,5,0.001101,0.000750,16
2026-06-02 21:20:40,5,0.001151,0.000767,16
2026-06-02 21:20:40,5,0.001092,0.000753,16
2026-06-02 21:20:40,5,0.001094,0.000761,16
2026-06-02 21:20:40,5,0.001100,0.000754,16
2026-06-02 21:20:40,5,0.001119,0.000755,16
2026-06-02 21:20:40,5,0.001097,0.000750,16
2026-06-02 21:20:40,5,0.001094,0.000751,16
2026-06-02 21:20:40,5,0.001055,0.000720,16
2026-06-02 21:20:40,5,0.001047,0.000723,16
2026-06-02 21:20:40,5,0.001055,0.000720,16
2026-06-02 21:20:40,5,0.001051,0.000719,16
2026-06-02 21:20:40,5,0.001061,0.000765,16
2026-06-02 21:20:40,5,0.001082,0.000724,16
2026-06-02 21:20:40,5,0.001059,0.000739,16
2026-06-02 21:20:40,5,0.001052,0.000721,16
2026-06-02 21:20:40,5,0.001115,0.000934,16
2026-06-02 21:20:40,5,0.001219,0.000817,16
2026-06-02 21:20:40,5,0.001109,0.000772,16
2026-06-02 21:20:40,5,0.001163,0.000781,16
2026-06-02 21:20:40,5,0.001110,0.000775,16
2026-06-02 21:20:40,5,0.001124,0.000800,16
2026-06-02 21:20:40,5,0.001163,0.000852,16
2026-06-02 21:20:40,5,0.001153,0.000785,16
2026-06-02 21:20:40,5,0.001113,0.000854,16
2026-06-02 21:20:40,5,0.001214,0.000874,16
2026-06-02 21:20:40,5,0.001138,0.000767,16
2026-06-02 21:20:40,5,0.001135,0.000800,16
2026-06-02 21:20:40,5,0.001129,0.000764,16
2026-06-02 21:20:40,5,0.001137,0.000771,16
2026-06-02 21:20:40,5,0.001126,0.000906,16
2026-06-02 21:20:40,5,0.001271,0.000827,16
2026-06-02 21:20:40,5,0.001121,0.000767,16
2026-06-02 21:20:40,5,0.001165,0.000776,16
2026-06-02 21:20:40,5,0.001120,0.000774,16
2026-06-02 21:20:40,5,0.001106,0.000770,16
2026-06-02 21:20:40,5,0.001139,0.000861,16
2026-06-02 21:20:40,5,0.001170,0.000847,16
2026-06-02 21:20:40,5,0.001145,0.000796,16
2026-06-02 21:20:40,5,0.001148,0.000836,16
2026-06-02 21:20:40,5,0.001201,0.000814,16
2026-06-02 21:20:40,5,0.001113,0.000771,16
2026-06-02 21:20:40,5,0.001231,0.000840,16
2026-06-02 21:20:40,5,0.001175,0.000851,16
2026-06-02 21:20:40,5,0.001153,0.000809,16
2026-06-02 21:20:40,5,0.001097,0.000756,16
2026-06-02 21:20:40,5,0.001102,0.000759,16
2026-06-02 21:20:40,5,0.001114,0.000771,16
2026-06-02 21:20:40,5,0.001156,0.000930,16
2026-06-02 21:20:40,5,0.001233,0.000931,16
2026-06-02 21:20:40,5,0.001136,0.000787,16
2026-06-02 21:20:40,5,0.001098,0.000760,16
2026-06-02 21:20:40,5,0.001102,0.000770,16
2026-06-02 21:20:40,5,0.001113,0.000767,16
2026-06-02 21:20:40,5,0.001294,0.000823,16
2026-06-02 21:20:40,5,0.001265,0.000809,16
2026-06-02 21:20:40,5,0.001108,0.000754,16
2026-06-02 21:20:40,5,0.001107,0.000758,16
2026-06-02 21:20:40,5,0.001114,0.000787,16
2026-06-02 21:20:40,5,0.001103,0.001075,16
2026-06-02 21:20:40,5,0.001261,0.000916,16
2026-06-02 21:20:40,5,0.001158,0.000799,16
2026-06-02 21:20:40,5,0.001106,0.000758,16
2026-06-02 21:20:40,5,0.001110,0.000768,16
2026-06-02 21:20:40,5,0.001726,0.000820,16
2026-06-02 21:20:40,5,0.001407,0.001014,16
2026-06-02 21:20:40,5,0.001174,0.000806,16
2026-06-02 21:20:40,5,0.001102,0.000759,16
2026-06-02 21:20:40,5,0.001091,0.000770,16
2026-06-02 21:20:40,5,0.001119,0.000761,16
2026-06-02 21:20:40,5,0.001103,0.000923,16
2026-06-02 21:20:40,5,0.001509,0.000822,16
2026-06-02 21:20:40,5,0.001100,0.000761,16
2026-06-02 21:20:40,5,0.001109,0.000762,16
2026-06-02 21:20:40,5,0.001152,0.000775,16
2026-06-02 21:20:40,5,0.001110,0.000756,16
2026-06-02 21:20:40,5,0.001804,0.000842,16
2026-06-02 21:20:40,5,0.001091,0.000789,16
2026-06-02 21:20:40,5,0.001104,0.000780,16
2026-06-02 21:20:40,5,0.001122,0.000764,16
2026-06-02 21:20:40,5,0.001098,0.000771,16
2026-06-02 21:20:40,5,0.001094,0.000752,16
2026-06-02 21:20:40,5,0.001916,0.000940,16
2026-06-02 21:20:40,5,0.001131,0.000775,16
2026-06-02 21:20:40,5,0.001101,0.000846,16
2026-06-02 21:20:40,5,0.001100,0.000756,16
2026-06-02 21:20:40,5,0.001104,0.000755,16
2026-06-02 21:20:40,5,0.001097,0.001724,16
2026-06-02 21:20:40,5,0.001155,0.000800,16
2026-06-02 21:20:40,5,0.001101,0.000758,16
2026-06-02 21:20:40,5,0.001107,0.000762,16
2026-06-02 21:20:40,5,0.001118,0.000755,16
2026-06-02 21:20:40,5,0.001103,0.000753,16
2026-06-02 21:20:40,5,0.001265,0.001460,16
2026-06-02 21:20:40,5,0.001147,0.000786,16
2026-06-02 21:20:40,5,0.001107,0.000846,16
2026-06-02 21:20:40,5,0.001113,0.000755,16
2026-06-02 21:20:40,5,0.001109,0.000755,16
2026-06-02 21:20:40,5,0.001100,0.000803,16
2026-06-02 21:20:40,5,0.001252,0.000864,16
2026-06-02 21:20:40,5,0.001124,0.000756,16
2026-06-02 21:20:40,5,0.001105,0.000753,16
2026-06-02 21:20:40,5,0.001093,0.000831,16
2026-06-02 21:20:40,5,0.001122,0.000787,16
2026-06-02 21:20:40,5,0.001107,0.000932,16
2026-06-02 21:20:40,5,0.001369,0.001010,16
2026-06-02 21:20:40,5,0.001187,0.000763,16
2026-06-02 21:20:40,5,0.001100,0.000762,16
2026-06-02 21:20:40,5,0.001098,0.000809,16
2026-06-02 21:20:40,5,0.001143,0.000761,16
2026-06-02 21:20:40,5,0.001713,0.000928,16
2026-06-02 21:20:40,5,0.001152,0.000786,16
2026-06-02 21:20:40,5,0.001105,0.000773,16
2026-06-02 21:20:40,5,0.001101,0.000756,16
2026-06-02 21:20:40,5,0.001137,0.000759,16
2026-06-02 21:20:40,5,0.001097,0.000755,16
2026-06-02 21:20:40,5,0.001561,0.001005,16
2026-06-02 21:20:40,5,0.001158,0.000881,16
2026-06-02 21:20:40,5,0.001106,0.000761,16
2026-06-02 21:20:40,5,0.001105,0.000757,16
2026-06-02 21:20:40,5,0.001142,0.000762,16
2026-06-02 21:20:40,5,0.001097,0.000750,16
2026-06-02 21:20:40,5,0.001231,0.000815,16
2026-06-02 21:20:40,5,0.001127,0.000779,16
2026-06-02 21:20:40,5,0.001088,0.000753,16
2026-06-02 21:20:40,5,0.001096,0.000809,16
2026-06-02 21:20:40,5,0.001109,0.000763,16
2026-06-02 21:20:40,5,0.001105,0.001025,16
2026-06-02 21:20:40,5,0.001248,0.000819,16
2026-06-02 21:20:40,5,0.001120,0.000775,16
2026-06-02 21:20:40,5,0.001117,0.000754,16
2026-06-02 21:20:40,5,0.001114,0.000776,16
2026-06-02 21:20:40,5,0.001109,0.000768,16
2026-06-02 21:20:40,5,0.001117,0.001288,16
2026-06-02 21:20:40,5,0.001153,0.000803,16
2026-06-02 21:20:40,5,0.001102,0.000756,16
2026-06-02 21:20:40,5,0.001095,0.000757,16
2026-06-02 21:20:40,5,0.001196,0.000771,16
2026-06-02 21:20:40,5,0.001110,0.000764,16
2026-06-02 21:20:40,5,0.001532,0.000919,16
2026-06-02 21:20:40,5,0.001151,0.000800,16
2026-06-02 21:20:40,5,0.001099,0.000755,16
2026-06-02 21:20:40,5,0.001116,0.000773,16
2026-06-02 21:20:40,5,0.001233,0.000824,16
2026-06-02 21:20:40,5,0.001116,0.000757,16
2026-06-02 21:20:40,5,0.001681,0.000875,16
2026-06-02 21:20:40,5,0.001118,0.000757,16
2026-06-02 21:20:40,5,0.001104,0.000757,16
2026-06-02 21:20:40,5,0.001114,0.000782,16
2026-06-02 21:20:40,5,0.001103,0.000753,16
2026-06-02 21:20:40,5,0.001095,0.000755,16
2026-06-02 21:20:40,5,0.001251,0.001153,16
2026-06-02 21:20:40,5,0.001360,0.000798,16
2026-06-02 21:20:40,5,0.001194,0.000775,16
2026-06-02 21:20:40,5,0.001099,0.000764,16
2026-06-02 21:20:40,5,0.001112,0.000756,16
2026-06-02 21:20:40,5,0.002100,0.001771,16
2026-06-02 21:20:40,5,0.001409,0.000816,16
2026-06-02 21:20:40,5,0.001124,0.000764,16
2026-06-02 21:20:40,5,0.001097,0.000754,16
2026-06-02 21:20:40,5,0.001100,0.000751,16
2026-06-02 21:20:40,5,0.001680,0.001615,16
2026-06-02 21:20:40,5,0.001516,0.000827,16
2026-06-02 21:20:40,5,0.001123,0.000772,16
2026-06-02 21:20:40,5,0.001109,0.000759,16
2026-06-02 21:20:40,5,0.001093,0.000803,16
2026-06-02 21:20:40,5,0.001105,0.000770,16
2026-06-02 21:20:40,5,0.001336,0.000924,16
2026-06-02 21:20:40,5,0.001361,0.000802,16
2026-06-02 21:20:40,5,0.001112,0.000754,16
2026-06-02 21:20:40,5,0.001204,0.000759,16
2026-06-02 21:20:40,5,0.001127,0.000758,16
2026-06-02 21:20:40,5,0.002021,0.000844,16
2026-06-02 21:20:40,5,0.001122,0.000763,16
2026-06-02 21:20:40,5,0.001099,0.000759,16
2026-06-02 21:20:40,5,0.001093,0.000771,16
2026-06-02 21:20:40,5,0.001104,0.000760,16
2026-06-02 21:20:40,5,0.001100,0.000757,16
2026-06-02 21:20:40,5,0.001738,0.000924,16
2026-06-02 21:20:40,5,0.001127,0.000770,16
2026-06-02 21:20:40,5,0.001107,0.000749,16
2026-06-02 21:20:40,5,0.001107,0.000838,16
2026-06-02 21:20:40,5,0.001108,0.000754,16
2026-06-02 21:20:40,5,0.001097,0.000924,16
2026-06-02 21:20:40,5,0.001407,0.001078,16
2026-06-02 21:20:40,5,0.001108,0.000761,16
2026-06-02 21:20:40,5,0.001097,0.000755,16
2026-06-02 21:20:40,5,0.001088,0.000813,16
2026-06-02 21:20:40,5,0.001093,0.000749,16
2026-06-02 21:20:40,5,0.001417,0.001192,16
2026-06-02 21:20:40,5,0.001150,0.000785,16
2026-06-02 21:20:40,5,0.001106,0.000753,16
2026-06-02 21:20:40,5,0.001093,0.000754,16
2026-06-02 21:20:40,5,0.001119,0.000763,16
2026-06-02 21:20:40,5,0.001106,0.000760,16
2026-06-02 21:20:40,5,0.001504,0.001485,16
2026-06-02 21:20:40,5,0.001515,0.000813,16
2026-06-02 21:20:40,5,0.001113,0.000764,16
2026-06-02 21:20:40,5,0.001095,0.000760,16
2026-06-02 21:20:40,5,0.001115,0.000805,16
2026-06-02 21:20:40,5,0.001146,0.002184,16
2026-06-02 21:20:40,5,0.001944,0.000843,16
2026-06-02 21:20:40,5,0.001138,0.000771,16
2026-06-02 21:20:40,5,0.001118,0.000778,16
2026-06-02 21:20:40,5,0.001176,0.000793,16
2026-06-02 21:20:40,5,0.001107,0.001053,16
2026-06-02 21:20:40,5,0.001340,0.000955,16
2026-06-02 21:20:40,5,0.001165,0.000812,16
2026-06-02 21:20:40,5,0.001110,0.000770,16
2026-06-02 21:20:40,5,0.001144,0.000784,16
2026-06-02 21:20:40,5,0.001116,0.000762,16
2026-06-02 21:20:40,5,0.001387,0.000843,16
2026-06-02 21:20:40,5,0.001279,0.000872,16
2026-06-02 21:20:40,5,0.001116,0.000754,16
2026-06-02 21:20:40,5,0.001111,0.000773,16
2026-06-02 21:20:40,5,0.001337,0.000841,16
2026-06-02 21:20:40,5,0.001112,0.000901,16
2026-06-02 21:20:40,5,0.001757,0.000827,16
2026-06-02 21:20:40,5,0.001122,0.000761,16
2026-06-02 21:20:40,5,0.001202,0.000769,16
2026-06-02 21:20:40,5,0.001096,0.000790,16
2026-06-02 21:20:40,5,0.001106,0.000759,16
2026-06-02 21:20:40,5,0.002766,0.000960,16
2026-06-02 21:20:40,5,0.001225,0.000781,16
2026-06-02 21:20:40,5,0.001193,0.000771,16
2026-06-02 21:20:40,5,0.001109,0.000752,16
2026-06-02 21:20:40,5,0.001099,0.000759,16
2026-06-02 21:20:40,5,0.001554,0.001384,16
2026-06-02 21:20:40,5,0.001394,0.000796,16
2026-06-02 21:20:40,5,0.001104,0.000844,16
2026-06-02 21:20:40,5,0.001098,0.000760,16
2026-06-02 21:20:40,5,0.001130,0.000785,16
2026-06-02 21:20:40,5,0.001100,0.000816,16
2026-06-02 21:20:40,5,0.001779,0.000825,16
2026-06-02 21:20:40,5,0.001115,0.000764,16
2026-06-02 21:20:40,5,0.001112,0.000768,16
2026-06-02 21:20:40,5,0.001096,0.000882,16
2026-06-02 21:20:40,5,0.001106,0.000755,16
2026-06-02 21:20:40,5,0.001102,0.001537,16
2026-06-02 21:20:40,5,0.001304,0.000821,16
2026-06-02 21:20:40,5,0.001200,0.000758,16
2026-06-02 21:20:40,5,0.001096,0.000754,16
2026-06-02 21:20:40,5,0.001125,0.000724,16
2026-06-02 21:20:40,5,0.001060,0.000728,16
2026-06-02 21:20:40,5,0.001399,0.001606,16
2026-06-02 21:20:40,5,0.001388,0.000807,16
2026-06-02 21:20:40,5,0.001111,0.000758,16
2026-06-02 21:20:40,5,0.001094,0.000753,16
2026-06-02 21:20:40,5,0.001212,0.000761,16
2026-06-02 21:20:40,5,0.001103,0.000757,16
2026-06-02 21:20:40,5,0.001892,0.000872,16
2026-06-02 21:20:40,5,0.001115,0.000761,16
2026-06-02 21:20:40,5,0.001102,0.000760,16
2026-06-02 21:20:40,5,0.001098,0.000753,16
2026-06-02 21:20:40,5,0.001098,0.000751,16
2026-06-02 21:20:40,5,0.001095,0.001381,16
2026-06-02 21:20:40,5,0.001604,0.000812,16
2026-06-02 21:20:40,5,0.001099,0.000751,16
2026-06-02 21:20:40,5,0.001091,0.000753,16
2026-06-02 21:20:40,5,0.001170,0.000757,16
2026-06-02 21:20:40,5,0.001096,0.000749,16
2026-06-02 21:20:40,5,0.003143,0.000976,16
2026-06-02 21:20:40,5,0.001138,0.000800,16
2026-06-02 21:20:40,5,0.001132,0.000756,16
2026-06-02 21:20:40,5,0.001102,0.000799,16
2026-06-02 21:20:40,5,0.001095,0.000755,16
2026-06-02 21:20:40,5,0.001293,0.001344,16
2026-06-02 21:20:40,5,0.001237,0.000822,16
2026-06-02 21:20:40,5,0.001107,0.000759,16
2026-06-02 21:20:40,5,0.001103,0.000779,16
2026-06-02 21:20:40,5,0.001126,0.000765,16
2026-06-02 21:20:40,5,0.001105,0.000754,16
2026-06-02 21:20:40,5,0.001550,0.000854,16
2026-06-02 21:20:40,5,0.001147,0.000794,16
2026-06-02 21:20:40,5,0.001099,0.000757,16
2026-06-02 21:20:40,5,0.001101,0.000751,16
2026-06-02 21:20:40,5,0.001100,0.000755,16
2026-06-02 21:20:40,5,0.001105,0.000753,16
2026-06-02 21:20:40,5,0.001289,0.000867,16
2026-06-02 21:20:40,5,0.001155,0.000789,16
2026-06-02 21:20:40,5,0.001117,0.000772,16
2026-06-02 21:20:40,5,0.001108,0.000757,16
2026-06-02 21:20:40,5,0.001117,0.000770,16
2026-06-02 21:20:40,5,0.001108,0.000776,16
2026-06-02 21:20:40,5,0.001214,0.000856,16
2026-06-02 21:20:40,5,0.001110,0.000753,16
2026-06-02 21:20:40,5,0.001104,0.000753,16
2026-06-02 21:20:40,5,0.001096,0.000808,16
2026-06-02 21:20:40,5,0.001099,0.000759,16
2026-06-02 21:20:40,5,0.001088,0.000811,16
2026-06-02 21:20:40,5,0.001204,0.001168,16
2026-06-02 21:20:40,5,0.001120,0.000765,16
2026-06-02 21:20:40,5,0.001101,0.000761,16
2026-06-02 21:20:40,5,0.001108,0.000806,16
2026-06-02 21:20:40,5,0.001109,0.000756,16
2026-06-02 21:20:40,5,0.001097,0.001226,16
2026-06-02 21:20:40,5,0.001150,0.000801,16
2026-06-02 21:20:40,5,0.001099,0.000758,16
2026-06-02 21:20:40,5,0.001110,0.000758,16
2026-06-02 21:20:40,5,0.001117,0.000756,16
2026-06-02 21:20:40,5,0.001092,0.000754,16
2026-06-02 21:20:40,5,0.001152,0.000850,16
2026-06-02 21:20:40,5,0.001241,0.000851,16
2026-06-02 21:20:40,5,0.001114,0.000764,16
2026-06-02 21:20:40,5,0.001100,0.000763,16
2026-06-02 21:20:40,5,0.001111,0.000770,16
2026-06-02 21:20:40,5,0.001105,0.000761,16
2026-06-02 21:20:40,5,0.001214,0.000814,16
2026-06-02 21:20:40,5,0.001149,0.000803,16
2026-06-02 21:20:40,5,0.001254,0.000993,16
2026-06-02 21:20:40,5,0.001124,0.000762,16
2026-06-02 21:20:40,5,0.001096,0.000757,16
2026-06-02 21:20:40,5,0.001200,0.000802,16
2026-06-02 21:20:40,5,0.001170,0.000839,16
2026-06-02 21:20:40,5,0.001132,0.000771,16
2026-06-02 21:20:40,5,0.001126,0.000763,16
2026-06-02 21:20:40,5,0.001110,0.000771,16
2026-06-02 21:20:40,5,0.001131,0.000774,16
2026-06-02 21:20:40,5,0.001505,0.000789,16
2026-06-02 21:20:40,5,0.001149,0.000779,16
2026-06-02 21:20:40,5,0.001120,0.000771,16
2026-06-02 21:20:40,5,0.001110,0.000766,16
2026-06-02 21:20:40,5,0.001118,0.000762,16
2026-06-02 21:20:40,5,0.001123,0.000776,16
2026-06-02 21:20:40,5,0.001120,0.000760,16
2026-06-02 21:20:40,5,0.001131,0.000784,16
2026-06-02 21:20:40,5,0.001102,0.000753,16
2026-06-02 21:20:40,5,0.001096,0.000757,16
2026-06-02 21:20:40,5,0.001094,0.000798,16
2026-06-02 21:20:40,5,0.001104,0.000757,16
2026-06-02 21:20:40,5,0.001105,0.000755,16
2026-06-02 21:20:40,5,0.001095,0.000754,16
2026-06-02 21:20:40,5,0.001115,0.000756,16
2026-06-02 21:20:40,5,0.001060,0.000738,16
2026-06-02 21:20:40,5,0.001055,0.000732,16
2026-06-02 21:20:40,5,0.001054,0.000724,16
2026-06-02 21:20:40,5,0.001112,0.000719,16
2026-06-02 21:20:40,5,0.001089,0.000721,16
2026-06-02 21:20:40,5,0.001051,0.000724,16
2026-06-02 21:20:40,5,0.001051,0.000727,16
2026-06-02 21:20:40,5,0.001146,0.000722,16
2026-06-02 21:20:40,5,0.001050,0.000718,16
2026-06-02 21:20:40,5,0.001057,0.000725,16
2026-06-02 21:20:40,5,0.001051,0.000728,16
2026-06-02 21:20:40,5,0.001054,0.000730,16
2026-06-02 21:20:40,5,0.001058,0.000723,16
2026-06-02 21:20:40,5,0.001052,0.000722,16
2026-06-02 21:20:40,5,0.001055,0.000724,16
2026-06-02 21:20:40,5,0.001047,0.000723,16
2026-06-02 21:20:40,5,0.001058,0.000717,16
2026-06-02 21:20:40,5,0.001092,0.000721,16
2026-06-02 21:20:40,5,0.001048,0.000719,16
2026-06-02 21:20:40,5,0.001060,0.000717,16
2026-06-02 21:20:40,5,0.001046,0.000723,16
2026-06-02 21:20:40,5,0.001054,0.000723,16
2026-06-02 21:20:40,5,0.001052,0.000772,16
2026-06-02 21:20:40,5,0.001057,0.000720,16
2026-06-02 21:20:40,5,0.001046,0.000721,16
2026-06-02 21:20:40,5,0.001052,0.000737,16
2026-06-02 21:20:40,5,0.001061,0.000774,16
2026-06-02 21:20:40,5,0.001066,0.000721,16
2026-06-02 21:20:40,5,0.001095,0.000728,16
2026-06-02 21:20:40,5,0.001056,0.000721,16
2026-06-02 21:20:40,5,0.001090,0.000792,16
2026-06-02 21:20:40,5,0.001052,0.000719,16
2026-06-02 21:20:40,5,0.001054,0.000721,16
2026-06-02 21:20:40,5,0.001051,0.000732,16
2026-06-02 21:20:40,5,0.001117,0.000722,16
2026-06-02 21:20:40,5,0.001047,0.000718,16
2026-06-02 21:20:40,5,0.001050,0.000719,16
2026-06-02 21:20:40,5,0.001058,0.000719,16
2026-06-02 21:20:40,5,0.001109,0.000722,16
2026-06-02 21:20:40,5,0.001047,0.000722,16
2026-06-02 21:20:40,5,0.001049,0.000722,16
2026-06-02 21:20:40,5,0.001049,0.000720,16
2026-06-02 21:20:40,5,0.001135,0.000728,16
2026-06-02 21:20:40,5,0.001075,0.000741,16
2026-06-02 21:20:40,5,0.001054,0.000722,16
2026-06-02 21:20:40,5,0.001054,0.000724,16
2026-06-02 21:20:40,5,0.001111,0.000718,16
2026-06-02 21:20:40,5,0.001051,0.000719,16
2026-06-02 21:20:40,5,0.001076,0.000722,16
2026-06-02 21:20:40,5,0.001064,0.000723,16
2026-06-02 21:20:40,5,0.001114,0.000772,16
2026-06-02 21:20:40,5,0.001052,0.000727,16
2026-06-02 21:20:40,5,0.001059,0.000726,16
2026-06-02 21:20:40,5,0.001057,0.000718,16
2026-06-02 21:20:40,5,0.001062,0.000730,16
2026-06-02 21:20:40,5,0.001083,0.000915,16
2026-06-02 21:20:40,5,0.001299,0.000773,16
2026-06-02 21:20:40,5,0.001137,0.000773,16
2026-06-02 21:20:40,5,0.001102,0.000756,16
2026-06-02 21:20:40,5,0.001098,0.000752,16
2026-06-02 21:20:40,5,0.001096,0.000751,16
2026-06-02 21:20:40,5,0.001114,0.000757,16
2026-06-02 21:20:40,5,0.001103,0.000749,16
2026-06-02 21:20:40,5,0.001093,0.000754,16
2026-06-02 21:20:40,5,0.001113,0.000790,16
2026-06-02 21:20:40,5,0.001089,0.000727,16
2026-06-02 21:20:40,5,0.001053,0.000726,16
2026-06-02 21:20:40,5,0.001049,0.000726,16
2026-06-02 21:20:40,5,0.001129,0.001045,16
2026-06-02 21:20:40,5,0.001162,0.000788,16
2026-06-02 21:20:40,5,0.001122,0.000773,16
2026-06-02 21:20:40,5,0.001116,0.000770,16
2026-06-02 21:20:40,5,0.001115,0.000756,16
2026-06-02 21:20:40,5,0.001108,0.000767,16
2026-06-02 21:20:40,5,0.001118,0.000923,16
2026-06-02 21:20:40,5,0.001133,0.000783,16
2026-06-02 21:20:40,5,0.001124,0.000760,16
2026-06-02 21:20:40,5,0.001120,0.000767,16
2026-06-02 21:20:40,5,0.001111,0.000770,16
2026-06-02 21:20:40,5,0.001113,0.000757,16
2026-06-02 21:20:40,5,0.001120,0.000836,16
2026-06-02 21:20:40,5,0.001139,0.000758,16
2026-06-02 21:20:40,5,0.001127,0.000770,16
2026-06-02 21:20:40,5,0.001116,0.000766,16
2026-06-02 21:20:40,5,0.001112,0.000753,16
2026-06-02 21:20:40,5,0.001119,0.000765,16
2026-06-02 21:20:40,5,0.001117,0.000764,16
2026-06-02 21:20:40,5,0.001085,0.000727,16
2026-06-02 21:20:40,6,0.000981,0.000453,8
2026-06-02 21:20:40,6,0.000923,0.000434,8
2026-06-02 21:20:40,6,0.001023,0.000561,8
2026-06-02 21:20:40,6,0.001118,0.000705,8
2026-06-02 21:20:40,6,0.001035,0.000485,8
2026-06-02 21:20:40,6,0.001054,0.000486,8
2026-06-02 21:20:40,6,0.000979,0.000454,8
2026-06-02 21:20:40,6,0.000968,0.000486,8
2026-06-02 21:20:40,6,0.000998,0.000677,8
2026-06-02 21:20:40,6,0.002766,0.000517,8
2026-06-02 21:20:40,6,0.001375,0.000597,8
2026-06-02 21:20:40,6,0.001076,0.000485,8
2026-06-02 21:20:40,6,0.000998,0.000464,8
2026-06-02 21:20:40,6,0.000987,0.000467,8
2026-06-02 21:20:40,6,0.001410,0.000595,8
2026-06-02 21:20:40,6,0.001162,0.000479,8
2026-06-02 21:20:40,6,0.001026,0.000477,8
2026-06-02 21:20:40,6,0.001197,0.000454,8
2026-06-02 21:20:40,6,0.001000,0.000457,8
2026-06-02 21:20:40,6,0.001990,0.001103,8
2026-06-02 21:20:40,6,0.001934,0.004403,8
2026-06-02 21:20:40,6,0.001394,0.000761,8
2026-06-02 21:20:40,6,0.002538,0.000764,8
2026-06-02 21:20:40,6,0.001306,0.000529,8
2026-06-02 21:20:40,6,0.001089,0.000517,8
2026-06-02 21:20:40,6,0.001087,0.000519,8
2026-06-02 21:20:40,6,0.001118,0.000520,8
2026-06-02 21:20:40,6,0.001193,0.000626,8
2026-06-02 21:20:40,6,0.001037,0.000492,8
2026-06-02 21:20:40,6,0.000994,0.000462,8
2026-06-02 21:20:40,6,0.000971,0.000451,8
2026-06-02 21:20:40,6,0.000971,0.000462,8
2026-06-02 21:20:40,6,0.000974,0.000456,8
2026-06-02 21:20:40,6,0.001051,0.000508,8
2026-06-02 21:20:40,6,0.000987,0.000453,8
2026-06-02 21:20:40,6,0.000967,0.000457,8
2026-06-02 21:20:40,6,0.000971,0.000460,8
2026-06-02 21:20:40,6,0.001027,0.000463,8
2026-06-02 21:20:40,6,0.000973,0.000462,8
2026-06-02 21:20:40,6,0.001078,0.000488,8
2026-06-02 21:20:40,6,0.000976,0.000454,8
2026-06-02 21:20:40,6,0.000965,0.000448,8
2026-06-02 21:20:40,6,0.000959,0.000451,8
2026-06-02 21:20:40,6,0.000963,0.000454,8
2026-06-02 21:20:40,6,0.000968,0.000449,8
2026-06-02 21:20:40,6,0.000994,0.000480,8
2026-06-02 21:20:40,6,0.000972,0.000685,8
2026-06-02 21:20:40,6,0.000968,0.000451,8
2026-06-02 21:20:40,6,0.000992,0.000486,8
2026-06-02 21:20:40,6,0.001010,0.000474,8
2026-06-02 21:20:40,6,0.001048,0.000460,8
2026-06-02 21:20:40,6,0.001030,0.000468,8
2026-06-02 21:20:40,6,0.000994,0.000447,8
2026-06-02 21:20:40,6,0.000964,0.000449,8
2026-06-02 21:20:40,6,0.000989,0.000518,8
2026-06-02 21:20:40,6,0.001089,0.000494,8
2026-06-02 21:20:40,6,0.000989,0.000460,8
2026-06-02 21:20:40,6,0.001227,0.000497,8
2026-06-02 21:20:40,6,0.000973,0.000616,8
2026-06-02 21:20:40,6,0.000972,0.000449,8
2026-06-02 21:20:40,6,0.000969,0.000447,8
2026-06-02 21:20:40,6,0.000987,0.000473,8
2026-06-02 21:20:40,6,0.000966,0.000454,8
2026-06-02 21:20:40,6,0.001000,0.000464,8
2026-06-02 21:20:40,6,0.000979,0.000454,8
2026-06-02 21:20:40,6,0.000966,0.000450,8
2026-06-02 21:20:40,6,0.000956,0.000470,8
2026-06-02 21:20:40,6,0.000963,0.000451,8
2026-06-02 21:20:40,6,0.001005,0.000453,8
2026-06-02 21:20:40,6,0.000985,0.000479,8
2026-06-02 21:20:40,6,0.000993,0.000483,8
2026-06-02 21:20:40,6,0.001028,0.000488,8
2026-06-02 21:20:40,6,0.000974,0.000479,8
2026-06-02 21:20:40,6,0.000970,0.000449,8
2026-06-02 21:20:40,6,0.000968,0.000451,8
2026-06-02 21:20:40,6,0.001005,0.000472,8
2026-06-02 21:20:40,6,0.000968,0.000451,8
2026-06-02 21:20:40,6,0.000965,0.000452,8
2026-06-02 21:20:40,6,0.000962,0.000452,8
2026-06-02 21:20:40,6,0.000964,0.000452,8
2026-06-02 21:20:40,6,0.000968,0.000448,8
2026-06-02 21:20:40,6,0.000976,0.000470,8
2026-06-02 21:20:40,6,0.000957,0.000453,8
2026-06-02 21:20:40,6,0.001034,0.000511,8
2026-06-02 21:20:40,6,0.000977,0.000454,8
2026-06-02 21:20:40,6,0.000962,0.000452,8
2026-06-02 21:20:40,6,0.000982,0.000451,8
2026-06-02 21:20:40,6,0.001064,0.000490,8
2026-06-02 21:20:40,6,0.000965,0.000451,8
2026-06-02 21:20:40,6,0.000955,0.000449,8
2026-06-02 21:20:40,6,0.000963,0.000452,8
2026-06-02 21:20:40,6,0.000960,0.000451,8
2026-06-02 21:20:40,6,0.000953,0.000428,8
2026-06-02 21:20:40,6,0.000942,0.000429,8
2026-06-02 21:20:40,6,0.000980,0.000458,8
2026-06-02 21:20:40,6,0.000967,0.000448,8
2026-06-02 21:20:40,6,0.000964,0.000451,8
2026-06-02 21:20:40,6,0.000976,0.000448,8
2026-06-02 21:20:40,6,0.000959,0.000450,8
2026-06-02 21:20:40,6,0.000961,0.000444,8
2026-06-02 21:20:40,6,0.000965,0.000443,8
2026-06-02 21:20:40,6,0.000993,0.000451,8
2026-06-02 21:20:40,6,0.000966,0.000445,8
2026-06-02 21:20:40,6,0.000959,0.000444,8
2026-06-02 21:20:40,6,0.000958,0.000445,8
2026-06-02 21:20:40,6,0.000965,0.000453,8
2026-06-02 21:20:40,6,0.000957,0.000449,8
2026-06-02 21:20:40,6,0.000961,0.000450,8
2026-06-02 21:20:40,6,0.000958,0.000447,8
2026-06-02 21:20:40,6,0.000962,0.000451,8
2026-06-02 21:20:40,6,0.000959,0.000464,8
2026-06-02 21:20:40,6,0.000959,0.000451,8
2026-06-02 21:20:40,6,0.000949,0.000487,8
2026-06-02 21:20:40,6,0.000953,0.000445,8
2026-06-02 21:20:40,6,0.000957,0.000449,8
2026-06-02 21:20:40,6,0.000961,0.000445,8
2026-06-02 21:20:40,6,0.000985,0.000432,8
2026-06-02 21:20:40,6,0.000927,0.000430,8
2026-06-02 21:20:40,6,0.000970,0.000428,8
2026-06-02 21:20:40,6,0.000919,0.000427,8
2026-06-02 21:20:40,6,0.000970,0.000429,8
2026-06-02 21:20:40,6,0.000922,0.000429,8
2026-06-02 21:20:40,6,0.000916,0.000429,8
2026-06-02 21:20:40,6,0.000922,0.000426,8
2026-06-02 21:20:40,6,0.000936,0.000426,8
2026-06-02 21:20:40,6,0.000922,0.000429,8
2026-06-02 21:20:40,6,0.000918,0.000428,8
2026-06-02 21:20:40,6,0.000919,0.000428,8
2026-06-02 21:20:40,6,0.000931,0.000427,8
2026-06-02 21:20:40,6,0.000918,0.000427,8
2026-06-02 21:20:40,6,0.000920,0.000460,8
2026-06-02 21:20:40,6,0.000970,0.000431,8
2026-06-02 21:20:40,6,0.000928,0.000427,8
2026-06-02 21:20:40,6,0.000922,0.000428,8
2026-06-02 21:20:40,6,0.000917,0.000429,8
2026-06-02 21:20:40,6,0.000917,0.000440,8
2026-06-02 21:20:40,6,0.000974,0.000460,8
2026-06-02 21:20:40,6,0.000971,0.000542,8
2026-06-02 21:20:40,6,0.000959,0.000446,8
2026-06-02 21:20:40,6,0.000968,0.000463,8
2026-06-02 21:20:40,6,0.000965,0.000449,8
2026-06-02 21:20:40,6,0.000954,0.000446,8
2026-06-02 21:20:40,6,0.000955,0.000447,8
2026-06-02 21:20:40,6,0.000998,0.000458,8
2026-06-02 21:20:40,6,0.001006,0.000476,8
2026-06-02 21:20:40,6,0.000965,0.000451,8
2026-06-02 21:20:40,6,0.000963,0.000451,8
2026-06-02 21:20:40,6,0.000961,0.000454,8
2026-06-02 21:20:40,6,0.000964,0.000453,8
2026-06-02 21:20:40,6,0.000957,0.000446,8
2026-06-02 21:20:40,6,0.000954,0.000461,8
2026-06-02 21:20:40,6,0.000957,0.000448,8
2026-06-02 21:20:40,6,0.000960,0.000446,8
2026-06-02 21:20:40,6,0.000957,0.000448,8
2026-06-02 21:20:40,6,0.000997,0.000448,8
2026-06-02 21:20:40,6,0.000960,0.000449,8
2026-06-02 21:20:40,6,0.000953,0.000446,8
2026-06-02 21:20:40,6,0.000937,0.000434,8
2026-06-02 21:20:40,6,0.000932,0.000431,8
2026-06-02 21:20:40,6,0.000918,0.000431,8
2026-06-02 21:20:40,6,0.000920,0.000429,8
2026-06-02 21:20:40,6,0.000925,0.000430,8
2026-06-02 21:20:40,6,0.000923,0.000429,8
2026-06-02 21:20:40,6,0.000923,0.000430,8
2026-06-02 21:20:40,6,0.000916,0.000427,8
2026-06-02 21:20:40,6,0.000927,0.000429,8
2026-06-02 21:20:40,6,0.000920,0.000429,8
2026-06-02 21:20:40,6,0.000920,0.000427,8
2026-06-02 21:20:40,6,0.000918,0.000427,8
2026-06-02 21:20:40,6,0.000925,0.000427,8
2026-06-02 21:20:40,6,0.000934,0.000428,8
2026-06-02 21:20:40,6,0.000924,0.000429,8
2026-06-02 21:20:40,6,0.000927,0.000429,8
2026-06-02 21:20:40,6,0.000923,0.000427,8
2026-06-02 21:20:40,6,0.000921,0.000428,8
2026-06-02 21:20:40,6,0.000917,0.000426,8
2026-06-02 21:20:40,6,0.000921,0.000426,8
2026-06-02 21:20:40,6,0.000914,0.000479,8
2026-06-02 21:20:40,6,0.000939,0.000433,8
2026-06-02 21:20:40,6,0.000920,0.000429,8
2026-06-02 21:20:40,6,0.000919,0.000431,8
2026-06-02 21:20:40,6,0.000919,0.000512,8
2026-06-02 21:20:40,6,0.000927,0.000431,8
2026-06-02 21:20:40,6,0.000985,0.000463,8
2026-06-02 21:20:40,6,0.000980,0.000468,8
2026-06-02 21:20:40,6,0.001031,0.000463,8
2026-06-02 21:20:40,6,0.001026,0.000572,8
2026-06-02 21:20:40,6,0.000983,0.000462,8
2026-06-02 21:20:40,6,0.000986,0.000462,8
2026-06-02 21:20:40,6,0.000959,0.000445,8
2026-06-02 21:20:40,6,0.000994,0.000470,8
2026-06-02 21:20:40,6,0.000978,0.000454,8
2026-06-02 21:20:40,6,0.000973,0.000549,8
2026-06-02 21:20:40,6,0.000995,0.000483,8
2026-06-02 21:20:40,6,0.000973,0.000460,8
2026-06-02 21:20:40,6,0.000973,0.000454,8
2026-06-02 21:20:40,6,0.000980,0.000460,8
2026-06-02 21:20:40,6,0.000975,0.000452,8
2026-06-02 21:20:40,6,0.000975,0.000459,8
2026-06-02 21:20:40,6,0.001016,0.000491,8
2026-06-02 21:20:40,6,0.001178,0.000485,8
2026-06-02 21:20:40,6,0.000970,0.000477,8
2026-06-02 21:20:40,6,0.001067,0.000479,8
2026-06-02 21:20:40,6,0.001030,0.000462,8
2026-06-02 21:20:40,6,0.000976,0.000471,8
2026-06-02 21:20:40,6,0.000994,0.000462,8
2026-06-02 21:20:40,6,0.000971,0.000470,8
2026-06-02 21:20:40,6,0.001002,0.000466,8
2026-06-02 21:20:40,6,0.000962,0.000449,8
2026-06-02 21:20:40,6,0.000957,0.000446,8
2026-06-02 21:20:40,6,0.000979,0.000466,8
2026-06-02 21:20:40,6,0.000979,0.000457,8
2026-06-02 21:20:40,6,0.000983,0.000467,8
2026-06-02 21:20:40,6,0.000979,0.000459,8
2026-06-02 21:20:40,6,0.000986,0.000462,8
2026-06-02 21:20:40,6,0.000975,0.000454,8
2026-06-02 21:20:40,6,0.000982,0.000465,8
2026-06-02 21:20:40,6,0.000981,0.000455,8
2026-06-02 21:20:40,6,0.000968,0.000463,8
2026-06-02 21:20:40,6,0.000992,0.000458,8
2026-06-02 21:20:40,6,0.000979,0.000459,8
2026-06-02 21:20:40,6,0.000955,0.000460,8
2026-06-02 21:20:40,6,0.000975,0.000461,8
2026-06-02 21:20:40,6,0.000973,0.000459,8
2026-06-02 21:20:40,6,0.000969,0.000469,8
2026-06-02 21:20:40,6,0.001052,0.000489,8
2026-06-02 21:20:40,6,0.000986,0.000453,8
2026-06-02 21:20:40,6,0.000962,0.000451,8
2026-06-02 21:20:40,6,0.000985,0.000471,8
2026-06-02 21:20:40,6,0.000976,0.000448,8
2026-06-02 21:20:40,6,0.000963,0.000457,8
2026-06-02 21:20:40,6,0.000988,0.000460,8
2026-06-02 21:20:40,6,0.000980,0.000451,8
2026-06-02 21:20:40,6,0.000960,0.000455,8
2026-06-02 21:20:40,6,0.000988,0.000460,8
2026-06-02 21:20:40,6,0.000967,0.000449,8
2026-06-02 21:20:40,6,0.000961,0.000459,8
2026-06-02 21:20:40,6,0.001000,0.000483,8
2026-06-02 21:20:40,6,0.000964,0.000450,8
2026-06-02 21:20:40,6,0.000963,0.000456,8
2026-06-02 21:20:40,6,0.000983,0.000453,8
2026-06-02 21:20:40,6,0.000960,0.000449,8
2026-06-02 21:20:40,6,0.000963,0.000456,8
2026-06-02 21:20:40,6,0.000998,0.000466,8
2026-06-02 21:20:40,6,0.000967,0.000449,8
2026-06-02 21:20:40,6,0.000964,0.000458,8
2026-06-02 21:20:40,6,0.000969,0.000458,8
2026-06-02 21:20:40,6,0.001052,0.000433,8
2026-06-02 21:20:40,6,0.000960,0.000455,8
2026-06-02 21:20:40,6,0.000989,0.000456,8
2026-06-02 21:20:40,6,0.000930,0.000431,8
2026-06-02 21:20:40,6,0.000964,0.000457,8
2026-06-02 21:20:40,6,0.000979,0.000456,8
2026-06-02 21:20:40,6,0.000922,0.000429,8
2026-06-02 21:20:40,6,0.000957,0.000461,8
2026-06-02 21:20:40,6,0.000988,0.000467,8
2026-06-02 21:20:40,6,0.000920,0.000428,8
2026-06-02 21:20:40,6,0.000946,0.000479,8
2026-06-02 21:20:40,6,0.000999,0.000458,8
2026-06-02 21:20:40,6,0.000916,0.000430,8
2026-06-02 21:20:40,6,0.000963,0.000458,8
2026-06-02 21:20:40,6,0.000983,0.000463,8
2026-06-02 21:20:40,6,0.000997,0.000431,8
2026-06-02 21:20:40,6,0.000947,0.000467,8
2026-06-02 21:20:40,6,0.000974,0.000457,8
2026-06-02 21:20:40,6,0.000961,0.000445,8
2026-06-02 21:20:40,6,0.000970,0.000457,8
2026-06-02 21:20:40,6,0.000980,0.000456,8
2026-06-02 21:20:40,6,0.000971,0.000437,8
2026-06-02 21:20:40,6,0.000952,0.000458,8
2026-06-02 21:20:40,6,0.001031,0.000485,8
2026-06-02 21:20:40,6,0.001031,0.000482,8
2026-06-02 21:20:40,6,0.000973,0.000459,8
2026-06-02 21:20:40,6,0.001002,0.000464,8
2026-06-02 21:20:40,6,0.000969,0.000450,8
2026-06-02 21:20:40,6,0.000976,0.000457,8
2026-06-02 21:20:40,6,0.000974,0.000455,8
2026-06-02 21:20:40,6,0.000967,0.000458,8
2026-06-02 21:20:40,6,0.000974,0.000457,8
2026-06-02 21:20:40,6,0.000968,0.000456,8
2026-06-02 21:20:40,6,0.000970,0.000458,8
2026-06-02 21:20:40,6,0.000984,0.000462,8
2026-06-02 21:20:40,6,0.000980,0.000457,8
2026-06-02 21:20:40,6,0.000925,0.000428,8
2026-06-02 21:20:40,6,0.001002,0.000460,8
2026-06-02 21:20:40,6,0.000971,0.000453,8
2026-06-02 21:20:40,6,0.000986,0.000480,8
2026-06-02 21:20:40,6,0.000976,0.000458,8
2026-06-02 21:20:40,6,0.000990,0.000458,8
2026-06-02 21:20:40,6,0.000968,0.000451,8
2026-06-02 21:20:40,6,0.000976,0.000457,8
2026-06-02 21:20:40,6,0.000976,0.000453,8
2026-06-02 21:20:40,6,0.001045,0.000504,8
2026-06-02 21:20:40,6,0.001033,0.000497,8
2026-06-02 21:20:40,6,0.001005,0.000466,8
2026-06-02 21:20:40,6,0.000993,0.000461,8
2026-06-02 21:20:40,6,0.001013,0.000480,8
2026-06-02 21:20:40,6,0.001000,0.000455,8
2026-06-02 21:20:40,6,0.000980,0.000483,8
2026-06-02 21:20:40,6,0.000991,0.000464,8
2026-06-02 21:20:40,6,0.000964,0.000452,8
2026-06-02 21:20:40,6,0.000955,0.000455,8
2026-06-02 21:20:40,6,0.000958,0.000486,8
2026-06-02 21:20:40,6,0.000961,0.000454,8
2026-06-02 21:20:40,6,0.000966,0.000609,8
2026-06-02 21:20:40,6,0.000980,0.000451,8
2026-06-02 21:20:40,6,0.000991,0.000448,8
2026-06-02 21:20:40,6,0.001031,0.000456,8
2026-06-02 21:20:40,6,0.000959,0.000452,8
2026-06-02 21:20:40,6,0.000962,0.000447,8
2026-06-02 21:20:40,6,0.001141,0.000468,8
2026-06-02 21:20:40,6,0.000963,0.000448,8
2026-06-02 21:20:40,6,0.000961,0.000447,8
2026-06-02 21:20:40,6,0.001024,0.000494,8
2026-06-02 21:20:40,6,0.000967,0.000447,8
2026-06-02 21:20:40,6,0.000967,0.000446,8
2026-06-02 21:20:40,6,0.001008,0.000574,8
2026-06-02 21:20:40,6,0.001000,0.000452,8
2026-06-02 21:20:40,6,0.000967,0.000445,8
2026-06-02 21:20:40,6,0.001024,0.000451,8
2026-06-02 21:20:40,6,0.000965,0.000466,8
2026-06-02 21:20:40,6,0.000966,0.000451,8
2026-06-02 21:20:40,6,0.000963,0.000447,8
2026-06-02 21:20:40,6,0.000972,0.000451,8
2026-06-02 21:20:40,6,0.000963,0.000489,8
2026-06-02 21:20:40,6,0.000946,0.000435,8
2026-06-02 21:20:40,6,0.000918,0.000431,8
2026-06-02 21:20:40,6,0.000921,0.000445,8
2026-06-02 21:20:40,6,0.001069,0.000434,8
2026-06-02 21:20:40,6,0.000930,0.000437,8
2026-06-02 21:20:40,6,0.000922,0.000432,8
2026-06-02 21:20:40,6,0.001025,0.000434,8
2026-06-02 21:20:40,6,0.000993,0.000435,8
2026-06-02 21:20:40,6,0.000926,0.000431,8
2026-06-02 21:20:40,6,0.001028,0.000432,8
2026-06-02 21:20:40,6,0.001090,0.000435,8
2026-06-02 21:20:40,6,0.000921,0.000431,8
2026-06-02 21:20:40,6,0.001024,0.000431,8
2026-06-02 21:20:40,6,0.000923,0.000429,8
2026-06-02 21:20:40,6,0.000924,0.000433,8
2026-06-02 21:20:40,6,0.001026,0.000436,8
2026-06-02 21:20:40,6,0.000916,0.000580,8
2026-06-02 21:20:40,6,0.000933,0.000431,8
2026-06-02 21:20:40,6,0.001015,0.000483,8
2026-06-02 21:20:40,6,0.000920,0.000428,8
2026-06-02 21:20:40,6,0.000924,0.000427,8
2026-06-02 21:20:40,6,0.000997,0.000452,8
2026-06-02 21:20:40,6,0.001026,0.000455,8
2026-06-02 21:20:40,6,0.000931,0.000431,8
2026-06-02 21:20:40,6,0.000953,0.000461,8
2026-06-02 21:20:40,6,0.000929,0.000428,8
2026-06-02 21:20:40,6,0.000979,0.000432,8
2026-06-02 21:20:40,6,0.000917,0.000467,8
2026-06-02 21:20:40,6,0.000914,0.000429,8
2026-06-02 21:20:40,6,0.000956,0.000457,8
2026-06-02 21:20:40,6,0.000981,0.000474,8
2026-06-02 21:20:40,6,0.000929,0.000434,8
2026-06-02 21:20:40,6,0.000930,0.000467,8
2026-06-02 21:20:40,6,0.000974,0.000451,8
2026-06-02 21:20:40,6,0.000973,0.000447,8
2026-06-02 21:20:40,6,0.000961,0.000448,8
2026-06-02 21:20:40,6,0.000951,0.000467,8
2026-06-02 21:20:40,6,0.000933,0.000483,8
2026-06-02 21:20:40,6,0.000921,0.000431,8
2026-06-02 21:20:40,6,0.000918,0.000444,8
2026-06-02 21:20:40,6,0.000922,0.000429,8
2026-06-02 21:20:40,6,0.000925,0.000482,8
2026-06-02 21:20:40,6,0.000950,0.000429,8
2026-06-02 21:20:40,6,0.000927,0.000431,8
2026-06-02 21:20:40,6,0.000918,0.000432,8
2026-06-02 21:20:40,6,0.000997,0.000431,8
2026-06-02 21:20:40,6,0.000924,0.000428,8
2026-06-02 21:20:40,6,0.000925,0.000431,8
2026-06-02 21:20:40,6,0.000933,0.000463,8
2026-06-02 21:20:40,6,0.000984,0.000430,8
2026-06-02 21:20:40,6,0.000925,0.000433,8
2026-06-02 21:20:40,6,0.000917,0.000428,8
2026-06-02 21:20:40,6,0.000922,0.000426,8
2026-06-02 21:20:40,6,0.000973,0.000432,8
2026-06-02 21:20:40,6,0.000924,0.000432,8
2026-06-02 21:20:40,6,0.000939,0.000432,8
2026-06-02 21:20:40,6,0.000918,0.000430,8
2026-06-02 21:20:40,6,0.000946,0.000426,8
2026-06-02 21:20:40,6,0.000969,0.000452,8
2026-06-02 21:20:40,6,0.000920,0.000446,8
2026-06-02 21:20:40,6,0.000926,0.000428,8
2026-06-02 21:20:40,6,0.000945,0.000453,8
2026-06-02 21:20:40,6,0.000923,0.000429,8
2026-06-02 21:20:40,6,0.000919,0.000429,8
2026-06-02 21:20:40,6,0.000920,0.000468,8
2026-06-02 21:20:40,6,0.000924,0.000448,8
2026-06-02 21:20:40,6,0.000916,0.000435,8
2026-06-02 21:20:40,6,0.000925,0.000452,8
2026-06-02 21:20:40,6,0.000930,0.000449,8
2026-06-02 21:20:40,6,0.000919,0.000435,8
2026-06-02 21:20:40,6,0.000921,0.000436,8
2026-06-02 21:20:40,6,0.000967,0.000452,8
2026-06-02 21:20:40,6,0.000973,0.000453,8
2026-06-02 21:20:40,6,0.000966,0.000450,8
2026-06-02 21:20:40,6,0.000978,0.000457,8
2026-06-02 21:20:40,6,0.000925,0.000431,8
2026-06-02 21:20:40,6,0.001002,0.000440,8
2026-06-02 21:20:40,6,0.000931,0.000435,8
2026-06-02 21:20:40,6,0.000918,0.000435,8
2026-06-02 21:20:40,6,0.000919,0.000433,8
2026-06-02 21:20:40,6,0.000928,0.000465,8
2026-06-02 21:20:40,6,0.000931,0.000432,8
2026-06-02 21:20:40,6,0.000924,0.000431,8
2026-06-02 21:20:40,6,0.000928,0.000433,8
2026-06-02 21:20:40,6,0.000959,0.000445,8
2026-06-02 21:20:40,6,0.000925,0.000430,8
2026-06-02 21:20:40,6,0.000924,0.000433,8
2026-06-02 21:20:40,6,0.000956,0.000436,8
2026-06-02 21:20:40,6,0.000923,0.000429,8
2026-06-02 21:20:40,6,0.000972,0.000433,8
2026-06-02 21:20:40,6,0.000976,0.000448,8
2026-06-02 21:20:40,6,0.000956,0.000483,8
2026-06-02 21:20:40,6,0.000967,0.000447,8
2026-06-02 21:20:40,6,0.000962,0.000455,8
2026-06-02 21:20:40,6,0.000957,0.000445,8
2026-06-02 21:20:40,6,0.000976,0.000463,8
2026-06-02 21:20:40,6,0.000960,0.000448,8
2026-06-02 21:20:40,6,0.000968,0.000467,8
2026-06-02 21:20:40,6,0.000920,0.000428,8
2026-06-02 21:20:40,6,0.000924,0.000460,8
2026-06-02 21:20:40,6,0.000925,0.000435,8
2026-06-02 21:20:40,6,0.000964,0.000451,8
2026-06-02 21:20:40,6,0.000958,0.000446,8
2026-06-02 21:20:40,6,0.000954,0.000446,8
2026-06-02 21:20:40,6,0.000957,0.000452,8
2026-06-02 21:20:40,6,0.000948,0.000429,8
2026-06-02 21:20:40,6,0.000924,0.000463,8
2026-06-02 21:20:40,6,0.000950,0.000438,8
2026-06-02 21:20:40,6,0.000909,0.000434,8
2026-06-02 21:20:40,6,0.000917,0.000428,8
2026-06-02 21:20:40,6,0.000985,0.000484,8
2026-06-02 21:20:40,6,0.000915,0.000426,8
2026-06-02 21:20:40,6,0.000951,0.000458,8
2026-06-02 21:20:40,6,0.000976,0.000430,8
2026-06-02 21:20:40,6,0.001015,0.000438,8
2026-06-02 21:20:40,6,0.000917,0.000430,8
2026-06-02 21:20:40,6,0.000958,0.000449,8
2026-06-02 21:20:40,6,0.000923,0.000432,8
2026-06-02 21:20:40,6,0.000980,0.000430,8
2026-06-02 21:20:40,6,0.000947,0.000468,8
2026-06-02 21:20:40,6,0.000916,0.000429,8
2026-06-02 21:20:40,6,0.000915,0.000440,8
2026-06-02 21:20:40,6,0.000978,0.000479,8
2026-06-02 21:20:40,6,0.000918,0.000430,8
2026-06-02 21:20:40,6,0.000922,0.000429,8
2026-06-02 21:20:40,6,0.000995,0.000455,8
2026-06-02 21:20:40,6,0.000932,0.000434,8
2026-06-02 21:20:40,6,0.000923,0.000429,8
2026-06-02 21:20:40,6,0.000926,0.000429,8
2026-06-02 21:20:40,6,0.000927,0.000445,8
2026-06-02 21:20:40,6,0.000922,0.000429,8
2026-06-02 21:20:40,6,0.000914,0.000457,8
2026-06-02 21:20:40,6,0.000981,0.000460,8
2026-06-02 21:20:40,6,0.000961,0.000463,8
2026-06-02 21:20:40,6,0.000963,0.000449,8
2026-06-02 21:20:40,6,0.000961,0.000446,8
2026-06-02 21:20:40,6,0.000918,0.000431,8
2026-06-02 21:20:40,6,0.001001,0.000434,8
2026-06-02 21:20:40,6,0.000931,0.000436,8
2026-06-02 21:20:40,6,0.000921,0.000430,8
2026-06-02 21:20:40,6,0.000918,0.000435,8
2026-06-02 21:20:40,6,0.000987,0.000436,8
2026-06-02 21:20:40,6,0.000928,0.000426,8
2026-06-02 21:20:40,6,0.000915,0.000428,8
2026-06-02 21:20:40,6,0.000985,0.000456,8
2026-06-02 21:20:40,6,0.000919,0.000430,8
2026-06-02 21:20:40,6,0.000919,0.000431,8
2026-06-02 21:20:40,6,0.000958,0.000468,8
2026-06-02 21:20:40,6,0.000952,0.000447,8
2026-06-02 21:20:40,6,0.000968,0.000449,8
2026-06-02 21:20:40,6,0.000967,0.000448,8
2026-06-02 21:20:40,6,0.000961,0.000444,8
2026-06-02 21:20:40,6,0.000959,0.000448,8
2026-06-02 21:20:40,6,0.000967,0.000448,8
2026-06-02 21:20:40,6,0.000967,0.000444,8
2026-06-02 21:20:40,6,0.000927,0.000431,8
2026-06-02 21:20:40,6,0.001009,0.000456,8
2026-06-02 21:20:40,6,0.001000,0.000466,8
2026-06-02 21:20:40,6,0.000947,0.000446,8
2026-06-02 21:20:40,6,0.000968,0.000455,8
2026-06-02 21:20:40,6,0.001015,0.000450,8
2026-06-02 21:20:40,6,0.000970,0.000447,8
2026-06-02 21:20:40,6,0.000969,0.000447,8
2026-06-02 21:20:40,6,0.000994,0.000444,8
2026-06-02 21:20:40,6,0.000931,0.000433,8
2026-06-02 21:20:40,6,0.000960,0.000433,8
2026-06-02 21:20:40,6,0.000919,0.000447,8
2026-06-02 21:20:40,6,0.000917,0.000432,8
2026-06-02 21:20:40,6,0.000981,0.000458,8
2026-06-02 21:20:40,6,0.000926,0.000472,8
2026-06-02 21:20:40,6,0.000971,0.000446,8
2026-06-02 21:20:40,6,0.000985,0.000490,8
2026-06-02 21:20:40,6,0.000963,0.000447,8
2026-06-02 21:20:40,6,0.000957,0.000450,8
2026-06-02 21:20:40,6,0.000981,0.000458,8
2026-06-02 21:20:40,7,0.002080,0.001984,96
2026-06-02 21:20:40,7,0.001762,0.001489,96
2026-06-02 21:20:40,7,0.001747,0.001524,96
2026-06-02 21:20:40,7,0.001731,0.001631,96
2026-06-02 21:20:40,7,0.002112,0.001568,96
2026-06-02 21:20:40,7,0.001753,0.001448,96
2026-06-02 21:20:40,7,0.001796,0.001488,96
2026-06-02 21:20:40,7,0.002027,0.001799,96
2026-06-02 21:20:40,7,0.001800,0.001462,96
2026-06-02 21:20:40,7,0.001818,0.001489,96
2026-06-02 21:20:40,7,0.001676,0.001719,96
2026-06-02 21:20:40,7,0.001863,0.001557,96
2026-06-02 21:20:40,7,0.001747,0.001481,96
2026-06-02 21:20:40,7,0.001760,0.001502,96
2026-06-02 21:20:40,7,0.001742,0.001505,96
2026-06-02 21:20:40,7,0.001747,0.001456,96
2026-06-02 21:20:40,7,0.001720,0.001442,96
2026-06-02 21:20:40,7,0.001826,0.001473,96
2026-06-02 21:20:40,7,0.001771,0.001512,96
2026-06-02 21:20:40,7,0.001770,0.001462,96
2026-06-02 21:20:40,7,0.001735,0.001466,96
2026-06-02 21:20:40,7,0.001656,0.001437,96
2026-06-02 21:20:40,7,0.001785,0.001458,96
2026-06-02 21:20:40,7,0.001676,0.001402,96
2026-06-02 21:20:40,7,0.001732,0.001412,96
2026-06-02 21:20:40,7,0.001675,0.001389,96
2026-06-02 21:20:40,7,0.001764,0.001407,96
2026-06-02 21:20:40,7,0.001670,0.001399,96
2026-06-02 21:20:40,7,0.001682,0.001551,96
2026-06-02 21:20:40,7,0.001716,0.001762,96
2026-06-02 21:20:40,7,0.001806,0.001592,96
2026-06-02 21:20:40,7,0.001744,0.001455,96
2026-06-02 21:20:40,7,0.001740,0.001455,96
2026-06-02 21:20:40,7,0.001941,0.001473,96
2026-06-02 21:20:40,7,0.001760,0.001389,96
2026-06-02 21:20:40,7,0.001748,0.001389,96
2026-06-02 21:20:40,7,0.001667,0.001394,96
2026-06-02 21:20:40,7,0.001866,0.001693,96
2026-06-02 21:20:40,7,0.001677,0.001390,96
2026-06-02 21:20:40,7,0.001664,0.001385,96
2026-06-02 21:20:40,7,0.001688,0.001407,96
2026-06-02 21:20:40,7,0.001695,0.001408,96
2026-06-02 21:20:40,7,0.001718,0.001394,96
2026-06-02 21:20:40,7,0.001664,0.001397,96
2026-06-02 21:20:40,7,0.001667,0.001473,96
2026-06-02 21:20:40,7,0.001729,0.001489,96
2026-06-02 21:20:40,7,0.001992,0.001487,96
2026-06-02 21:20:40,7,0.001666,0.001388,96
2026-06-02 21:20:40,7,0.001672,0.001418,96
2026-06-02 21:20:40,7,0.001728,0.001911,96
2026-06-02 21:20:40,7,0.002047,0.002028,96
2026-06-02 21:20:40,7,0.001864,0.001694,96
2026-06-02 21:20:40,7,0.001909,0.001627,96
2026-06-02 21:20:40,7,0.002019,0.004196,96
2026-06-02 21:20:40,7,0.002283,0.002143,96
2026-06-02 21:20:40,7,0.002503,0.001625,96
2026-06-02 21:20:40,7,0.001768,0.001490,96
2026-06-02 21:20:40,7,0.001752,0.001446,96
2026-06-02 21:20:40,7,0.001953,0.001573,96
2026-06-02 21:20:40,7,0.001739,0.001457,96
2026-06-02 21:20:40,7,0.001758,0.001445,96
2026-06-02 21:20:40,7,0.001738,0.001575,96
2026-06-02 21:20:40,7,0.001814,0.001457,96
2026-06-02 21:20:40,7,0.001731,0.001441,96
2026-06-02 21:20:40,7,0.001738,0.001476,96
2026-06-02 21:20:40,7,0.002059,0.001588,96
2026-06-02 21:20:40,7,0.001900,0.001700,96
2026-06-02 21:20:40,7,0.001764,0.001451,96
2026-06-02 21:20:40,7,0.002064,0.001860,96
2026-06-02 21:20:40,7,0.002012,0.001603,96
2026-06-02 21:20:40,7,0.001997,0.001573,96
2026-06-02 21:20:40,7,0.022127,0.004095,96
2026-06-02 21:20:40,7,0.002873,0.002254,96
2026-06-02 21:20:40,7,0.001990,0.001732,96
2026-06-02 21:20:40,7,0.004129,0.002366,96
2026-06-02 21:20:40,7,0.002195,0.001886,96
2026-06-02 21:20:40,7,0.002646,0.001947,96
2026-06-02 21:20:40,7,0.002019,0.002907,96
2026-06-02 21:20:40,7,0.001815,0.001547,96
2026-06-02 21:20:40,7,0.001755,0.001558,96
2026-06-02 21:20:40,7,0.001818,0.001569,96
2026-06-02 21:20:40,7,0.001753,0.001455,96
2026-06-02 21:20:40,7,0.001735,0.001465,96
2026-06-02 21:20:40,7,0.004645,0.001768,96
2026-06-02 21:20:40,7,0.001906,0.002156,96
2026-06-02 21:20:40,7,0.001786,0.001527,96
2026-06-02 21:20:40,7,0.002556,0.001592,96
2026-06-02 21:20:40,7,0.001757,0.001491,96
2026-06-02 21:20:40,7,0.001812,0.001462,96
2026-06-02 21:20:40,7,0.001763,0.001849,96
2026-06-02 21:20:40,7,0.001845,0.001817,96
2026-06-02 21:20:40,7,0.001847,0.001554,96
2026-06-02 21:20:40,7,0.001778,0.001535,96
2026-06-02 21:20:40,7,0.001786,0.001511,96
2026-06-02 21:20:40,7,0.001770,0.001467,96
2026-06-02 21:20:40,7,0.001774,0.001459,96
2026-06-02 21:20:40,7,0.001753,0.001471,96
2026-06-02 21:20:40,7,0.001745,0.001449,96
2026-06-02 21:20:40,7,0.001738,0.001455,96
2026-06-02 21:20:40,7,0.001752,0.001447,96
2026-06-02 21:20:40,7,0.001740,0.001453,96
2026-06-02 21:20:40,7,0.001750,0.001475,96
2026-06-02 21:20:40,7,0.001739,0.001440,96
2026-06-02 21:20:40,7,0.001729,0.001442,96
2026-06-02 21:20:40,7,0.001734,0.001447,96
2026-06-02 21:20:40,7,0.001724,0.001449,96
2026-06-02 21:20:40,7,0.001789,0.001453,96
2026-06-02 21:20:40,7,0.001749,0.001447,96
2026-06-02 21:20:40,7,0.001744,0.001547,96
2026-06-02 21:20:40,7,0.001743,0.001452,96
2026-06-02 21:20:40,7,0.001729,0.001482,96
2026-06-02 21:20:40,7,0.001918,0.001544,96
2026-06-02 21:20:40,7,0.001751,0.001459,96
2026-06-02 21:20:40,7,0.001743,0.001450,96
2026-06-02 21:20:40,7,0.001742,0.001471,96
2026-06-02 21:20:40,7,0.001977,0.001646,96
2026-06-02 21:20:40,7,0.001825,0.001571,96
2026-06-02 21:20:40,7,0.002663,0.001583,96
2026-06-02 21:20:40,7,0.002049,0.001541,96
2026-06-02 21:20:40,7,0.001857,0.001774,96
2026-06-02 21:20:40,7,0.001773,0.001463,96
2026-06-02 21:20:40,7,0.001799,0.001475,96
2026-06-02 21:20:40,7,0.002070,0.001729,96
2026-06-02 21:20:40,7,0.001787,0.001470,96
2026-06-02 21:20:40,7,0.001760,0.001472,96
2026-06-02 21:20:40,7,0.001765,0.001461,96
2026-06-02 21:20:40,7,0.001777,0.001451,96
2026-06-02 21:20:40,7,0.001737,0.001448,96
2026-06-02 21:20:40,7,0.001740,0.001507,96
2026-06-02 21:20:40,7,0.001671,0.001390,96
2026-06-02 21:20:40,7,0.001702,0.001395,96
2026-06-02 21:20:40,7,0.001672,0.001392,96
2026-06-02 21:20:40,7,0.001661,0.001388,96
2026-06-02 21:20:40,7,0.001729,0.001387,96
2026-06-02 21:20:40,7,0.001670,0.001391,96
2026-06-02 21:20:40,7,0.001668,0.001464,96
2026-06-02 21:20:40,7,0.001673,0.001393,96
2026-06-02 21:20:40,7,0.001677,0.001389,96
2026-06-02 21:20:40,7,0.001733,0.001392,96
2026-06-02 21:20:40,7,0.001655,0.001392,96
2026-06-02 21:20:40,7,0.001667,0.001465,96
2026-06-02 21:20:40,7,0.001659,0.001383,96
2026-06-02 21:20:40,7,0.001654,0.001385,96
2026-06-02 21:20:40,7,0.001666,0.001384,96
2026-06-02 21:20:40,7,0.001661,0.001385,96
2026-06-02 21:20:40,7,0.001728,0.001386,96
2026-06-02 21:20:40,7,0.001666,0.001396,96
2026-06-02 21:20:40,7,0.001655,0.001467,96
2026-06-02 21:20:40,7,0.001677,0.001389,96
2026-06-02 21:20:40,7,0.001677,0.001384,96
2026-06-02 21:20:40,7,0.001768,0.001394,96
2026-06-02 21:20:40,7,0.001670,0.001392,96
2026-06-02 21:20:40,7,0.001671,0.001523,96
2026-06-02 21:20:40,7,0.001798,0.001532,96
2026-06-02 21:20:40,7,0.001743,0.001465,96
2026-06-02 21:20:40,7,0.001743,0.001455,96
2026-06-02 21:20:40,7,0.001744,0.001447,96
2026-06-02 21:20:40,7,0.001733,0.001445,96
2026-06-02 21:20:40,7,0.001742,0.001446,96
2026-06-02 21:20:40,7,0.001757,0.001453,96
2026-06-02 21:20:40,7,0.001744,0.001451,96
2026-06-02 21:20:40,7,0.001744,0.001458,96
2026-06-02 21:20:40,7,0.001747,0.001442,96
2026-06-02 21:20:40,7,0.001752,0.001449,96
2026-06-02 21:20:40,7,0.001732,0.001445,96
2026-06-02 21:20:40,7,0.001735,0.001442,96
2026-06-02 21:20:40,7,0.001844,0.001540,96
2026-06-02 21:20:40,7,0.001802,0.001563,96
2026-06-02 21:20:40,7,0.001787,0.001477,96
2026-06-02 21:20:40,7,0.001774,0.001478,96
2026-06-02 21:20:40,7,0.001751,0.001508,96
2026-06-02 21:20:40,7,0.001768,0.001454,96
2026-06-02 21:20:40,7,0.001755,0.001446,96
2026-06-02 21:20:40,7,0.001740,0.001446,96
2026-06-02 21:20:40,7,0.001764,0.001515,96
2026-06-02 21:20:40,7,0.001747,0.001393,96
2026-06-02 21:20:40,7,0.001778,0.001532,96
2026-06-02 21:20:40,7,0.001752,0.001500,96
2026-06-02 21:20:40,7,0.001755,0.001487,96
2026-06-02 21:20:40,7,0.001743,0.001530,96
2026-06-02 21:20:40,7,0.001774,0.001524,96
2026-06-02 21:20:40,7,0.001746,0.001424,96
2026-06-02 21:20:40,7,0.001964,0.001691,96
2026-06-02 21:20:40,7,0.001828,0.001610,96
2026-06-02 21:20:40,7,0.002036,0.001585,96
2026-06-02 21:20:40,7,0.001890,0.001583,96
2026-06-02 21:20:40,7,0.001776,0.001479,96
2026-06-02 21:20:40,7,0.002053,0.002035,96
2026-06-02 21:20:40,7,0.001791,0.001481,96
2026-06-02 21:20:40,7,0.001828,0.001497,96
2026-06-02 21:20:40,7,0.001764,0.001808,96
2026-06-02 21:20:40,7,0.002322,0.001602,96
2026-06-02 21:20:40,7,0.001849,0.001592,96
2026-06-02 21:20:40,7,0.001777,0.001529,96
2026-06-02 21:20:40,7,0.002111,0.001843,96
2026-06-02 21:20:40,7,0.001909,0.001599,96
2026-06-02 21:20:40,7,0.002085,0.001595,96
2026-06-02 21:20:40,7,0.001883,0.001909,96
2026-06-02 21:20:40,7,0.003319,0.001580,96
2026-06-02 21:20:40,7,0.001858,0.001484,96
2026-06-02 21:20:40,7,0.002037,0.001778,96
2026-06-02 21:20:40,7,0.001847,0.001572,96
2026-06-02 21:20:40,7,0.001747,0.001535,96
2026-06-02 21:20:40,7,0.002283,0.001995,96
2026-06-02 21:20:40,7,0.002197,0.001567,96
2026-06-02 21:20:40,7,0.001741,0.001546,96
2026-06-02 21:20:40,7,0.001767,0.001717,96
2026-06-02 21:20:40,7,0.003128,0.002261,96
2026-06-02 21:20:40,7,0.001762,0.001471,96
2026-06-02 21:20:40,7,0.001789,0.001595,96
2026-06-02 21:20:40,7,0.002948,0.001723,96
2026-06-02 21:20:40,7,0.001818,0.001460,96
2026-06-02 21:20:40,7,0.001772,0.001489,96
2026-06-02 21:20:40,7,0.002060,0.001795,96
2026-06-02 21:20:40,7,0.001804,0.001618,96
2026-06-02 21:20:40,7,0.001814,0.001563,96
2026-06-02 21:20:40,7,0.001885,0.001836,96
2026-06-02 21:20:40,7,0.001841,0.001564,96
2026-06-02 21:20:40,7,0.001795,0.001533,96
2026-06-02 21:20:40,7,0.001793,0.001471,96
2026-06-02 21:20:40,7,0.001946,0.001584,96
2026-06-02 21:20:40,7,0.001777,0.001475,96
2026-06-02 21:20:40,7,0.001780,0.001527,96
2026-06-02 21:20:40,7,0.001782,0.001574,96
2026-06-02 21:20:40,7,0.001850,0.001560,96
2026-06-02 21:20:40,7,0.001814,0.001466,96
2026-06-02 21:20:40,7,0.001780,0.001471,96
2026-06-02 21:20:40,7,0.001820,0.001492,96
2026-06-02 21:20:40,7,0.001776,0.001467,96
2026-06-02 21:20:40,7,0.001763,0.001473,96
2026-06-02 21:20:40,7,0.001775,0.001459,96
2026-06-02 21:20:40,7,0.001745,0.001454,96
2026-06-02 21:20:40,7,0.001751,0.001454,96
2026-06-02 21:20:40,7,0.001740,0.001391,96
2026-06-02 21:20:40,7,0.001670,0.001439,96
2026-06-02 21:20:40,7,0.001678,0.001615,96
2026-06-02 21:20:40,7,0.001762,0.001453,96
2026-06-02 21:20:40,7,0.001756,0.001453,96
2026-06-02 21:20:40,7,0.001762,0.001560,96
2026-06-02 21:20:40,7,0.001750,0.001449,96
2026-06-02 21:20:40,7,0.001795,0.001454,96
2026-06-02 21:20:40,7,0.001734,0.001460,96
2026-06-02 21:20:40,7,0.001858,0.001448,96
2026-06-02 21:20:40,7,0.001750,0.001446,96
2026-06-02 21:20:40,7,0.001737,0.001473,96
2026-06-02 21:20:40,7,0.001751,0.001444,96
2026-06-02 21:20:40,7,0.001851,0.001446,96
2026-06-02 21:20:40,7,0.001751,0.001445,96
2026-06-02 21:20:40,7,0.001736,0.001451,96
2026-06-02 21:20:40,7,0.001751,0.001390,96
2026-06-02 21:20:40,7,0.001670,0.001384,96
2026-06-02 21:20:40,7,0.001675,0.001476,96
2026-06-02 21:20:40,7,0.001744,0.001506,96
2026-06-02 21:20:40,7,0.001863,0.001856,96
2026-06-02 21:20:40,7,0.001697,0.001402,96
2026-06-02 21:20:40,7,0.001694,0.001400,96
2026-06-02 21:20:40,7,0.001685,0.001402,96
2026-06-02 21:20:40,7,0.001678,0.001437,96
2026-06-02 21:20:40,7,0.001758,0.001397,96
2026-06-02 21:20:40,7,0.001676,0.001395,96
2026-06-02 21:20:40,7,0.001669,0.001465,96
2026-06-02 21:20:40,7,0.001751,0.001494,96
2026-06-02 21:20:40,7,0.001746,0.001460,96
2026-06-02 21:20:40,7,0.001747,0.001451,96
2026-06-02 21:20:40,7,0.001734,0.001449,96
2026-06-02 21:20:40,7,0.001759,0.001444,96
2026-06-02 21:20:40,7,0.001751,0.001448,96
2026-06-02 21:20:40,7,0.001738,0.001477,96
2026-06-02 21:20:40,7,0.001767,0.001449,96
2026-06-02 21:20:40,7,0.001741,0.001446,96
2026-06-02 21:20:40,7,0.001752,0.001442,96
2026-06-02 21:20:40,7,0.001763,0.001446,96
2026-06-02 21:20:40,7,0.001766,0.001448,96
2026-06-02 21:20:40,7,0.001748,0.001463,96
2026-06-02 21:20:40,7,0.001731,0.001445,96
2026-06-02 21:20:40,7,0.001668,0.001384,96
2026-06-02 21:20:40,7,0.001670,0.001389,96
2026-06-02 21:20:40,7,0.001678,0.001388,96
2026-06-02 21:20:40,7,0.001667,0.001398,96
2026-06-02 21:20:40,7,0.001738,0.001391,96
2026-06-02 21:20:40,7,0.001687,0.001385,96
2026-06-02 21:20:40,7,0.001677,0.001458,96
2026-06-02 21:20:40,7,0.001672,0.001390,96
2026-06-02 21:20:40,7,0.001673,0.001388,96
2026-06-02 21:20:40,7,0.001743,0.001392,96
2026-06-02 21:20:40,7,0.001676,0.001385,96
2026-06-02 21:20:40,7,0.001671,0.001525,96
2026-06-02 21:20:40,7,0.001693,0.001391,96
2026-06-02 21:20:40,7,0.001674,0.001390,96
2026-06-02 21:20:40,7,0.001675,0.001394,96
2026-06-02 21:20:40,7,0.001679,0.001387,96
2026-06-02 21:20:40,7,0.001730,0.001390,96
2026-06-02 21:20:40,7,0.001660,0.001383,96
2026-06-02 21:20:40,7,0.001673,0.001470,96
2026-06-02 21:20:40,7,0.001671,0.001392,96
2026-06-02 21:20:40,7,0.001674,0.001394,96
2026-06-02 21:20:40,7,0.001684,0.001389,96
2026-06-02 21:20:40,7,0.001687,0.001388,96
2026-06-02 21:20:40,7,0.001738,0.001391,96
2026-06-02 21:20:40,7,0.001664,0.001390,96
2026-06-02 21:20:40,7,0.001661,0.001440,96
2026-06-02 21:20:40,7,0.001681,0.001383,96
2026-06-02 21:20:40,7,0.001669,0.001388,96
2026-06-02 21:20:40,7,0.001757,0.001394,96
2026-06-02 21:20:40,7,0.001683,0.001390,96
2026-06-02 21:20:40,7,0.001680,0.001452,96
2026-06-02 21:20:40,7,0.001672,0.001429,96
2026-06-02 21:20:40,7,0.001670,0.001385,96
2026-06-02 21:20:40,7,0.001750,0.001454,96
2026-06-02 21:20:40,7,0.001748,0.001446,96
2026-06-02 21:20:40,7,0.001768,0.001445,96
2026-06-02 21:20:40,7,0.001753,0.001444,96
2026-06-02 21:20:40,7,0.001732,0.001466,96
2026-06-02 21:20:40,7,0.001754,0.001447,96
2026-06-02 21:20:40,7,0.001749,0.001463,96
2026-06-02 21:20:40,7,0.001757,0.001443,96
2026-06-02 21:20:40,7,0.001753,0.001451,96
2026-06-02 21:20:40,7,0.001736,0.001445,96
2026-06-02 21:20:40,7,0.001731,0.001440,96
2026-06-02 21:20:40,7,0.001772,0.001448,96
2026-06-02 21:20:40,7,0.001751,0.001447,96
2026-06-02 21:20:40,7,0.001737,0.001476,96
2026-06-02 21:20:40,7,0.001685,0.001392,96
2026-06-02 21:20:40,7,0.001668,0.001386,96
2026-06-02 21:20:40,7,0.001670,0.001387,96
2026-06-02 21:20:40,7,0.001676,0.001406,96
2026-06-02 21:20:40,7,0.001728,0.001388,96
2026-06-02 21:20:40,7,0.001808,0.001387,96
2026-06-02 21:20:40,7,0.001669,0.001444,96
2026-06-02 21:20:40,7,0.001673,0.001392,96
2026-06-02 21:20:40,7,0.001663,0.001389,96
2026-06-02 21:20:40,7,0.001749,0.001391,96
2026-06-02 21:20:40,7,0.001675,0.001384,96
2026-06-02 21:20:40,7,0.001692,0.001438,96
2026-06-02 21:20:40,7,0.001671,0.001382,96
2026-06-02 21:20:40,7,0.001673,0.001386,96
2026-06-02 21:20:40,7,0.001669,0.001387,96
2026-06-02 21:20:40,7,0.001678,0.001392,96
2026-06-02 21:20:40,7,0.001768,0.001497,96
2026-06-02 21:20:40,7,0.001857,0.001698,96
2026-06-02 21:20:40,7,0.001789,0.001474,96
2026-06-02 21:20:40,7,0.001806,0.001628,96
2026-06-02 21:20:40,7,0.001839,0.001619,96
2026-06-02 21:20:40,7,0.001971,0.001572,96
2026-06-02 21:20:40,7,0.002307,0.001607,96
2026-06-02 21:20:40,7,0.001998,0.001655,96
2026-06-02 21:20:40,7,0.001873,0.001782,96
2026-06-02 21:20:40,7,0.001805,0.001556,96
2026-06-02 21:20:40,7,0.001754,0.001459,96
2026-06-02 21:20:40,7,0.001744,0.001453,96
2026-06-02 21:20:40,7,0.002014,0.001641,96
2026-06-02 21:20:40,7,0.001752,0.001459,96
2026-06-02 21:20:40,7,0.001755,0.001461,96
2026-06-02 21:20:40,7,0.001766,0.001532,96
2026-06-02 21:20:40,7,0.001877,0.001579,96
2026-06-02 21:20:40,7,0.001764,0.001458,96
2026-06-02 21:20:40,7,0.001819,0.001456,96
2026-06-02 21:20:40,7,0.002183,0.001702,96
2026-06-02 21:20:40,7,0.001783,0.001460,96
2026-06-02 21:20:40,7,0.001754,0.001466,96
2026-06-02 21:20:40,7,0.001765,0.001453,96
2026-06-02 21:20:40,7,0.002130,0.001633,96
2026-06-02 21:20:40,7,0.001779,0.001451,96
2026-06-02 21:20:40,7,0.001734,0.001575,96
2026-06-02 21:20:40,7,0.001760,0.001658,96
2026-06-02 21:20:40,7,0.001792,0.001557,96
2026-06-02 21:20:40,7,0.002104,0.001583,96
2026-06-02 21:20:40,7,0.001765,0.001460,96
2026-06-02 21:20:40,7,0.001842,0.001572,96
2026-06-02 21:20:40,7,0.001756,0.001479,96
2026-06-02 21:20:40,7,0.001778,0.001469,96
2026-06-02 21:20:40,7,0.001847,0.001620,96
2026-06-02 21:20:40,7,0.001806,0.001474,96
2026-06-02 21:20:40,7,0.001768,0.001476,96
2026-06-02 21:20:40,7,0.001791,0.001505,96
2026-06-02 21:20:40,7,0.001790,0.001459,96
2026-06-02 21:20:40,7,0.001713,0.001393,96
2026-06-02 21:20:40,7,0.001749,0.001390,96
2026-06-02 21:20:40,7,0.001682,0.001389,96
2026-06-02 21:20:40,7,0.001691,0.001429,96
2026-06-02 21:20:40,7,0.001685,0.001394,96
2026-06-02 21:20:40,7,0.001686,0.001383,96
2026-06-02 21:20:40,7,0.001739,0.001390,96
2026-06-02 21:20:40,7,0.001663,0.001390,96
2026-06-02 21:20:40,7,0.001661,0.001464,96
2026-06-02 21:20:40,7,0.001664,0.001395,96
2026-06-02 21:20:40,7,0.001669,0.001385,96
2026-06-02 21:20:40,7,0.001674,0.001388,96
2026-06-02 21:20:40,7,0.001663,0.001396,96
2026-06-02 21:20:40,7,0.001743,0.001409,96
2026-06-02 21:20:40,7,0.001672,0.001409,96
2026-06-02 21:20:40,7,0.001672,0.001484,96
2026-06-02 21:20:40,7,0.001673,0.001386,96
2026-06-02 21:20:40,7,0.001665,0.001388,96
2026-06-02 21:20:40,7,0.001665,0.001428,96
2026-06-02 21:20:40,7,0.001668,0.001385,96
2026-06-02 21:20:40,7,0.001724,0.001387,96
2026-06-02 21:20:40,7,0.001686,0.001387,96
2026-06-02 21:20:40,7,0.001682,0.001430,96
2026-06-02 21:20:40,7,0.001735,0.001434,96
2026-06-02 21:20:40,7,0.001679,0.001387,96
2026-06-02 21:20:40,7,0.001728,0.001391,96
2026-06-02 21:20:40,7,0.001661,0.001433,96
2026-06-02 21:20:40,7,0.001664,0.001442,96
2026-06-02 21:20:40,7,0.001710,0.001391,96
2026-06-02 21:20:40,7,0.001664,0.001398,96
2026-06-02 21:20:40,7,0.001720,0.001494,96
2026-06-02 21:20:40,7,0.001744,0.001454,96
2026-06-02 21:20:40,7,0.001774,0.001456,96
2026-06-02 21:20:40,7,0.001726,0.001457,96
2026-06-02 21:20:40,7,0.001729,0.001461,96
2026-06-02 21:20:40,7,0.001746,0.001426,96
2026-06-02 21:20:40,7,0.001675,0.001398,96
2026-06-02 21:20:40,7,0.001937,0.001633,96
2026-06-02 21:20:40,7,0.001815,0.001575,96
2026-06-02 21:20:40,7,0.001771,0.001472,96
2026-06-02 21:20:40,7,0.001761,0.001466,96
2026-06-02 21:20:40,7,0.001799,0.001519,96
2026-06-02 21:20:40,7,0.001750,0.001496,96
2026-06-02 21:20:40,7,0.001813,0.001454,96
2026-06-02 21:20:40,7,0.001768,0.001455,96
2026-06-02 21:20:40,7,0.001738,0.001482,96
2026-06-02 21:20:40,7,0.001742,0.001453,96
2026-06-02 21:20:40,7,0.001740,0.001454,96
2026-06-02 21:20:40,7,0.001757,0.001451,96
2026-06-02 21:20:40,7,0.001750,0.001444,96
2026-06-02 21:20:40,7,0.001770,0.001394,96
2026-06-02 21:20:40,7,0.001687,0.001384,96
2026-06-02 21:20:40,7,0.001675,0.001482,96
2026-06-02 21:20:40,7,0.001682,0.001391,96
2026-06-02 21:20:40,7,0.001679,0.001389,96
2026-06-02 21:20:40,7,0.001676,0.001393,96
2026-06-02 21:20:40,7,0.001668,0.001406,96
2026-06-02 21:20:40,7,0.001780,0.001435,96
2026-06-02 21:20:40,7,0.001664,0.001392,96
2026-06-02 21:20:40,7,0.001667,0.001445,96
2026-06-02 21:20:40,7,0.001673,0.001394,96
2026-06-02 21:20:40,7,0.001670,0.001387,96
2026-06-02 21:20:40,7,0.001686,0.001389,96
2026-06-02 21:20:40,7,0.001681,0.001388,96
2026-06-02 21:20:40,7,0.001738,0.001462,96
2026-06-02 21:20:40,7,0.001738,0.001444,96
2026-06-02 21:20:40,7,0.001735,0.001457,96
2026-06-02 21:20:40,7,0.001746,0.001450,96
2026-06-02 21:20:40,7,0.001743,0.001447,96
2026-06-02 21:20:40,7,0.001684,0.001396,96
2026-06-02 21:20:40,7,0.001671,0.001394,96
2026-06-02 21:20:40,7,0.001748,0.001387,96
2026-06-02 21:20:40,7,0.001669,0.001387,96
2026-06-02 21:20:40,7,0.001663,0.001386,96
2026-06-02 21:20:40,7,0.001674,0.001390,96
2026-06-02 21:20:40,7,0.001669,0.001385,96
2026-06-02 21:20:40,7,0.001726,0.001390,96
2026-06-02 21:20:40,7,0.001685,0.001387,96
2026-06-02 21:20:40,7,0.001690,0.001456,96
2026-06-02 21:20:40,7,0.001660,0.001387,96
2026-06-02 21:20:40,7,0.001670,0.001385,96
2026-06-02 21:20:40,7,0.001667,0.001390,96
2026-06-02 21:20:40,7,0.001657,0.001389,96
2026-06-02 21:20:40,7,0.001724,0.001393,96
2026-06-02 21:20:40,7,0.001688,0.001393,96
2026-06-02 21:20:40,7,0.001670,0.001454,96
2026-06-02 21:20:40,7,0.001668,0.001386,96
2026-06-02 21:20:40,7,0.001684,0.001384,96
2026-06-02 21:20:40,7,0.001776,0.001387,96
2026-06-02 21:20:40,7,0.001688,0.001383,96
2026-06-02 21:20:40,7,0.001670,0.001458,96
2026-06-02 21:20:40,7,0.001677,0.001383,96
2026-06-02 21:20:40,7,0.001671,0.001387,96
2026-06-02 21:20:40,7,0.001684,0.001399,96
2026-06-02 21:20:40,7,0.001668,0.001386,96
2026-06-02 21:20:40,7,0.001740,0.001386,96
2026-06-02 21:20:40,7,0.001667,0.001388,96
2026-06-02 21:20:40,7,0.001671,0.001447,96
2026-06-02 21:20:40,7,0.001671,0.001391,96
2026-06-02 21:20:40,7,0.001673,0.001393,96
2026-06-02 21:20:40,7,0.001701,0.001388,96
2026-06-02 21:20:40,7,0.001681,0.001384,96
2026-06-02 21:20:40,7,0.001717,0.001390,96
2026-06-02 21:20:40,7,0.001681,0.001387,96
2026-06-02 21:20:40,7,0.001672,0.001388,96
2026-06-02 21:20:40,7,0.001756,0.001472,96
2026-06-02 21:20:40,7,0.001828,0.001611,96
2026-06-02 21:20:40,7,0.001719,0.001405,96
2026-06-02 21:20:40,7,0.001682,0.001398,96
2026-06-02 21:20:40,7,0.001729,0.001387,96
2026-06-02 21:20:40,7,0.001664,0.001395,96
2026-06-02 21:20:40,7,0.001663,0.001421,96
2026-06-02 21:20:40,7,0.001681,0.001391,96
2026-06-02 21:20:40,7,0.001682,0.001391,96
2026-06-02 21:20:40,7,0.001816,0.001452,96
2026-06-02 21:20:40,7,0.001729,0.001455,96
2026-06-02 21:20:40,7,0.001779,0.001453,96
2026-06-02 21:20:40,7,0.001746,0.001454,96
2026-06-02 21:20:40,7,0.001756,0.001470,96
2026-06-02 21:20:40,7,0.001751,0.001462,96
2026-06-02 21:20:40,7,0.001755,0.001448,96
2026-06-02 21:20:40,7,0.001754,0.001451,96
2026-06-02 21:20:40,7,0.001744,0.001450,96
2026-06-02 21:20:40,7,0.001775,0.001448,96
2026-06-02 21:20:40,8,0.001657,0.001494,44
2026-06-02 21:20:40,8,0.001631,0.001799,44
2026-06-02 21:20:40,8,0.001866,0.001611,44
2026-06-02 21:20:40,8,0.001673,0.001629,44
2026-06-02 21:20:40,8,0.002298,0.001563,44
2026-06-02 21:20:40,8,0.001628,0.001446,44
2026-06-02 21:20:40,8,0.001664,0.001446,44
2026-06-02 21:20:40,8,0.002018,0.001723,44
2026-06-02 21:20:40,8,0.001696,0.001458,44
2026-06-02 21:20:40,8,0.001634,0.001478,44
2026-06-02 21:20:40,8,0.001737,0.001470,44
2026-06-02 21:20:40,8,0.001751,0.001523,44
2026-06-02 21:20:40,8,0.001637,0.001472,44
2026-06-02 21:20:40,8,0.001650,0.001462,44
2026-06-02 21:20:40,8,0.001643,0.001462,44
2026-06-02 21:20:40,8,0.001658,0.001449,44
2026-06-02 21:20:40,8,0.001628,0.001439,44
2026-06-02 21:20:40,8,0.001618,0.001496,44
2026-06-02 21:20:40,8,0.001636,0.001443,44
2026-06-02 21:20:40,8,0.001631,0.001444,44
2026-06-02 21:20:40,8,0.001622,0.001443,44
2026-06-02 21:20:40,8,0.001617,0.001444,44
2026-06-02 21:20:40,8,0.001631,0.001451,44
2026-06-02 21:20:40,8,0.001637,0.001441,44
2026-06-02 21:20:40,8,0.001626,0.001435,44
2026-06-02 21:20:40,8,0.001555,0.001382,44
2026-06-02 21:20:40,8,0.001562,0.001380,44
2026-06-02 21:20:40,8,0.001599,0.001435,44
2026-06-02 21:20:40,8,0.001570,0.001383,44
2026-06-02 21:20:40,8,0.001554,0.001376,44
2026-06-02 21:20:40,8,0.001559,0.001375,44
2026-06-02 21:20:40,8,0.001553,0.001420,44
2026-06-02 21:20:40,8,0.001549,0.001444,44
2026-06-02 21:20:40,8,0.001565,0.001383,44
2026-06-02 21:20:40,8,0.001556,0.001379,44
2026-06-02 21:20:40,8,0.001601,0.001430,44
2026-06-02 21:20:40,8,0.001544,0.001378,44
2026-06-02 21:20:40,8,0.001552,0.001434,44
2026-06-02 21:20:40,8,0.001547,0.001390,44
2026-06-02 21:20:40,8,0.001572,0.001381,44
2026-06-02 21:20:40,8,0.001657,0.001382,44
2026-06-02 21:20:40,8,0.001555,0.001381,44
2026-06-02 21:20:40,8,0.001546,0.001436,44
2026-06-02 21:20:40,8,0.001555,0.001386,44
2026-06-02 21:20:40,8,0.001700,0.001384,44
2026-06-02 21:20:40,8,0.001609,0.001387,44
2026-06-02 21:20:40,8,0.001560,0.001377,44
2026-06-02 21:20:40,8,0.001562,0.001442,44
2026-06-02 21:20:40,8,0.001561,0.001380,44
2026-06-02 21:20:40,8,0.001558,0.001384,44
2026-06-02 21:20:40,8,0.001618,0.001382,44
2026-06-02 21:20:40,8,0.001540,0.001386,44
2026-06-02 21:20:40,8,0.001556,0.001509,44
2026-06-02 21:20:40,8,0.001564,0.001383,44
2026-06-02 21:20:40,8,0.001557,0.001383,44
2026-06-02 21:20:40,8,0.001632,0.001382,44
2026-06-02 21:20:40,8,0.001549,0.001375,44
2026-06-02 21:20:40,8,0.001552,0.001377,44
2026-06-02 21:20:40,8,0.001593,0.001438,44
2026-06-02 21:20:40,8,0.001546,0.001387,44
2026-06-02 21:20:40,8,0.001662,0.001386,44
2026-06-02 21:20:40,8,0.001550,0.001385,44
2026-06-02 21:20:40,8,0.001557,0.001383,44
2026-06-02 21:20:40,8,0.001648,0.001405,44
2026-06-02 21:20:40,8,0.001556,0.001387,44
2026-06-02 21:20:40,8,0.001605,0.001385,44
2026-06-02 21:20:40,8,0.001573,0.001381,44
2026-06-02 21:20:40,8,0.001554,0.001389,44
2026-06-02 21:20:40,8,0.001564,0.001388,44
2026-06-02 21:20:40,8,0.001561,0.001388,44
2026-06-02 21:20:40,8,0.001556,0.001447,44
2026-06-02 21:20:40,8,0.001554,0.001384,44
2026-06-02 21:20:40,8,0.001551,0.001383,44
2026-06-02 21:20:40,8,0.001581,0.001398,44
2026-06-02 21:20:40,8,0.001554,0.001376,44
2026-06-02 21:20:40,8,0.001555,0.001432,44
2026-06-02 21:20:40,8,0.001552,0.001382,44
2026-06-02 21:20:40,8,0.001545,0.001381,44
2026-06-02 21:20:40,8,0.001669,0.001384,44
2026-06-02 21:20:40,8,0.001556,0.001384,44
2026-06-02 21:20:40,8,0.001559,0.001435,44
2026-06-02 21:20:40,8,0.001546,0.001387,44
2026-06-02 21:20:40,8,0.001567,0.001386,44
2026-06-02 21:20:40,8,0.001665,0.001393,44
2026-06-02 21:20:40,8,0.001557,0.001387,44
2026-06-02 21:20:40,8,0.001551,0.001457,44
2026-06-02 21:20:40,8,0.001547,0.001386,44
2026-06-02 21:20:40,8,0.001555,0.001383,44
2026-06-02 21:20:40,8,0.001663,0.001395,44
2026-06-02 21:20:40,8,0.001558,0.001383,44
2026-06-02 21:20:40,8,0.001567,0.001434,44
2026-06-02 21:20:40,8,0.001553,0.001391,44
2026-06-02 21:20:40,8,0.001557,0.001379,44
2026-06-02 21:20:40,8,0.001647,0.001383,44
2026-06-02 21:20:40,8,0.001552,0.001394,44
2026-06-02 21:20:40,8,0.001558,0.001415,44
2026-06-02 21:20:40,8,0.001560,0.001386,44
2026-06-02 21:20:40,8,0.001558,0.001373,44
2026-06-02 21:20:40,8,0.001619,0.001383,44
2026-06-02 21:20:40,8,0.001547,0.001384,44
2026-06-02 21:20:40,8,0.001565,0.001380,44
2026-06-02 21:20:40,8,0.001560,0.001376,44
2026-06-02 21:20:40,8,0.001561,0.001383,44
2026-06-02 21:20:40,8,0.001616,0.001413,44
2026-06-02 21:20:40,8,0.001549,0.001379,44
2026-06-02 21:20:40,8,0.001550,0.001378,44
2026-06-02 21:20:40,8,0.001558,0.001375,44
2026-06-02 21:20:40,8,0.001540,0.001375,44
2026-06-02 21:20:40,8,0.001548,0.001487,44
2026-06-02 21:20:40,8,0.001560,0.001377,44
2026-06-02 21:20:40,8,0.001552,0.001380,44
2026-06-02 21:20:40,8,0.001560,0.001383,44
2026-06-02 21:20:40,8,0.001555,0.001384,44
2026-06-02 21:20:40,8,0.001545,0.001544,44
2026-06-02 21:20:40,8,0.001573,0.001440,44
2026-06-02 21:20:40,8,0.001628,0.001438,44
2026-06-02 21:20:40,8,0.001648,0.001480,44
2026-06-02 21:20:40,8,0.001553,0.001380,44
2026-06-02 21:20:40,8,0.001614,0.001387,44
2026-06-02 21:20:40,8,0.001553,0.001382,44
2026-06-02 21:20:40,8,0.001552,0.001383,44
2026-06-02 21:20:40,8,0.001555,0.001380,44
2026-06-02 21:20:40,8,0.001556,0.001378,44
2026-06-02 21:20:40,8,0.001558,0.001453,44
2026-06-02 21:20:40,8,0.001553,0.001381,44
2026-06-02 21:20:40,8,0.001561,0.001383,44
2026-06-02 21:20:40,8,0.001595,0.001380,44
2026-06-02 21:20:40,8,0.001563,0.001384,44
2026-06-02 21:20:40,8,0.001544,0.001436,44
2026-06-02 21:20:40,8,0.001560,0.001382,44
2026-06-02 21:20:40,8,0.001563,0.001383,44
2026-06-02 21:20:40,8,0.001649,0.001388,44
2026-06-02 21:20:40,8,0.001544,0.001378,44
2026-06-02 21:20:40,8,0.001560,0.001437,44
2026-06-02 21:20:40,8,0.001551,0.001377,44
2026-06-02 21:20:40,8,0.001549,0.001402,44
2026-06-02 21:20:40,8,0.001621,0.001381,44
2026-06-02 21:20:40,8,0.001545,0.001380,44
2026-06-02 21:20:40,8,0.001569,0.001454,44
2026-06-02 21:20:40,8,0.001561,0.001384,44
2026-06-02 21:20:40,8,0.001552,0.001392,44
2026-06-02 21:20:40,8,0.001616,0.001381,44
2026-06-02 21:20:40,8,0.001561,0.001377,44
2026-06-02 21:20:40,8,0.001555,0.001378,44
2026-06-02 21:20:40,8,0.001556,0.001394,44
2026-06-02 21:20:40,8,0.001550,0.001382,44
2026-06-02 21:20:40,8,0.001615,0.001388,44
2026-06-02 21:20:40,8,0.001557,0.001375,44
2026-06-02 21:20:40,8,0.001550,0.001380,44
2026-06-02 21:20:40,8,0.001553,0.001385,44
2026-06-02 21:20:40,8,0.001553,0.001383,44
2026-06-02 21:20:40,8,0.001568,0.001479,44
2026-06-02 21:20:40,8,0.001560,0.001375,44
2026-06-02 21:20:40,8,0.001563,0.001389,44
2026-06-02 21:20:40,8,0.001562,0.001385,44
2026-06-02 21:20:40,8,0.001553,0.001376,44
2026-06-02 21:20:40,8,0.001548,0.001433,44
2026-06-02 21:20:40,8,0.001559,0.001377,44
2026-06-02 21:20:40,8,0.001591,0.001384,44
2026-06-02 21:20:40,8,0.001603,0.001385,44
2026-06-02 21:20:40,8,0.001554,0.001380,44
2026-06-02 21:20:40,8,0.001550,0.001492,44
2026-06-02 21:20:40,8,0.001560,0.001380,44
2026-06-02 21:20:40,8,0.001561,0.001379,44
2026-06-02 21:20:40,8,0.001664,0.001383,44
2026-06-02 21:20:40,8,0.001556,0.001383,44
2026-06-02 21:20:40,8,0.001558,0.001441,44
2026-06-02 21:20:40,8,0.001553,0.001379,44
2026-06-02 21:20:40,8,0.001561,0.001381,44
2026-06-02 21:20:40,8,0.001738,0.001537,44
2026-06-02 21:20:40,8,0.001616,0.001438,44
2026-06-02 21:20:40,8,0.001616,0.001456,44
2026-06-02 21:20:40,8,0.001614,0.001427,44
2026-06-02 21:20:40,8,0.001557,0.001379,44
2026-06-02 21:20:40,8,0.001617,0.001382,44
2026-06-02 21:20:40,8,0.001550,0.001385,44
2026-06-02 21:20:40,8,0.001547,0.001453,44
2026-06-02 21:20:40,8,0.001558,0.001374,44
2026-06-02 21:20:40,8,0.001559,0.001379,44
2026-06-02 21:20:40,8,0.001601,0.001381,44
2026-06-02 21:20:40,8,0.001555,0.001379,44
2026-06-02 21:20:40,8,0.001548,0.001411,44
2026-06-02 21:20:40,8,0.001560,0.001378,44
2026-06-02 21:20:40,8,0.001824,0.001559,44
2026-06-02 21:20:40,8,0.001626,0.001381,44
2026-06-02 21:20:40,8,0.001608,0.001441,44
2026-06-02 21:20:40,8,0.001607,0.001447,44
2026-06-02 21:20:40,8,0.001608,0.001438,44
2026-06-02 21:20:40,8,0.001614,0.001434,44
2026-06-02 21:20:40,8,0.001624,0.001435,44
2026-06-02 21:20:40,8,0.001594,0.001375,44
2026-06-02 21:20:40,8,0.001561,0.001452,44
2026-06-02 21:20:40,8,0.001544,0.001382,44
2026-06-02 21:20:40,8,0.001559,0.001376,44
2026-06-02 21:20:40,8,0.001603,0.001378,44
2026-06-02 21:20:40,8,0.001552,0.001377,44
2026-06-02 21:20:40,8,0.001548,0.001431,44
2026-06-02 21:20:40,8,0.001555,0.001379,44
2026-06-02 21:20:40,8,0.001566,0.001391,44
2026-06-02 21:20:40,8,0.001652,0.001386,44
2026-06-02 21:20:40,8,0.001563,0.001380,44
2026-06-02 21:20:40,8,0.001833,0.001438,44
2026-06-02 21:20:40,8,0.001557,0.001382,44
2026-06-02 21:20:40,8,0.001558,0.001386,44
2026-06-02 21:20:40,8,0.001630,0.001491,44
2026-06-02 21:20:40,8,0.001673,0.001544,44
2026-06-02 21:20:40,8,0.001663,0.001511,44
2026-06-02 21:20:40,8,0.001660,0.001476,44
2026-06-02 21:20:40,8,0.001631,0.001462,44
2026-06-02 21:20:40,8,0.001630,0.001447,44
2026-06-02 21:20:40,8,0.001621,0.001440,44
2026-06-02 21:20:40,8,0.001788,0.001436,44
2026-06-02 21:20:40,8,0.001636,0.001386,44
2026-06-02 21:20:40,8,0.001555,0.001378,44
2026-06-02 21:20:40,8,0.001561,0.001384,44
2026-06-02 21:20:40,8,0.001544,0.001385,44
2026-06-02 21:20:40,8,0.001552,0.001468,44
2026-06-02 21:20:40,8,0.001576,0.001388,44
2026-06-02 21:20:40,8,0.001560,0.001386,44
2026-06-02 21:20:40,8,0.001561,0.001388,44
2026-06-02 21:20:40,8,0.001566,0.001379,44
2026-06-02 21:20:40,8,0.001559,0.001460,44
2026-06-02 21:20:40,8,0.001551,0.001382,44
2026-06-02 21:20:40,8,0.001565,0.001385,44
2026-06-02 21:20:40,8,0.001674,0.001388,44
2026-06-02 21:20:40,8,0.001553,0.001383,44
2026-06-02 21:20:40,8,0.001545,0.001435,44
2026-06-02 21:20:40,8,0.001563,0.001378,44
2026-06-02 21:20:40,8,0.001566,0.001377,44
2026-06-02 21:20:40,8,0.001659,0.001442,44
2026-06-02 21:20:40,8,0.001628,0.001536,44
2026-06-02 21:20:40,8,0.001737,0.001489,44
2026-06-02 21:20:40,8,0.001565,0.001393,44
2026-06-02 21:20:40,8,0.001554,0.001384,44
2026-06-02 21:20:40,8,0.001546,0.001385,44
2026-06-02 21:20:40,8,0.001551,0.001386,44
2026-06-02 21:20:40,8,0.001556,0.001457,44
2026-06-02 21:20:40,8,0.001555,0.001378,44
2026-06-02 21:20:40,8,0.001561,0.001386,44
2026-06-02 21:20:40,8,0.001617,0.001394,44
2026-06-02 21:20:40,8,0.001548,0.001384,44
2026-06-02 21:20:40,8,0.001554,0.001432,44
2026-06-02 21:20:40,8,0.001564,0.001382,44
2026-06-02 21:20:40,8,0.001548,0.001379,44
2026-06-02 21:20:40,8,0.001604,0.001381,44
2026-06-02 21:20:40,8,0.001560,0.001377,44
2026-06-02 21:20:40,8,0.001560,0.001434,44
2026-06-02 21:20:40,8,0.001554,0.001382,44
2026-06-02 21:20:40,8,0.001549,0.001374,44
2026-06-02 21:20:40,8,0.001616,0.001375,44
2026-06-02 21:20:40,8,0.001554,0.001379,44
2026-06-02 21:20:40,8,0.001564,0.001375,44
2026-06-02 21:20:40,8,0.001545,0.001381,44
2026-06-02 21:20:40,8,0.001561,0.001379,44
2026-06-02 21:20:40,8,0.001616,0.001385,44
2026-06-02 21:20:40,8,0.001560,0.001380,44
2026-06-02 21:20:40,8,0.001543,0.001376,44
2026-06-02 21:20:40,8,0.001565,0.001380,44
2026-06-02 21:20:40,8,0.001553,0.001377,44
2026-06-02 21:20:40,8,0.001555,0.001456,44
2026-06-02 21:20:40,8,0.001538,0.001387,44
2026-06-02 21:20:40,8,0.001551,0.001374,44
2026-06-02 21:20:40,8,0.001548,0.001392,44
2026-06-02 21:20:40,8,0.001554,0.001379,44
2026-06-02 21:20:40,8,0.001545,0.001436,44
2026-06-02 21:20:40,8,0.001559,0.001377,44
2026-06-02 21:20:40,8,0.001548,0.001376,44
2026-06-02 21:20:40,8,0.001630,0.001378,44
2026-06-02 21:20:40,8,0.001554,0.001377,44
2026-06-02 21:20:40,8,0.001544,0.001433,44
2026-06-02 21:20:40,8,0.001555,0.001378,44
2026-06-02 21:20:40,8,0.001559,0.001377,44
2026-06-02 21:20:40,8,0.001608,0.001379,44
2026-06-02 21:20:40,8,0.001549,0.001381,44
2026-06-02 21:20:40,8,0.001555,0.001432,44
2026-06-02 21:20:40,8,0.001583,0.001397,44
2026-06-02 21:20:40,8,0.001557,0.001383,44
2026-06-02 21:20:40,8,0.001606,0.001380,44
2026-06-02 21:20:40,8,0.001561,0.001376,44
2026-06-02 21:20:40,8,0.001559,0.001433,44
2026-06-02 21:20:40,8,0.001561,0.001381,44
2026-06-02 21:20:40,8,0.001553,0.001378,44
2026-06-02 21:20:40,8,0.001621,0.001381,44
2026-06-02 21:20:40,8,0.001559,0.001376,44
2026-06-02 21:20:40,8,0.001552,0.001384,44
2026-06-02 21:20:40,8,0.001549,0.001378,44
2026-06-02 21:20:40,8,0.001557,0.001380,44
2026-06-02 21:20:40,8,0.001610,0.001377,44
2026-06-02 21:20:40,8,0.001552,0.001376,44
2026-06-02 21:20:40,8,0.001557,0.001376,44
2026-06-02 21:20:40,8,0.001537,0.001380,44
2026-06-02 21:20:40,8,0.001556,0.001378,44
2026-06-02 21:20:40,8,0.001550,0.001435,44
2026-06-02 21:20:40,8,0.001550,0.001395,44
2026-06-02 21:20:40,8,0.001546,0.001381,44
2026-06-02 21:20:40,8,0.001541,0.001373,44
2026-06-02 21:20:40,8,0.001551,0.001376,44
2026-06-02 21:20:40,8,0.001550,0.001451,44
2026-06-02 21:20:40,8,0.001556,0.001377,44
2026-06-02 21:20:40,8,0.001597,0.001378,44
2026-06-02 21:20:40,8,0.001599,0.001386,44
2026-06-02 21:20:40,8,0.001544,0.001379,44
2026-06-02 21:20:40,8,0.001540,0.001434,44
2026-06-02 21:20:40,8,0.001558,0.001380,44
2026-06-02 21:20:40,8,0.001546,0.001374,44
2026-06-02 21:20:40,8,0.001624,0.001383,44
2026-06-02 21:20:40,8,0.001564,0.001379,44
2026-06-02 21:20:40,8,0.001563,0.001434,44
2026-06-02 21:20:40,8,0.001556,0.001377,44
2026-06-02 21:20:40,8,0.001557,0.001378,44
2026-06-02 21:20:40,8,0.001614,0.001376,44
2026-06-02 21:20:40,8,0.001553,0.001374,44
2026-06-02 21:20:40,8,0.001550,0.001398,44
2026-06-02 21:20:40,8,0.001567,0.001374,44
2026-06-02 21:20:40,8,0.001550,0.001386,44
2026-06-02 21:20:40,8,0.001615,0.001374,44
2026-06-02 21:20:40,8,0.001559,0.001379,44
2026-06-02 21:20:40,8,0.001546,0.001378,44
2026-06-02 21:20:40,8,0.001547,0.001385,44
2026-06-02 21:20:40,8,0.001565,0.001375,44
2026-06-02 21:20:40,8,0.001554,0.001449,44
2026-06-02 21:20:40,8,0.001563,0.001376,44
2026-06-02 21:20:40,8,0.001546,0.001377,44
2026-06-02 21:20:40,8,0.001557,0.001380,44
2026-06-02 21:20:40,8,0.001552,0.001377,44
2026-06-02 21:20:40,8,0.001548,0.001438,44
2026-06-02 21:20:40,8,0.001554,0.001377,44
2026-06-02 21:20:40,8,0.001565,0.001375,44
2026-06-02 21:20:40,8,0.001631,0.001379,44
2026-06-02 21:20:40,8,0.001566,0.001377,44
2026-06-02 21:20:40,8,0.001558,0.001431,44
2026-06-02 21:20:40,8,0.001553,0.001375,44
2026-06-02 21:20:40,8,0.001548,0.001377,44
2026-06-02 21:20:40,8,0.001606,0.001375,44
2026-06-02 21:20:40,8,0.001549,0.001380,44
2026-06-02 21:20:40,8,0.001549,0.001440,44
2026-06-02 21:20:40,8,0.001550,0.001374,44
2026-06-02 21:20:40,8,0.001551,0.001375,44
2026-06-02 21:20:40,8,0.001642,0.001386,44
2026-06-02 21:20:40,8,0.001561,0.001380,44
2026-06-02 21:20:40,8,0.001543,0.001381,44
2026-06-02 21:20:40,8,0.001555,0.001373,44
2026-06-02 21:20:40,8,0.001558,0.001370,44
2026-06-02 21:20:40,8,0.001613,0.001377,44
2026-06-02 21:20:40,8,0.001547,0.001373,44
2026-06-02 21:20:40,8,0.001553,0.001372,44
2026-06-02 21:20:40,8,0.001556,0.001376,44
2026-06-02 21:20:40,8,0.001557,0.001375,44
2026-06-02 21:20:40,8,0.001556,0.001431,44
2026-06-02 21:20:40,8,0.001553,0.001374,44
2026-06-02 21:20:40,8,0.001554,0.001374,44
2026-06-02 21:20:40,8,0.001622,0.001380,44
2026-06-02 21:20:40,8,0.001566,0.001371,44
2026-06-02 21:20:40,8,0.001551,0.001431,44
2026-06-02 21:20:40,8,0.001549,0.001379,44
2026-06-02 21:20:40,8,0.001555,0.001386,44
2026-06-02 21:20:40,8,0.001620,0.001381,44
2026-06-02 21:20:40,8,0.001545,0.001384,44
2026-06-02 21:20:40,8,0.001557,0.001446,44
2026-06-02 21:20:40,8,0.001657,0.001403,44
2026-06-02 21:20:40,8,0.001547,0.001384,44
2026-06-02 21:20:40,8,0.001606,0.001381,44
2026-06-02 21:20:40,8,0.001548,0.001379,44
2026-06-02 21:20:40,8,0.001554,0.001425,44
2026-06-02 21:20:40,8,0.001559,0.001395,44
2026-06-02 21:20:40,8,0.001559,0.001384,44
2026-06-02 21:20:40,8,0.001635,0.001378,44
2026-06-02 21:20:40,8,0.001550,0.001379,44
2026-06-02 21:20:40,8,0.001532,0.001382,44
2026-06-02 21:20:40,8,0.001543,0.001376,44
2026-06-02 21:20:40,8,0.001551,0.001373,44
2026-06-02 21:20:40,8,0.001605,0.001382,44
2026-06-02 21:20:40,8,0.001544,0.001376,44
2026-06-02 21:20:40,8,0.001546,0.001375,44
2026-06-02 21:20:40,8,0.001558,0.001380,44
2026-06-02 21:20:40,8,0.001566,0.001378,44
2026-06-02 21:20:40,8,0.001548,0.001437,44
2026-06-02 21:20:40,8,0.001552,0.001374,44
2026-06-02 21:20:40,8,0.001556,0.001373,44
2026-06-02 21:20:40,8,0.001577,0.001376,44
2026-06-02 21:20:40,8,0.001554,0.001372,44
2026-06-02 21:20:40,8,0.001548,0.001445,44
2026-06-02 21:20:40,8,0.001558,0.001376,44
2026-06-02 21:20:40,8,0.001549,0.001373,44
2026-06-02 21:20:40,8,0.001612,0.001375,44
2026-06-02 21:20:40,8,0.001545,0.001382,44
2026-06-02 21:20:40,8,0.001553,0.001429,44
2026-06-02 21:20:40,8,0.001561,0.001375,44
2026-06-02 21:20:40,8,0.001556,0.001378,44
2026-06-02 21:20:40,8,0.001629,0.001388,44
2026-06-02 21:20:40,8,0.001550,0.001378,44
2026-06-02 21:20:40,8,0.001558,0.001395,44
2026-06-02 21:20:40,8,0.001547,0.001380,44
2026-06-02 21:20:40,8,0.001568,0.001378,44
2026-06-02 21:20:40,8,0.001613,0.001401,44
2026-06-02 21:20:40,8,0.001565,0.001383,44
2026-06-02 21:20:40,8,0.001535,0.001378,44
2026-06-02 21:20:40,8,0.001552,0.001379,44
2026-06-02 21:20:40,8,0.001564,0.001381,44
2026-06-02 21:20:40,8,0.001574,0.001623,44
2026-06-02 21:20:40,8,0.001604,0.001453,44
2026-06-02 21:20:40,8,0.001627,0.001449,44
2026-06-02 21:20:40,8,0.001622,0.001442,44
2026-06-02 21:20:40,8,0.001635,0.001441,44
2026-06-02 21:20:40,8,0.001657,0.001454,44
2026-06-02 21:20:40,8,0.001609,0.001387,44
2026-06-02 21:20:40,8,0.001558,0.001431,44
2026-06-02 21:20:40,8,0.001545,0.001378,44
2026-06-02 21:20:40,8,0.001558,0.001386,44
2026-06-02 21:20:40,8,0.001601,0.001385,44
2026-06-02 21:20:40,8,0.001558,0.001374,44
2026-06-02 21:20:40,8,0.001558,0.001381,44
2026-06-02 21:20:40,8,0.001604,0.001390,44
2026-06-02 21:20:40,8,0.001557,0.001385,44
2026-06-02 21:20:40,8,0.001616,0.001377,44
2026-06-02 21:20:40,8,0.001552,0.001374,44
2026-06-02 21:20:40,8,0.001545,0.001375,44
2026-06-02 21:20:40,8,0.001560,0.001374,44
2026-06-02 21:20:40,8,0.001544,0.001375,44
2026-06-02 21:20:40,8,0.001561,0.001444,44
2026-06-02 21:20:40,8,0.001553,0.001388,44
2026-06-02 21:20:40,8,0.001557,0.001379,44
2026-06-02 21:20:40,8,0.001557,0.001377,44
2026-06-02 21:20:40,8,0.001547,0.001378,44
2026-06-02 21:20:40,8,0.001552,0.001428,44
2026-06-02 21:20:40,8,0.001544,0.001387,44
2026-06-02 21:20:40,8,0.001566,0.001378,44
2026-06-02 21:20:40,8,0.001632,0.001387,44
2026-06-02 21:20:40,8,0.001552,0.001375,44
2026-06-02 21:20:40,8,0.001551,0.001430,44
2026-06-02 21:20:40,8,0.001553,0.001377,44
2026-06-02 21:20:40,8,0.001555,0.001373,44
2026-06-02 21:20:40,8,0.001610,0.001378,44
2026-06-02 21:20:40,8,0.001547,0.001378,44
2026-06-02 21:20:40,8,0.001559,0.001446,44
2026-06-02 21:20:40,8,0.001561,0.001377,44
2026-06-02 21:20:40,8,0.001558,0.001379,44
2026-06-02 21:20:40,8,0.001602,0.001383,44
2026-06-02 21:20:40,8,0.001554,0.001377,44
2026-06-02 21:20:40,8,0.001557,0.001381,44
2026-06-02 21:20:40,8,0.001556,0.001373,44
2026-06-02 21:20:40,8,0.001546,0.001374,44
2026-06-02 21:20:40,8,0.001640,0.001375,44
2026-06-02 21:20:40,8,0.001559,0.001373,44
2026-06-02 21:20:40,8,0.001557,0.001374,44
2026-06-02 21:20:40,8,0.001541,0.001376,44
2026-06-02 21:20:40,8,0.001552,0.001372,44
2026-06-02 21:20:40,8,0.001557,0.001425,44
2026-06-02 21:20:40,8,0.001541,0.001375,44
2026-06-02 21:20:40,8,0.001550,0.001377,44
2026-06-02 21:20:40,8,0.001623,0.001379,44
2026-06-02 21:20:40,8,0.001542,0.001377,44
2026-06-02 21:20:40,8,0.001560,0.001440,44
2026-06-02 21:20:40,8,0.001551,0.001375,44
2026-06-02 21:20:40,8,0.001585,0.001398,44
2026-06-02 21:20:40,8,0.001607,0.001379,44
2026-06-02 21:20:40,8,0.001558,0.001374,44
2026-06-02 21:20:40,8,0.001547,0.001445,44
2026-06-02 21:20:40,8,0.001552,0.001378,44
2026-06-02 21:20:40,8,0.001553,0.001374,44
2026-06-02 21:20:40,8,0.001619,0.001377,44
2026-06-02 21:20:40,8,0.001547,0.001378,44
2026-06-02 21:20:40,8,0.001562,0.001375,44
2026-06-02 21:20:40,8,0.001558,0.001377,44
2026-06-02 21:20:40,8,0.001551,0.001375,44
2026-06-02 21:20:40,8,0.001664,0.001376,44
2026-06-02 21:20:40,8,0.001538,0.001370,44
2026-06-02 21:20:40,8,0.001558,0.001372,44
2026-06-02 21:20:40,8,0.001556,0.001378,44
2026-06-02 21:20:40,8,0.001557,0.001378,44
2026-06-02 21:20:40,8,0.001548,0.001433,44
2026-06-02 21:20:40,8,0.001556,0.001374,44
2026-06-02 21:20:40,8,0.001548,0.001374,44
2026-06-02 21:20:40,8,0.001589,0.001379,44
2026-06-02 21:20:40,8,0.001548,0.001374,44
2026-06-02 21:20:40,8,0.001552,0.001431,44
2026-06-02 21:20:40,8,0.001549,0.001377,44
2026-06-02 21:20:40,8,0.001553,0.001371,44
2026-06-02 21:20:40,8,0.001620,0.001374,44
2026-06-02 21:20:40,8,0.001542,0.001373,44
2026-06-02 21:20:40,8,0.001552,0.001444,44
2026-06-02 21:20:40,8,0.001563,0.001377,44
2026-06-02 21:20:40,8,0.001561,0.001375,44
2026-06-02 21:20:40,8,0.001640,0.001441,44
2026-06-02 21:20:40,8,0.001619,0.001504,44
2026-06-02 21:20:40,8,0.001752,0.001503,44
2026-06-02 21:20:40,8,0.001560,0.001381,44
2026-06-02 21:20:40,8,0.001566,0.001389,44
2026-06-02 21:20:40,8,0.001637,0.001388,44
2026-06-02 21:20:40,8,0.001563,0.001377,44
2026-06-02 21:20:40,8,0.001559,0.001433,44
2026-06-02 21:20:40,8,0.001557,0.001395,44
2026-06-02 21:20:40,8,0.001551,0.001386,44
2026-06-02 21:20:40,8,0.001614,0.001387,44
2026-06-02 21:20:40,8,0.001551,0.001390,44
2026-06-02 21:20:40,8,0.001552,0.001471,44
2026-06-02 21:20:40,8,0.001537,0.001383,44
2026-06-02 21:20:40,8,0.001547,0.001378,44
2026-06-02 21:20:40,8,0.001619,0.001373,44
2026-06-02 21:20:40,8,0.001553,0.001382,44
2026-06-02 21:20:40,9,0.002875,0.003847,268
2026-06-02 21:20:40,9,0.003155,0.004637,268
2026-06-02 21:20:40,9,0.002882,0.003287,268
2026-06-02 21:20:40,9,0.003172,0.003778,268
2026-06-02 21:20:40,9,0.002823,0.003140,268
2026-06-02 21:20:40,9,0.003065,0.003369,268
2026-06-02 21:20:40,9,0.002849,0.006989,268
2026-06-02 21:20:40,9,0.002884,0.003184,268
2026-06-02 21:20:40,9,0.002844,0.003163,268
2026-06-02 21:20:40,9,0.002716,0.002993,268
2026-06-02 21:20:40,9,0.002688,0.003043,268
2026-06-02 21:20:40,9,0.002778,0.002982,268
2026-06-02 21:20:40,9,0.002752,0.003219,268
2026-06-02 21:20:40,9,0.002687,0.003034,268
2026-06-02 21:20:40,9,0.002675,0.003030,268
2026-06-02 21:20:40,9,0.002697,0.002979,268
2026-06-02 21:20:40,9,0.002751,0.002974,268
2026-06-02 21:20:40,9,0.002739,0.002991,268
2026-06-02 21:20:40,9,0.002701,0.003354,268
2026-06-02 21:20:40,9,0.002918,0.003322,268
2026-06-02 21:20:40,9,0.002738,0.003121,268
2026-06-02 21:20:40,9,0.002858,0.003271,268
2026-06-02 21:20:40,9,0.002858,0.003089,268
2026-06-02 21:20:40,9,0.002765,0.003004,268
2026-06-02 21:20:40,9,0.002726,0.003241,268
2026-06-02 21:20:40,9,0.002698,0.002992,268
2026-06-02 21:20:40,9,0.002695,0.002995,268
2026-06-02 21:20:40,9,0.002767,0.002996,268
2026-06-02 21:20:40,9,0.002725,0.002983,268
2026-06-02 21:20:40,9,0.002695,0.003048,268
2026-06-02 21:20:40,9,0.002662,0.003164,268
2026-06-02 21:20:40,9,0.002707,0.002992,268
2026-06-02 21:20:40,9,0.002772,0.002992,268
2026-06-02 21:20:40,9,0.002750,0.002976,268
2026-06-02 21:20:40,9,0.002684,0.003042,268
2026-06-02 21:20:40,9,0.002715,0.002986,268
2026-06-02 21:20:40,9,0.002681,0.003157,268
2026-06-02 21:20:40,9,0.002780,0.002979,268
2026-06-02 21:20:40,9,0.002668,0.003037,268
2026-06-02 21:20:40,9,0.002685,0.003024,268
2026-06-02 21:20:40,9,0.002693,0.002972,268
2026-06-02 21:20:40,9,0.002704,0.002982,268
2026-06-02 21:20:40,9,0.002742,0.003160,268
2026-06-02 21:20:40,9,0.002705,0.003035,268
2026-06-02 21:20:40,9,0.002674,0.003051,268
2026-06-02 21:20:40,9,0.002676,0.002988,268
2026-06-02 21:20:40,9,0.002697,0.002978,268
2026-06-02 21:20:40,9,0.002736,0.002982,268
2026-06-02 21:20:40,9,0.002714,0.003246,268
2026-06-02 21:20:40,9,0.002688,0.003031,268
2026-06-02 21:20:40,9,0.002698,0.002978,268
2026-06-02 21:20:40,9,0.002679,0.002981,268
2026-06-02 21:20:40,9,0.002774,0.002977,268
2026-06-02 21:20:40,9,0.002693,0.003037,268
2026-06-02 21:20:40,9,0.002690,0.003213,268
2026-06-02 21:20:40,9,0.002682,0.002971,268
2026-06-02 21:20:40,9,0.002663,0.002983,268
2026-06-02 21:20:40,9,0.002773,0.002983,268
2026-06-02 21:20:40,9,0.002686,0.003045,268
2026-06-02 21:20:40,9,0.002689,0.002976,268
2026-06-02 21:20:40,9,0.002700,0.003170,268
2026-06-02 21:20:40,9,0.002708,0.003007,268
2026-06-02 21:20:40,9,0.002739,0.002980,268
2026-06-02 21:20:40,9,0.002680,0.003078,268
2026-06-02 21:20:40,9,0.002693,0.002975,268
2026-06-02 21:20:40,9,0.002688,0.002977,268
2026-06-02 21:20:40,9,0.002682,0.003164,268
2026-06-02 21:20:40,9,0.002815,0.002997,268
2026-06-02 21:20:40,9,0.002713,0.003039,268
2026-06-02 21:20:40,9,0.002665,0.002980,268
2026-06-02 21:20:40,9,0.002671,0.002981,268
2026-06-02 21:20:40,9,0.002761,0.002982,268
2026-06-02 21:20:40,9,0.002779,0.003168,268
2026-06-02 21:20:40,9,0.002676,0.003050,268
2026-06-02 21:20:40,9,0.002679,0.002987,268
2026-06-02 21:20:40,9,0.002702,0.002974,268
2026-06-02 21:20:40,9,0.002798,0.003000,268
2026-06-02 21:20:40,9,0.002737,0.002981,268
2026-06-02 21:20:40,9,0.002680,0.003273,268
2026-06-02 21:20:40,9,0.002690,0.002986,268
2026-06-02 21:20:40,9,0.002684,0.002984,268
2026-06-02 21:20:40,9,0.002905,0.002994,268
2026-06-02 21:20:40,9,0.002747,0.002987,268
2026-06-02 21:20:40,9,0.002681,0.003045,268
2026-06-02 21:20:40,9,0.002719,0.003160,268
2026-06-02 21:20:40,9,0.002680,0.002985,268
2026-06-02 21:20:40,9,0.002733,0.002980,268
2026-06-02 21:20:40,9,0.002741,0.002996,268
2026-06-02 21:20:40,9,0.002698,0.003040,268
2026-06-02 21:20:40,9,0.002666,0.002982,268
2026-06-02 21:20:40,9,0.002672,0.003194,268
2026-06-02 21:20:40,9,0.002756,0.003014,268
2026-06-02 21:20:40,9,0.002777,0.002985,268
2026-06-02 21:20:40,9,0.002670,0.003058,268
2026-06-02 21:20:40,9,0.002667,0.002978,268
2026-06-02 21:20:40,9,0.002691,0.002980,268
2026-06-02 21:20:40,9,0.002771,0.003165,268
2026-06-02 21:20:40,9,0.002732,0.002989,268
2026-06-02 21:20:40,9,0.002662,0.003104,268
2026-06-02 21:20:40,9,0.002905,0.003401,268
2026-06-02 21:20:40,9,0.002882,0.003499,268
2026-06-02 21:20:40,9,0.002800,0.003138,268
2026-06-02 21:20:40,9,0.002825,0.003302,268
2026-06-02 21:20:40,9,0.002831,0.003119,268
2026-06-02 21:20:40,9,0.002724,0.003063,268
2026-06-02 21:20:40,9,0.002675,0.002987,268
2026-06-02 21:20:40,9,0.002678,0.003005,268
2026-06-02 21:20:40,9,0.002698,0.002986,268
2026-06-02 21:20:40,9,0.002792,0.003165,268
2026-06-02 21:20:40,9,0.002670,0.003058,268
2026-06-02 21:20:40,9,0.002652,0.002984,268
2026-06-02 21:20:40,9,0.002721,0.003020,268
2026-06-02 21:20:40,9,0.002706,0.002993,268
2026-06-02 21:20:40,9,0.002750,0.002988,268
2026-06-02 21:20:40,9,0.002685,0.003354,268
2026-06-02 21:20:40,9,0.003104,0.003499,268
2026-06-02 21:20:40,9,0.002698,0.003006,268
2026-06-02 21:20:40,9,0.002663,0.003002,268
2026-06-02 21:20:40,9,0.002747,0.002992,268
2026-06-02 21:20:40,9,0.002789,0.003005,268
2026-06-02 21:20:40,9,0.002693,0.003233,268
2026-06-02 21:20:40,9,0.002672,0.002988,268
2026-06-02 21:20:40,9,0.002675,0.002997,268
2026-06-02 21:20:40,9,0.002786,0.002997,268
2026-06-02 21:20:40,9,0.002781,0.002990,268
2026-06-02 21:20:40,9,0.002695,0.003047,268
2026-06-02 21:20:40,9,0.002680,0.003161,268
2026-06-02 21:20:40,9,0.002696,0.002981,268
2026-06-02 21:20:40,9,0.002780,0.002986,268
2026-06-02 21:20:40,9,0.002715,0.002985,268
2026-06-02 21:20:40,9,0.002670,0.003236,268
2026-06-02 21:20:40,9,0.002679,0.002981,268
2026-06-02 21:20:40,9,0.002720,0.003170,268
2026-06-02 21:20:40,9,0.002818,0.002996,268
2026-06-02 21:20:40,9,0.002747,0.002987,268
2026-06-02 21:20:40,9,0.002688,0.003052,268
2026-06-02 21:20:40,9,0.002703,0.002994,268
2026-06-02 21:20:40,9,0.002668,0.002981,268
2026-06-02 21:20:40,9,0.002779,0.003163,268
2026-06-02 21:20:40,9,0.002672,0.003044,268
2026-06-02 21:20:40,9,0.002685,0.003040,268
2026-06-02 21:20:40,9,0.002671,0.002985,268
2026-06-02 21:20:40,9,0.002680,0.002992,268
2026-06-02 21:20:40,9,0.002776,0.002988,268
2026-06-02 21:20:40,9,0.002690,0.003229,268
2026-06-02 21:20:40,9,0.002692,0.003089,268
2026-06-02 21:20:40,9,0.002698,0.002995,268
2026-06-02 21:20:40,9,0.002710,0.002981,268
2026-06-02 21:20:40,9,0.002763,0.003000,268
2026-06-02 21:20:40,9,0.002782,0.003088,268
2026-06-02 21:20:40,9,0.002683,0.003282,268
2026-06-02 21:20:40,9,0.002710,0.002982,268
2026-06-02 21:20:40,9,0.002694,0.002977,268
2026-06-02 21:20:40,9,0.002760,0.002981,268
2026-06-02 21:20:40,9,0.002681,0.003029,268
2026-06-02 21:20:40,9,0.002683,0.003201,268
2026-06-02 21:20:40,9,0.002702,0.003166,268
2026-06-02 21:20:40,9,0.002677,0.002987,268
2026-06-02 21:20:40,9,0.002747,0.002990,268
2026-06-02 21:20:40,9,0.002709,0.003046,268
2026-06-02 21:20:40,9,0.002690,0.003061,268
2026-06-02 21:20:40,9,0.002665,0.002990,268
2026-06-02 21:20:40,9,0.002675,0.003162,268
2026-06-02 21:20:40,9,0.002772,0.002995,268
2026-06-02 21:20:40,9,0.002693,0.003058,268
2026-06-02 21:20:40,9,0.002692,0.003086,268
2026-06-02 21:20:40,9,0.002683,0.002992,268
2026-06-02 21:20:40,9,0.002714,0.002985,268
2026-06-02 21:20:40,9,0.002804,0.003183,268
2026-06-02 21:20:40,9,0.002705,0.003041,268
2026-06-02 21:20:40,9,0.002669,0.003053,268
2026-06-02 21:20:40,9,0.002668,0.002984,268
2026-06-02 21:20:40,9,0.002675,0.002981,268
2026-06-02 21:20:40,9,0.002759,0.002983,268
2026-06-02 21:20:40,9,0.002705,0.003266,268
2026-06-02 21:20:40,9,0.002711,0.003041,268
2026-06-02 21:20:40,9,0.002676,0.002965,268
2026-06-02 21:20:40,9,0.002683,0.002988,268
2026-06-02 21:20:40,9,0.002727,0.002983,268
2026-06-02 21:20:40,9,0.002714,0.003062,268
2026-06-02 21:20:40,9,0.002680,0.003215,268
2026-06-02 21:20:40,9,0.002683,0.002985,268
2026-06-02 21:20:40,9,0.002693,0.002982,268
2026-06-02 21:20:40,9,0.002781,0.002988,268
2026-06-02 21:20:40,9,0.002687,0.003033,268
2026-06-02 21:20:40,9,0.002696,0.002980,268
2026-06-02 21:20:40,9,0.002689,0.003155,268
2026-06-02 21:20:40,9,0.002686,0.002991,268
2026-06-02 21:20:40,9,0.002740,0.002985,268
2026-06-02 21:20:40,9,0.002674,0.003045,268
2026-06-02 21:20:40,9,0.002683,0.002977,268
2026-06-02 21:20:40,9,0.002714,0.003160,268
2026-06-02 21:20:40,9,0.002658,0.002983,268
2026-06-02 21:20:40,9,0.002726,0.002986,268
2026-06-02 21:20:40,9,0.002664,0.003049,268
2026-06-02 21:20:40,9,0.002724,0.002973,268
2026-06-02 21:20:40,9,0.002674,0.002983,268
2026-06-02 21:20:40,9,0.002828,0.003159,268
2026-06-02 21:20:40,9,0.002750,0.002980,268
2026-06-02 21:20:40,9,0.002695,0.003037,268
2026-06-02 21:20:40,9,0.002674,0.002983,268
2026-06-02 21:20:40,9,0.002685,0.002993,268
2026-06-02 21:20:40,9,0.002757,0.002975,268
2026-06-02 21:20:40,9,0.002755,0.003169,268
2026-06-02 21:20:40,9,0.002668,0.003051,268
2026-06-02 21:20:40,9,0.002684,0.002987,268
2026-06-02 21:20:40,9,0.002661,0.002990,268
2026-06-02 21:20:40,9,0.002766,0.002986,268
2026-06-02 21:20:40,9,0.002733,0.002987,268
2026-06-02 21:20:40,9,0.002669,0.003222,268
2026-06-02 21:20:40,9,0.002686,0.002976,268
2026-06-02 21:20:40,9,0.002677,0.002984,268
2026-06-02 21:20:40,9,0.002766,0.002983,268
2026-06-02 21:20:40,9,0.002727,0.003001,268
2026-06-02 21:20:40,9,0.002672,0.003043,268
2026-06-02 21:20:40,9,0.002693,0.003155,268
2026-06-02 21:20:40,9,0.002682,0.002977,268
2026-06-02 21:20:40,9,0.002756,0.002976,268
2026-06-02 21:20:40,9,0.002693,0.003034,268
2026-06-02 21:20:40,9,0.002682,0.003029,268
2026-06-02 21:20:40,9,0.002665,0.002974,268
2026-06-02 21:20:40,9,0.002701,0.003191,268
2026-06-02 21:20:40,9,0.002765,0.002986,268
2026-06-02 21:20:40,9,0.002696,0.003033,268
2026-06-02 21:20:40,9,0.002691,0.003058,268
2026-06-02 21:20:40,9,0.002696,0.003040,268
2026-06-02 21:20:40,9,0.002667,0.002981,268
2026-06-02 21:20:40,9,0.002764,0.003157,268
2026-06-02 21:20:40,9,0.002695,0.003063,268
2026-06-02 21:20:40,9,0.002693,0.003032,268
2026-06-02 21:20:40,9,0.002683,0.002979,268
2026-06-02 21:20:40,9,0.002694,0.002977,268
2026-06-02 21:20:40,9,0.002753,0.002983,268
2026-06-02 21:20:40,9,0.002695,0.003209,268
2026-06-02 21:20:40,9,0.002677,0.003028,268
2026-06-02 21:20:40,9,0.002683,0.002982,268
2026-06-02 21:20:40,9,0.002699,0.002991,268
2026-06-02 21:20:40,9,0.002871,0.003107,268
2026-06-02 21:20:40,9,0.002682,0.003043,268
2026-06-02 21:20:40,9,0.002689,0.003233,268
2026-06-02 21:20:40,9,0.002854,0.003521,268
2026-06-02 21:20:40,9,0.002841,0.003238,268
2026-06-02 21:20:40,9,0.002695,0.002997,268
2026-06-02 21:20:40,9,0.002780,0.002994,268
2026-06-02 21:20:40,9,0.002680,0.003053,268
2026-06-02 21:20:40,9,0.002703,0.003218,268
2026-06-02 21:20:40,9,0.002708,0.002990,268
2026-06-02 21:20:40,9,0.002735,0.002994,268
2026-06-02 21:20:40,9,0.002750,0.002979,268
2026-06-02 21:20:40,9,0.002668,0.003036,268
2026-06-02 21:20:40,9,0.002702,0.002987,268
2026-06-02 21:20:40,9,0.002666,0.003157,268
2026-06-02 21:20:40,9,0.002689,0.002982,268
2026-06-02 21:20:40,9,0.002859,0.003166,268
2026-06-02 21:20:40,9,0.002816,0.003152,268
2026-06-02 21:20:40,9,0.002814,0.003125,268
2026-06-02 21:20:40,9,0.002755,0.002991,268
2026-06-02 21:20:40,9,0.002693,0.003182,268
2026-06-02 21:20:40,9,0.002880,0.003087,268
2026-06-02 21:20:40,9,0.002752,0.003026,268
2026-06-02 21:20:40,9,0.002679,0.003032,268
2026-06-02 21:20:40,9,0.002696,0.003025,268
2026-06-02 21:20:40,9,0.002697,0.002992,268
2026-06-02 21:20:40,9,0.002770,0.003180,268
2026-06-02 21:20:40,9,0.002675,0.003035,268
2026-06-02 21:20:40,9,0.002726,0.003043,268
2026-06-02 21:20:40,9,0.002686,0.002995,268
2026-06-02 21:20:40,9,0.002677,0.002983,268
2026-06-02 21:20:40,9,0.002759,0.002986,268
2026-06-02 21:20:40,9,0.002707,0.003233,268
2026-06-02 21:20:40,9,0.002667,0.003046,268
2026-06-02 21:20:40,9,0.002674,0.002983,268
2026-06-02 21:20:40,9,0.002667,0.002983,268
2026-06-02 21:20:40,9,0.002768,0.002980,268
2026-06-02 21:20:40,9,0.002714,0.003040,268
2026-06-02 21:20:40,9,0.002661,0.003211,268
2026-06-02 21:20:40,9,0.002681,0.002995,268
2026-06-02 21:20:40,9,0.002712,0.002985,268
2026-06-02 21:20:40,9,0.002736,0.002985,268
2026-06-02 21:20:40,9,0.002688,0.003039,268
2026-06-02 21:20:40,9,0.002677,0.003057,268
2026-06-02 21:20:40,9,0.002690,0.003160,268
2026-06-02 21:20:40,9,0.002683,0.002983,268
2026-06-02 21:20:40,9,0.002731,0.002979,268
2026-06-02 21:20:40,9,0.002695,0.003048,268
2026-06-02 21:20:40,9,0.002652,0.002999,268
2026-06-02 21:20:40,9,0.002675,0.002974,268
2026-06-02 21:20:40,9,0.002682,0.003158,268
2026-06-02 21:20:40,9,0.002770,0.002982,268
2026-06-02 21:20:40,9,0.002678,0.003031,268
2026-06-02 21:20:40,9,0.002684,0.002981,268
2026-06-02 21:20:40,9,0.002677,0.002971,268
2026-06-02 21:20:40,9,0.002769,0.002986,268
2026-06-02 21:20:40,9,0.002738,0.003187,268
2026-06-02 21:20:40,9,0.002669,0.003042,268
2026-06-02 21:20:40,9,0.002695,0.002979,268
2026-06-02 21:20:40,9,0.002667,0.002976,268
2026-06-02 21:20:40,9,0.002731,0.002973,268
2026-06-02 21:20:40,9,0.002733,0.002985,268
2026-06-02 21:20:40,9,0.002685,0.003229,268
2026-06-02 21:20:40,9,0.002679,0.002986,268
2026-06-02 21:20:40,9,0.002663,0.002982,268
2026-06-02 21:20:40,9,0.002759,0.002983,268
2026-06-02 21:20:40,9,0.002728,0.002991,268
2026-06-02 21:20:40,9,0.002679,0.003085,268
2026-06-02 21:20:40,9,0.002691,0.003183,268
2026-06-02 21:20:40,9,0.002706,0.003012,268
2026-06-02 21:20:40,9,0.002764,0.002998,268
2026-06-02 21:20:40,9,0.002694,0.003027,268
2026-06-02 21:20:40,9,0.002666,0.003037,268
2026-06-02 21:20:40,9,0.002692,0.002985,268
2026-06-02 21:20:40,9,0.002687,0.003169,268
2026-06-02 21:20:40,9,0.002752,0.002993,268
2026-06-02 21:20:40,9,0.002666,0.003037,268
2026-06-02 21:20:40,9,0.002710,0.003052,268
2026-06-02 21:20:40,9,0.002683,0.002989,268
2026-06-02 21:20:40,9,0.002669,0.002993,268
2026-06-02 21:20:40,9,0.002739,0.003156,268
2026-06-02 21:20:40,9,0.002683,0.003079,268
2026-06-02 21:20:40,9,0.002682,0.003036,268
2026-06-02 21:20:40,9,0.002674,0.002985,268
2026-06-02 21:20:40,9,0.002709,0.002979,268
2026-06-02 21:20:40,9,0.002734,0.002972,268
2026-06-02 21:20:40,9,0.002665,0.003210,268
2026-06-02 21:20:40,9,0.002688,0.003032,268
2026-06-02 21:20:40,9,0.002713,0.002980,268
2026-06-02 21:20:40,9,0.002759,0.003230,268
2026-06-02 21:20:40,9,0.002806,0.003101,268
2026-06-02 21:20:40,9,0.002684,0.003041,268
2026-06-02 21:20:40,9,0.002698,0.003361,268
2026-06-02 21:20:40,9,0.002903,0.003432,268
2026-06-02 21:20:40,9,0.002835,0.003204,268
2026-06-02 21:20:40,9,0.002835,0.003280,268
2026-06-02 21:20:40,9,0.002916,0.003421,268
2026-06-02 21:20:40,9,0.002840,0.003139,268
2026-06-02 21:20:40,9,0.002792,0.003343,268
2026-06-02 21:20:40,9,0.002824,0.003164,268
2026-06-02 21:20:40,9,0.002753,0.002987,268
2026-06-02 21:20:40,9,0.002683,0.002998,268
2026-06-02 21:20:40,9,0.002742,0.002991,268
2026-06-02 21:20:40,9,0.002695,0.003065,268
2026-06-02 21:20:40,9,0.002698,0.003218,268
2026-06-02 21:20:40,9,0.002675,0.002985,268
2026-06-02 21:20:40,9,0.002683,0.002990,268
2026-06-02 21:20:40,9,0.002742,0.002986,268
2026-06-02 21:20:40,9,0.002685,0.003035,268
2026-06-02 21:20:40,9,0.002692,0.003040,268
2026-06-02 21:20:40,9,0.002694,0.003164,268
2026-06-02 21:20:40,9,0.002664,0.002982,268
2026-06-02 21:20:40,9,0.002756,0.002976,268
2026-06-02 21:20:40,9,0.002724,0.003051,268
2026-06-02 21:20:40,9,0.002675,0.003054,268
2026-06-02 21:20:40,9,0.002672,0.002987,268
2026-06-02 21:20:40,9,0.002690,0.003161,268
2026-06-02 21:20:40,9,0.002741,0.002989,268
2026-06-02 21:20:40,9,0.002699,0.003099,268
2026-06-02 21:20:40,9,0.002672,0.003041,268
2026-06-02 21:20:40,9,0.002687,0.002980,268
2026-06-02 21:20:40,9,0.002720,0.002989,268
2026-06-02 21:20:40,9,0.002762,0.003153,268
2026-06-02 21:20:40,9,0.002697,0.003139,268
2026-06-02 21:20:40,9,0.002710,0.003051,268
2026-06-02 21:20:40,9,0.002675,0.002991,268
2026-06-02 21:20:40,9,0.002729,0.003078,268
2026-06-02 21:20:40,9,0.002819,0.003206,268
2026-06-02 21:20:40,9,0.002978,0.003462,268
2026-06-02 21:20:40,9,0.002707,0.003092,268
2026-06-02 21:20:40,9,0.002687,0.003069,268
2026-06-02 21:20:40,9,0.002703,0.002998,268
2026-06-02 21:20:40,9,0.002699,0.002986,268
2026-06-02 21:20:40,9,0.002753,0.002988,268
2026-06-02 21:20:40,9,0.002687,0.047444,268
2026-06-02 21:20:40,9,0.002855,0.003211,268
2026-06-02 21:20:40,9,0.002678,0.003067,268
2026-06-02 21:20:40,9,0.002675,0.003051,268
2026-06-02 21:20:40,9,0.002698,0.002981,268
2026-06-02 21:20:40,9,0.002692,0.002999,268
2026-06-02 21:20:40,9,0.002762,0.002992,268
2026-06-02 21:20:40,9,0.002687,0.003230,268
2026-06-02 21:20:40,9,0.002685,0.003058,268
2026-06-02 21:20:40,9,0.002679,0.003002,268
2026-06-02 21:20:40,9,0.002670,0.002989,268
2026-06-02 21:20:40,9,0.002750,0.003000,268
2026-06-02 21:20:40,9,0.002680,0.003083,268
2026-06-02 21:20:40,9,0.002709,0.003242,268
2026-06-02 21:20:40,9,0.002691,0.002987,268
2026-06-02 21:20:40,9,0.002685,0.003002,268
2026-06-02 21:20:40,9,0.002762,0.002992,268
2026-06-02 21:20:40,9,0.002700,0.003051,268
2026-06-02 21:20:40,9,0.002706,0.003042,268
2026-06-02 21:20:40,9,0.002692,0.003177,268
2026-06-02 21:20:40,9,0.002687,0.003000,268
2026-06-02 21:20:40,9,0.002764,0.002996,268
2026-06-02 21:20:40,9,0.002781,0.003043,268
2026-06-02 21:20:40,9,0.002696,0.003075,268
2026-06-02 21:20:40,9,0.002682,0.002988,268
2026-06-02 21:20:40,9,0.002703,0.003171,268
2026-06-02 21:20:40,9,0.002845,0.002987,268
2026-06-02 21:20:40,9,0.002664,0.003069,268
2026-06-02 21:20:40,9,0.002674,0.003039,268
2026-06-02 21:20:40,9,0.002665,0.002988,268
2026-06-02 21:20:40,9,0.002675,0.002979,268
2026-06-02 21:20:40,9,0.002739,0.003163,268
2026-06-02 21:20:40,9,0.002677,0.003152,268
2026-06-02 21:20:40,9,0.002681,0.003046,268
2026-06-02 21:20:40,9,0.002687,0.002991,268
2026-06-02 21:20:40,9,0.002670,0.002994,268
2026-06-02 21:20:40,9,0.002758,0.002986,268
2026-06-02 21:20:40,9,0.002677,0.003234,268
2026-06-02 21:20:40,9,0.002695,0.003051,268
2026-06-02 21:20:40,9,0.002682,0.003002,268
2026-06-02 21:20:40,9,0.002676,0.002986,268
2026-06-02 21:20:40,9,0.002736,0.002990,268
2026-06-02 21:20:40,9,0.002691,0.003055,268
2026-06-02 21:20:40,9,0.002673,0.003238,268
2026-06-02 21:20:40,9,0.002669,0.002989,268
2026-06-02 21:20:40,9,0.002701,0.003007,268
2026-06-02 21:20:40,9,0.002787,0.002989,268
2026-06-02 21:20:40,9,0.002669,0.003038,268
2026-06-02 21:20:40,9,0.002667,0.003010,268
2026-06-02 21:20:40,9,0.002697,0.003166,268
2026-06-02 21:20:40,9,0.002675,0.002985,268
2026-06-02 21:20:40,9,0.002762,0.003073,268
2026-06-02 21:20:40,9,0.002682,0.003048,268
2026-06-02 21:20:40,9,0.002704,0.003041,268
2026-06-02 21:20:40,9,0.002876,0.003248,268
2026-06-02 21:20:40,9,0.002870,0.003592,268
2026-06-02 21:20:40,9,0.002998,0.003417,268
2026-06-02 21:20:40,9,0.002949,0.003385,268
2026-06-02 21:20:40,9,0.002917,0.003298,268
2026-06-02 21:20:40,9,0.002864,0.003440,268
2026-06-02 21:20:40,9,0.002902,0.003529,268
2026-06-02 21:20:40,9,0.002917,0.003782,268
2026-06-02 21:20:40,9,0.002917,0.003478,268
2026-06-02 21:20:40,9,0.002871,0.003204,268
2026-06-02 21:20:40,9,0.002907,0.003419,268
2026-06-02 21:20:40,9,0.002858,0.003265,268
2026-06-02 21:20:40,9,0.002887,0.003237,268
2026-06-02 21:20:40,9,0.002905,0.003430,268
2026-06-02 21:20:40,9,0.003011,0.003555,268
2026-06-02 21:20:40,9,0.002937,0.003456,268
2026-06-02 21:20:40,9,0.002930,0.003507,268
2026-06-02 21:20:40,9,0.002945,0.003723,268
2026-06-02 21:20:40,9,0.003020,0.003443,268
2026-06-02 21:20:40,9,0.002837,0.003440,268
2026-06-02 21:20:40,9,0.002939,0.003434,268
2026-06-02 21:20:40,9,0.002890,0.003407,268
2026-06-02 21:20:40,9,0.002912,0.003283,268
2026-06-02 21:20:40,9,0.002938,0.003428,268
2026-06-02 21:20:40,9,0.002851,0.003471,268
2026-06-02 21:20:40,9,0.002843,0.003733,268
2026-06-02 21:20:40,9,0.002917,0.003475,268
2026-06-02 21:20:40,9,0.002911,0.003431,268
2026-06-02 21:20:40,9,0.002904,0.003417,268
2026-06-02 21:20:40,9,0.002897,0.003419,268
2026-06-02 21:20:40,9,0.002920,0.003409,268
2026-06-02 21:20:40,9,0.002943,0.003684,268
2026-06-02 21:20:40,9,0.002926,0.003409,268
2026-06-02 21:20:40,9,0.002943,0.003416,268
2026-06-02 21:20:40,9,0.002824,0.003181,268
2026-06-02 21:20:40,9,0.002834,0.003309,268
2026-06-02 21:20:40,9,0.002729,0.003005,268
2026-06-02 21:20:40,9,0.002690,0.003330,268
2026-06-02 21:20:40,9,0.002751,0.003102,268
2026-06-02 21:20:40,9,0.002893,0.003403,268
2026-06-02 21:20:40,9,0.002835,0.003190,268
2026-06-02 21:20:40,9,0.002815,0.003151,268
2026-06-02 21:20:40,9,0.002850,0.003394,268
2026-06-02 21:20:40,9,0.002954,0.003620,268
2026-06-02 21:20:40,9,0.002834,0.003132,268
2026-06-02 21:20:40,9,0.002837,0.003266,268
2026-06-02 21:20:40,9,0.002920,0.003417,268
2026-06-02 21:20:40,9,0.002957,0.003429,268
2026-06-02 21:20:40,9,0.002894,0.003428,268
2026-06-02 21:20:40,9,0.002825,0.003338,268
2026-06-02 21:20:40,9,0.002784,0.003132,268
2026-06-02 21:20:40,9,0.002870,0.003398,268
2026-06-02 21:20:40,9,0.002874,0.003327,268
2026-06-02 21:20:40,9,0.003048,0.003378,268
2026-06-02 21:20:40,9,0.003014,0.003375,268
2026-06-02 21:20:40,9,0.002881,0.003538,268
2026-06-02 21:20:40,9,0.002887,0.003404,268
2026-06-02 21:20:40,9,0.002702,0.003100,268
2026-06-02 21:20:40,9,0.002795,0.003166,268
2026-06-02 21:20:40,9,0.002719,0.003062,268
2026-06-02 21:20:40,9,0.002926,0.003409,268
2026-06-02 21:20:40,9,0.002969,0.003650,268
2026-06-02 21:20:40,9,0.002966,0.003516,268
2026-06-02 21:20:40,9,0.002923,0.003475,268
2026-06-02 21:20:40,9,0.002828,0.003241,268
2026-06-02 21:20:40,9,0.002884,0.003448,268
2026-06-02 21:20:40,9,0.002892,0.003377,268
2026-06-02 21:20:40,9,0.002902,0.003685,268
2026-06-02 21:20:40,9,0.003107,0.003435,268
2026-06-02 21:20:40,9,0.002815,0.003129,268
2026-06-02 21:20:40,9,0.002844,0.003121,268
2026-06-02 21:20:40,9,0.002667,0.003073,268
2026-06-02 21:20:40,9,0.002705,0.003076,268
2026-06-02 21:20:40,9,0.002666,0.003308,268
2026-06-02 21:20:40,9,0.002696,0.003001,268
2026-06-02 21:20:40,10,0.003700,0.013951,1436
2026-06-02 21:20:40,10,0.004033,0.011336,1436
2026-06-02 21:20:40,10,0.004097,0.011462,1436
2026-06-02 21:20:40,10,0.004054,0.011253,1436
2026-06-02 21:20:40,10,0.004004,0.011035,1436
2026-06-02 21:20:40,10,0.003937,0.010791,1436
2026-06-02 21:20:40,10,0.003777,0.010137,1436
2026-06-02 21:20:40,10,0.003693,0.010489,1436
2026-06-02 21:20:40,10,0.003700,0.011222,1436
2026-06-02 21:20:40,10,0.003922,0.011209,1436
2026-06-02 21:20:40,10,0.003795,0.010134,1436
2026-06-02 21:20:40,10,0.003735,0.010177,1436
2026-06-02 21:20:40,10,0.003670,0.010179,1436
2026-06-02 21:20:40,10,0.003768,0.011042,1436
2026-06-02 21:20:40,10,0.004000,0.011607,1436
2026-06-02 21:20:40,10,0.003925,0.010030,1436
2026-06-02 21:20:40,10,0.003758,0.010062,1436
2026-06-02 21:20:40,10,0.003791,0.010528,1436
2026-06-02 21:20:40,10,0.003845,0.010832,1436
2026-06-02 21:20:40,10,0.003719,0.010607,1436
2026-06-02 21:20:40,10,0.003830,0.010218,1436
2026-06-02 21:20:40,10,0.003791,0.010742,1436
2026-06-02 21:20:40,10,0.003921,0.055463,1436
2026-06-02 21:20:40,10,0.003759,0.010230,1436
2026-06-02 21:20:40,10,0.003786,0.011196,1436
2026-06-02 21:20:40,10,0.003731,0.010220,1436
2026-06-02 21:20:40,10,0.003812,0.010914,1436
2026-06-02 21:20:40,10,0.003689,0.011143,1436
2026-06-02 21:20:40,10,0.004004,0.010555,1436
2026-06-02 21:20:40,10,0.003835,0.010643,1436
2026-06-02 21:20:40,10,0.003838,0.010370,1436
2026-06-02 21:20:40,10,0.003714,0.010902,1436
2026-06-02 21:20:40,10,0.003709,0.010091,1436
2026-06-02 21:20:40,10,0.003712,0.010566,1436
2026-06-02 21:20:40,10,0.003955,0.010502,1436
2026-06-02 21:20:40,10,0.003686,0.010062,1436
2026-06-02 21:20:40,10,0.003723,0.010479,1436
2026-06-02 21:20:40,10,0.004063,0.010134,1436
2026-06-02 21:20:40,10,0.003674,0.010735,1436
2026-06-02 21:20:40,10,0.003689,0.010416,1436
2026-06-02 21:20:40,10,0.003855,0.010243,1436
2026-06-02 21:20:40,10,0.003911,0.012001,1436
2026-06-02 21:20:40,10,0.003815,0.011226,1436
2026-06-02 21:20:40,10,0.003871,0.010759,1436
2026-06-02 21:20:40,10,0.004141,0.011971,1436
2026-06-02 21:20:40,10,0.003877,0.011485,1436
2026-06-02 21:20:40,10,0.003921,0.011737,1436
2026-06-02 21:20:40,10,0.004011,0.011610,1436
2026-06-02 21:20:40,10,0.003979,0.059396,1436
2026-06-02 21:20:40,10,0.003917,0.012036,1436
2026-06-02 21:20:40,10,0.003869,0.011961,1436
2026-06-02 21:20:40,10,0.003860,0.010738,1436
2026-06-02 21:20:40,10,0.003696,0.010575,1436
2026-06-02 21:20:40,10,0.004016,0.011375,1436
2026-06-02 21:20:40,10,0.003914,0.011553,1436
2026-06-02 21:20:40,10,0.003813,0.010852,1436
2026-06-02 21:20:40,10,0.003985,0.011597,1436
2026-06-02 21:20:40,10,0.003847,0.010214,1436
2026-06-02 21:20:40,10,0.003745,0.010286,1436
2026-06-02 21:20:40,10,0.003739,0.010177,1436
2026-06-02 21:20:40,10,0.003693,0.010660,1436
2026-06-02 21:20:40,10,0.003722,0.010062,1436
2026-06-02 21:20:40,10,0.003655,0.010084,1436
2026-06-02 21:20:40,10,0.003674,0.010087,1436
2026-06-02 21:20:40,10,0.003765,0.010083,1436
2026-06-02 21:20:40,10,0.003670,0.011170,1436
2026-06-02 21:20:40,10,0.003674,0.010128,1436
2026-06-02 21:20:40,10,0.003779,0.010832,1436
2026-06-02 21:20:40,10,0.003761,0.010050,1436
2026-06-02 21:20:40,10,0.003674,0.010070,1436
2026-06-02 21:20:40,10,0.003730,0.010430,1436
2026-06-02 21:20:40,10,0.003747,0.010192,1436
2026-06-02 21:20:40,10,0.003677,0.010629,1436
2026-06-02 21:20:40,10,0.003691,0.010604,1436
2026-06-02 21:20:40,10,0.003774,0.010305,1436
2026-06-02 21:20:40,10,0.003659,0.055521,1436
2026-06-02 21:20:40,10,0.003782,0.010508,1436
2026-06-02 21:20:40,10,0.003699,0.011106,1436
2026-06-02 21:20:40,10,0.003700,0.010484,1436
2026-06-02 21:20:40,10,0.003786,0.010099,1436
2026-06-02 21:20:40,10,0.003731,0.010156,1436
2026-06-02 21:20:40,10,0.003659,0.010190,1436
2026-06-02 21:20:40,10,0.003775,0.010479,1436
2026-06-02 21:20:40,10,0.003710,0.010677,1436
2026-06-02 21:20:40,10,0.003705,0.010822,1436
2026-06-02 21:20:40,10,0.003690,0.010038,1436
2026-06-02 21:20:40,10,0.003738,0.010077,1436
2026-06-02 21:20:40,10,0.003660,0.010268,1436
2026-06-02 21:20:40,10,0.003773,0.010152,1436
2026-06-02 21:20:40,10,0.003739,0.010768,1436
2026-06-02 21:20:40,10,0.003679,0.010079,1436
2026-06-02 21:20:40,10,0.003703,0.010081,1436
2026-06-02 21:20:40,10,0.003738,0.010125,1436
2026-06-02 21:20:40,10,0.003702,0.010119,1436
2026-06-02 21:20:40,10,0.003737,0.010447,1436
2026-06-02 21:20:40,10,0.003784,0.010214,1436
2026-06-02 21:20:40,10,0.003698,0.012152,1436
2026-06-02 21:20:40,10,0.003767,0.010895,1436
2026-06-02 21:20:40,10,0.003721,0.010410,1436
2026-06-02 21:20:40,10,0.003744,0.010383,1436
2026-06-02 21:20:40,10,0.003668,0.010072,1436
2026-06-02 21:20:40,10,0.003859,0.058169,1436
2026-06-02 21:20:40,10,0.003733,0.010206,1436
2026-06-02 21:20:40,10,0.003937,0.011565,1436
2026-06-02 21:20:40,10,0.003832,0.010616,1436
2026-06-02 21:20:40,10,0.003788,0.010462,1436
2026-06-02 21:20:40,10,0.003694,0.010664,1436
2026-06-02 21:20:40,10,0.003712,0.011048,1436
2026-06-02 21:20:40,10,0.003826,0.010285,1436
2026-06-02 21:20:40,10,0.003782,0.010179,1436
2026-06-02 21:20:40,10,0.003665,0.010351,1436
2026-06-02 21:20:40,10,0.003711,0.010597,1436
2026-06-02 21:20:40,10,0.003773,0.010258,1436
2026-06-02 21:20:40,10,0.003688,0.010789,1436
2026-06-02 21:20:40,10,0.003688,0.010043,1436
2026-06-02 21:20:40,10,0.003806,0.010103,1436
2026-06-02 21:20:40,10,0.003711,0.010288,1436
2026-06-02 21:20:40,10,0.003730,0.010088,1436
2026-06-02 21:20:40,10,0.003765,0.010546,1436
2026-06-02 21:20:40,10,0.003699,0.010036,1436
2026-06-02 21:20:40,10,0.003679,0.010111,1436
2026-06-02 21:20:40,10,0.003746,0.010060,1436
2026-06-02 21:20:40,10,0.003648,0.010085,1436
2026-06-02 21:20:40,10,0.003684,0.010509,1436
2026-06-02 21:20:40,10,0.003765,0.010230,1436
2026-06-02 21:20:40,10,0.003702,0.011356,1436
2026-06-02 21:20:40,10,0.003718,0.010074,1436
2026-06-02 21:20:40,10,0.003769,0.010126,1436
2026-06-02 21:20:40,10,0.003708,0.056048,1436
2026-06-02 21:20:40,10,0.003772,0.010170,1436
2026-06-02 21:20:40,10,0.003683,0.010792,1436
2026-06-02 21:20:40,10,0.003695,0.010517,1436
2026-06-02 21:20:40,10,0.003751,0.010458,1436
2026-06-02 21:20:40,10,0.003753,0.010448,1436
2026-06-02 21:20:40,10,0.003678,0.010136,1436
2026-06-02 21:20:40,10,0.003703,0.010685,1436
2026-06-02 21:20:40,10,0.003754,0.010045,1436
2026-06-02 21:20:40,10,0.003711,0.010189,1436
2026-06-02 21:20:40,10,0.003692,0.010208,1436
2026-06-02 21:20:40,10,0.003787,0.010279,1436
2026-06-02 21:20:40,10,0.003711,0.010564,1436
2026-06-02 21:20:40,10,0.003668,0.010105,1436
2026-06-02 21:20:40,10,0.003751,0.010803,1436
2026-06-02 21:20:40,10,0.003688,0.010098,1436
2026-06-02 21:20:40,10,0.003695,0.010111,1436
2026-06-02 21:20:40,10,0.003780,0.010353,1436
2026-06-02 21:20:40,10,0.003714,0.010137,1436
2026-06-02 21:20:40,10,0.003752,0.010612,1436
2026-06-02 21:20:40,10,0.003809,0.010079,1436
2026-06-02 21:20:40,10,0.003674,0.010091,1436
2026-06-02 21:20:40,10,0.004085,0.011457,1436
2026-06-02 21:20:40,10,0.003705,0.010639,1436
2026-06-02 21:20:40,10,0.003777,0.010433,1436
2026-06-02 21:20:40,10,0.003690,0.010102,1436
2026-06-02 21:20:40,10,0.003681,0.010718,1436
2026-06-02 21:20:40,10,0.003770,0.055050,1436
2026-06-02 21:20:40,10,0.003714,0.010165,1436
2026-06-02 21:20:40,10,0.003744,0.010516,1436
2026-06-02 21:20:40,10,0.003721,0.010050,1436
2026-06-02 21:20:40,10,0.003695,0.010878,1436
2026-06-02 21:20:40,10,0.003771,0.010048,1436
2026-06-02 21:20:40,10,0.003661,0.010062,1436
2026-06-02 21:20:40,10,0.003687,0.010297,1436
2026-06-02 21:20:40,10,0.003802,0.010199,1436
2026-06-02 21:20:40,10,0.003698,0.010623,1436
2026-06-02 21:20:40,10,0.003674,0.010051,1436
2026-06-02 21:20:40,10,0.003724,0.010163,1436
2026-06-02 21:20:40,10,0.003698,0.010110,1436
2026-06-02 21:20:40,10,0.003675,0.010091,1436
2026-06-02 21:20:40,10,0.003758,0.010453,1436
2026-06-02 21:20:40,10,0.003715,0.010133,1436
2026-06-02 21:20:40,10,0.003695,0.010724,1436
2026-06-02 21:20:40,10,0.003788,0.010089,1436
2026-06-02 21:20:40,10,0.003707,0.010063,1436
2026-06-02 21:20:40,10,0.003717,0.010289,1436
2026-06-02 21:20:40,10,0.003744,0.010121,1436
2026-06-02 21:20:40,10,0.003701,0.010670,1436
2026-06-02 21:20:40,10,0.003708,0.010143,1436
2026-06-02 21:20:40,10,0.003743,0.010180,1436
2026-06-02 21:20:40,10,0.003684,0.010254,1436
2026-06-02 21:20:40,10,0.003691,0.010158,1436
2026-06-02 21:20:40,10,0.003794,0.056429,1436
2026-06-02 21:20:40,10,0.003714,0.010160,1436
2026-06-02 21:20:40,10,0.003756,0.010140,1436
2026-06-02 21:20:40,10,0.003697,0.010165,1436
2026-06-02 21:20:40,10,0.003688,0.010771,1436
2026-06-02 21:20:40,10,0.003840,0.010701,1436
2026-06-02 21:20:40,10,0.003818,0.011892,1436
2026-06-02 21:20:40,10,0.003923,0.012242,1436
2026-06-02 21:20:40,10,0.003786,0.010125,1436
2026-06-02 21:20:40,10,0.003705,0.010122,1436
2026-06-02 21:20:40,10,0.003940,0.011923,1436
2026-06-02 21:20:40,10,0.003902,0.010438,1436
2026-06-02 21:20:40,10,0.003711,0.010618,1436
2026-06-02 21:20:40,10,0.003685,0.010024,1436
2026-06-02 21:20:40,10,0.003763,0.010051,1436
2026-06-02 21:20:40,10,0.003714,0.010275,1436
2026-06-02 21:20:40,10,0.003651,0.010213,1436
2026-06-02 21:20:40,10,0.003750,0.010436,1436
2026-06-02 21:20:40,10,0.003718,0.010219,1436
2026-06-02 21:20:40,10,0.003668,0.010780,1436
2026-06-02 21:20:40,10,0.003754,0.010041,1436
2026-06-02 21:20:40,10,0.003690,0.010232,1436
2026-06-02 21:20:40,10,0.003668,0.011417,1436
2026-06-02 21:20:40,10,0.003740,0.010746,1436
2026-06-02 21:20:40,10,0.003876,0.011101,1436
2026-06-02 21:20:40,10,0.003690,0.010129,1436
2026-06-02 21:20:40,10,0.003695,0.010159,1436
2026-06-02 21:20:40,10,0.003764,0.055952,1436
2026-06-02 21:20:40,10,0.003736,0.010520,1436
2026-06-02 21:20:40,10,0.003739,0.011601,1436
2026-06-02 21:20:40,10,0.003869,0.010704,1436
2026-06-02 21:20:40,10,0.003804,0.010244,1436
2026-06-02 21:20:40,10,0.003672,0.010686,1436
2026-06-02 21:20:40,10,0.003892,0.010946,1436
2026-06-02 21:20:40,10,0.003766,0.010522,1436
2026-06-02 21:20:40,10,0.003693,0.010136,1436
2026-06-02 21:20:40,10,0.003670,0.010875,1436
2026-06-02 21:20:40,10,0.003775,0.010117,1436
2026-06-02 21:20:40,10,0.003713,0.011194,1436
2026-06-02 21:20:40,10,0.003866,0.010480,1436
2026-06-02 21:20:40,10,0.003766,0.010380,1436
2026-06-02 21:20:40,10,0.003745,0.010923,1436
2026-06-02 21:20:40,10,0.003696,0.010118,1436
2026-06-02 21:20:40,10,0.003689,0.010057,1436
2026-06-02 21:20:40,10,0.003752,0.010059,1436
2026-06-02 21:20:40,10,0.003672,0.010049,1436
2026-06-02 21:20:40,10,0.003705,0.010986,1436
2026-06-02 21:20:40,10,0.003790,0.010101,1436
2026-06-02 21:20:40,10,0.003674,0.010708,1436
2026-06-02 21:20:40,10,0.003644,0.010117,1436
2026-06-02 21:20:40,10,0.003751,0.010407,1436
2026-06-02 21:20:40,10,0.003667,0.010460,1436
2026-06-02 21:20:40,10,0.003667,0.010346,1436
2026-06-02 21:20:40,10,0.003888,0.057544,1436
2026-06-02 21:20:40,10,0.003704,0.010205,1436
2026-06-02 21:20:40,10,0.003712,0.010266,1436
2026-06-02 21:20:40,10,0.003786,0.010542,1436
2026-06-02 21:20:40,10,0.003689,0.010306,1436
2026-06-02 21:20:40,10,0.003721,0.010696,1436
2026-06-02 21:20:40,10,0.003770,0.010290,1436
2026-06-02 21:20:40,10,0.003689,0.010180,1436
2026-06-02 21:20:40,10,0.003686,0.010454,1436
2026-06-02 21:20:40,10,0.003821,0.010185,1436
2026-06-02 21:20:40,10,0.003681,0.010486,1436
2026-06-02 21:20:40,10,0.003712,0.010064,1436
2026-06-02 21:20:40,10,0.003790,0.010782,1436
2026-06-02 21:20:40,10,0.003683,0.010089,1436
2026-06-02 21:20:40,10,0.003682,0.010101,1436
2026-06-02 21:20:40,10,0.003743,0.010642,1436
2026-06-02 21:20:40,10,0.003789,0.010202,1436
2026-06-02 21:20:40,10,0.003688,0.010587,1436
2026-06-02 21:20:40,10,0.003700,0.010271,1436
2026-06-02 21:20:40,10,0.003739,0.010092,1436
2026-06-02 21:20:40,10,0.003680,0.010229,1436
2026-06-02 21:20:40,10,0.003687,0.010155,1436
2026-06-02 21:20:40,10,0.003767,0.010688,1436
2026-06-02 21:20:40,10,0.004046,0.011621,1436
2026-06-02 21:20:40,10,0.003710,0.010801,1436
2026-06-02 21:20:40,10,0.003732,0.010587,1436
2026-06-02 21:20:40,10,0.003729,0.010138,1436
2026-06-02 21:20:40,10,0.003662,0.056321,1436
2026-06-02 21:20:40,10,0.003754,0.010309,1436
2026-06-02 21:20:40,10,0.003667,0.010792,1436
2026-06-02 21:20:40,10,0.003699,0.010056,1436
2026-06-02 21:20:40,10,0.003753,0.010161,1436
2026-06-02 21:20:40,10,0.003659,0.011314,1436
2026-06-02 21:20:40,10,0.003846,0.010202,1436
2026-06-02 21:20:40,10,0.003761,0.010702,1436
2026-06-02 21:20:40,10,0.003760,0.010060,1436
2026-06-02 21:20:40,10,0.003680,0.010103,1436
2026-06-02 21:20:40,10,0.003752,0.010090,1436
2026-06-02 21:20:40,10,0.003786,0.010149,1436
2026-06-02 21:20:40,10,0.003671,0.010556,1436
2026-06-02 21:20:40,10,0.003650,0.010093,1436
2026-06-02 21:20:40,10,0.003728,0.010752,1436
2026-06-02 21:20:40,10,0.003696,0.010022,1436
2026-06-02 21:20:40,10,0.003708,0.010070,1436
2026-06-02 21:20:40,10,0.003750,0.010244,1436
2026-06-02 21:20:40,10,0.003681,0.010104,1436
2026-06-02 21:20:40,10,0.003684,0.010544,1436
2026-06-02 21:20:40,10,0.003770,0.010064,1436
2026-06-02 21:20:40,10,0.003675,0.010016,1436
2026-06-02 21:20:40,10,0.003708,0.010138,1436
2026-06-02 21:20:40,10,0.003760,0.010084,1436
2026-06-02 21:20:40,10,0.003680,0.010579,1436
2026-06-02 21:20:40,10,0.003731,0.010210,1436
2026-06-02 21:20:40,10,0.003743,0.010708,1436
2026-06-02 21:20:40,10,0.003693,0.055243,1436
2026-06-02 21:20:40,10,0.003690,0.010229,1436
2026-06-02 21:20:40,10,0.003653,0.010568,1436
2026-06-02 21:20:40,10,0.003834,0.010310,1436
2026-06-02 21:20:40,10,0.003751,0.011018,1436
2026-06-02 21:20:40,10,0.003690,0.010057,1436
2026-06-02 21:20:40,10,0.003672,0.010150,1436
2026-06-02 21:20:40,10,0.003732,0.010266,1436
2026-06-02 21:20:40,10,0.003670,0.010067,1436
2026-06-02 21:20:40,10,0.003681,0.010551,1436
2026-06-02 21:20:40,10,0.003781,0.010205,1436
2026-06-02 21:20:40,10,0.003701,0.010106,1436
2026-06-02 21:20:40,10,0.003705,0.010080,1436
2026-06-02 21:20:40,10,0.003733,0.010027,1436
2026-06-02 21:20:40,10,0.003651,0.010430,1436
2026-06-02 21:20:40,10,0.003656,0.010123,1436
2026-06-02 21:20:40,10,0.003749,0.010720,1436
2026-06-02 21:20:40,10,0.003677,0.010022,1436
2026-06-02 21:20:40,10,0.003699,0.010138,1436
2026-06-02 21:20:40,10,0.003804,0.010287,1436
2026-06-02 21:20:40,10,0.003645,0.010011,1436
2026-06-02 21:20:40,10,0.003680,0.010585,1436
2026-06-02 21:20:40,10,0.003740,0.010257,1436
2026-06-02 21:20:40,10,0.004005,0.011379,1436
2026-06-02 21:20:40,10,0.003708,0.010152,1436
2026-06-02 21:20:40,10,0.003770,0.010413,1436
2026-06-02 21:20:40,10,0.003778,0.056947,1436
2026-06-02 21:20:40,10,0.003737,0.010495,1436
2026-06-02 21:20:40,10,0.003757,0.010070,1436
2026-06-02 21:20:40,10,0.003707,0.010057,1436
2026-06-02 21:20:40,10,0.003674,0.010069,1436
2026-06-02 21:20:40,10,0.003770,0.010487,1436
2026-06-02 21:20:40,10,0.003669,0.010050,1436
2026-06-02 21:20:40,10,0.003682,0.010709,1436
2026-06-02 21:20:40,10,0.003774,0.010106,1436
2026-06-02 21:20:40,10,0.003703,0.010170,1436
2026-06-02 21:20:40,10,0.003685,0.010422,1436
2026-06-02 21:20:40,10,0.003759,0.010060,1436
2026-06-02 21:20:40,10,0.003682,0.010581,1436
2026-06-02 21:20:40,10,0.003962,0.011857,1436
2026-06-02 21:20:40,10,0.003706,0.010111,1436
2026-06-02 21:20:40,10,0.003777,0.010117,1436
2026-06-02 21:20:40,10,0.003682,0.010064,1436
2026-06-02 21:20:40,10,0.003696,0.010483,1436
2026-06-02 21:20:40,10,0.003727,0.010041,1436
2026-06-02 21:20:40,10,0.003691,0.010688,1436
2026-06-02 21:20:40,10,0.003660,0.010056,1436
2026-06-02 21:20:40,10,0.003770,0.010024,1436
2026-06-02 21:20:40,10,0.003664,0.010255,1436
2026-06-02 21:20:40,10,0.003704,0.009994,1436
2026-06-02 21:20:40,10,0.003766,0.010627,1436
2026-06-02 21:20:40,10,0.003677,0.010386,1436
2026-06-02 21:20:40,10,0.003693,0.010319,1436
2026-06-02 21:20:40,10,0.003751,0.055833,1436
2026-06-02 21:20:40,10,0.003683,0.010220,1436
2026-06-02 21:20:40,10,0.003738,0.010630,1436
2026-06-02 21:20:40,10,0.003659,0.010077,1436
2026-06-02 21:20:40,10,0.003712,0.010466,1436
2026-06-02 21:20:40,10,0.003837,0.010532,1436
2026-06-02 21:20:40,10,0.003674,0.010145,1436
2026-06-02 21:20:40,10,0.003697,0.010834,1436
2026-06-02 21:20:40,10,0.003775,0.010127,1436
2026-06-02 21:20:40,10,0.003663,0.010781,1436
2026-06-02 21:20:40,10,0.003686,0.010089,1436
2026-06-02 21:20:40,10,0.003770,0.010040,1436
2026-06-02 21:20:40,10,0.003641,0.010266,1436
2026-06-02 21:20:40,10,0.003665,0.010057,1436
2026-06-02 21:20:40,10,0.003760,0.010615,1436
2026-06-02 21:20:40,10,0.003670,0.010052,1436
2026-06-02 21:20:40,10,0.003727,0.010493,1436
2026-06-02 21:20:40,10,0.003789,0.010116,1436
2026-06-02 21:20:40,10,0.003677,0.010096,1436
2026-06-02 21:20:40,10,0.003672,0.010700,1436
2026-06-02 21:20:40,10,0.003736,0.010040,1436
2026-06-02 21:20:40,10,0.003670,0.010806,1436
2026-06-02 21:20:40,10,0.003693,0.010012,1436
2026-06-02 21:20:40,10,0.003792,0.010782,1436
2026-06-02 21:20:40,10,0.003964,0.011474,1436
2026-06-02 21:20:40,10,0.003709,0.010240,1436
2026-06-02 21:20:40,10,0.003682,0.057543,1436
2026-06-02 21:20:40,10,0.003818,0.010254,1436
2026-06-02 21:20:40,10,0.003681,0.010241,1436
2026-06-02 21:20:40,10,0.003708,0.010422,1436
2026-06-02 21:20:40,10,0.003774,0.010492,1436
2026-06-02 21:20:40,10,0.003678,0.010650,1436
2026-06-02 21:20:40,10,0.003691,0.010132,1436
2026-06-02 21:20:40,10,0.003720,0.010013,1436
2026-06-02 21:20:40,10,0.003656,0.010101,1436
2026-06-02 21:20:40,10,0.003676,0.010098,1436
2026-06-02 21:20:40,10,0.003767,0.010589,1436
2026-06-02 21:20:40,10,0.003709,0.010112,1436
2026-06-02 21:20:40,10,0.003718,0.010944,1436
2026-06-02 21:20:40,10,0.003771,0.010127,1436
2026-06-02 21:20:40,10,0.003732,0.010121,1436
2026-06-02 21:20:40,10,0.003696,0.010359,1436
2026-06-02 21:20:40,10,0.003755,0.010119,1436
2026-06-02 21:20:40,10,0.003706,0.010787,1436
2026-06-02 21:20:40,10,0.003702,0.010063,1436
2026-06-02 21:20:40,10,0.003779,0.010118,1436
2026-06-02 21:20:40,10,0.003670,0.010090,1436
2026-06-02 21:20:40,10,0.003655,0.010059,1436
2026-06-02 21:20:40,10,0.003750,0.010492,1436
2026-06-02 21:20:40,10,0.003687,0.010043,1436
2026-06-02 21:20:40,10,0.003707,0.010790,1436
2026-06-02 21:20:40,10,0.003725,0.010047,1436
2026-06-02 21:20:40,10,0.003818,0.010142,1436
2026-06-02 21:20:40,10,0.003680,0.056513,1436
2026-06-02 21:20:40,10,0.003762,0.010253,1436
2026-06-02 21:20:40,10,0.003717,0.011155,1436
2026-06-02 21:20:40,10,0.003748,0.010194,1436
2026-06-02 21:20:40,10,0.003745,0.010173,1436
2026-06-02 21:20:40,10,0.003735,0.010393,1436
2026-06-02 21:20:40,10,0.003695,0.010384,1436
2026-06-02 21:20:40,10,0.003808,0.010759,1436
2026-06-02 21:20:40,10,0.003737,0.010197,1436
2026-06-02 21:20:40,10,0.003693,0.010110,1436
2026-06-02 21:20:40,10,0.003785,0.010149,1436
2026-06-02 21:20:40,10,0.003673,0.010091,1436
2026-06-02 21:20:40,10,0.003694,0.010608,1436
2026-06-02 21:20:40,10,0.003757,0.010117,1436
2026-06-02 21:20:40,10,0.003695,0.010879,1436
2026-06-02 21:20:40,10,0.003683,0.010057,1436
2026-06-02 21:20:40,10,0.003785,0.010086,1436
2026-06-02 21:20:40,10,0.003705,0.010578,1436
2026-06-02 21:20:40,10,0.003701,0.010112,1436
2026-06-02 21:20:40,10,0.003769,0.010654,1436
2026-06-02 21:20:40,10,0.003792,0.010142,1436
2026-06-02 21:20:40,10,0.003700,0.010347,1436
2026-06-02 21:20:40,10,0.003724,0.010145,1436
2026-06-02 21:20:40,10,0.003819,0.010148,1436
2026-06-02 21:20:40,10,0.003701,0.011850,1436
2026-06-02 21:20:40,10,0.003865,0.011128,1436
2026-06-02 21:20:40,10,0.003696,0.010909,1436
2026-06-02 21:20:40,10,0.003782,0.055476,1436
2026-06-02 21:20:40,10,0.003716,0.010202,1436
2026-06-02 21:20:40,10,0.003811,0.010626,1436
2026-06-02 21:20:40,10,0.003715,0.010087,1436
2026-06-02 21:20:40,10,0.003714,0.010807,1436
2026-06-02 21:20:40,10,0.003782,0.010060,1436
2026-06-02 21:20:40,10,0.003686,0.010020,1436
2026-06-02 21:20:40,10,0.003660,0.010327,1436
2026-06-02 21:20:40,10,0.003752,0.010008,1436
2026-06-02 21:20:40,10,0.003680,0.010793,1436
2026-06-02 21:20:40,10,0.003670,0.010180,1436
2026-06-02 21:20:40,10,0.003744,0.010031,1436
2026-06-02 21:20:40,10,0.003676,0.010084,1436
2026-06-02 21:20:40,10,0.003658,0.010096,1436
2026-06-02 21:20:40,10,0.003778,0.010595,1436
2026-06-02 21:20:40,10,0.003673,0.010168,1436
2026-06-02 21:20:40,10,0.003718,0.010744,1436
2026-06-02 21:20:40,10,0.003764,0.010042,1436
2026-06-02 21:20:40,10,0.003691,0.010050,1436
2026-06-02 21:20:40,10,0.003698,0.010272,1436
2026-06-02 21:20:40,10,0.003786,0.010352,1436
2026-06-02 21:20:40,10,0.003693,0.010571,1436
2026-06-02 21:20:40,10,0.003695,0.010038,1436
2026-06-02 21:20:40,10,0.003721,0.010027,1436
2026-06-02 21:20:40,10,0.003691,0.010034,1436
2026-06-02 21:20:40,10,0.003671,0.010065,1436
2026-06-02 21:20:40,10,0.003779,0.056845,1436
2026-06-02 21:20:40,10,0.003689,0.010172,1436
2026-06-02 21:20:40,10,0.003784,0.010108,1436
2026-06-02 21:20:40,10,0.003672,0.010172,1436
2026-06-02 21:20:40,10,0.003695,0.010437,1436
2026-06-02 21:20:40,10,0.003776,0.010475,1436
2026-06-02 21:20:40,10,0.003673,0.010318,1436
2026-06-02 21:20:40,10,0.003688,0.011588,1436
2026-06-02 21:20:40,10,0.003827,0.010245,1436
2026-06-02 21:20:40,10,0.003838,0.010185,1436
2026-06-02 21:20:40,10,0.003680,0.010407,1436
2026-06-02 21:20:40,10,0.003692,0.010084,1436
2026-06-02 21:20:40,10,0.003745,0.010574,1436
2026-06-02 21:20:40,10,0.003703,0.010072,1436
2026-06-02 21:20:40,10,0.003676,0.010126,1436
2026-06-02 21:20:40,10,0.003728,0.010375,1436
2026-06-02 21:20:40,10,0.003916,0.011376,1436
2026-06-02 21:20:40,10,0.003858,0.010494,1436
2026-06-02 21:20:40,10,0.003711,0.010263,1436
2026-06-02 21:20:40,10,0.003783,0.010761,1436
2026-06-02 21:20:40,10,0.003662,0.010069,1436
2026-06-02 21:20:40,10,0.003667,0.010184,1436
2026-06-02 21:20:40,10,0.003737,0.010275,1436
2026-06-02 21:20:40,10,0.003709,0.010291,1436
2026-06-02 21:20:40,10,0.003668,0.010645,1436
2026-06-02 21:20:40,10,0.003863,0.011587,1436
2026-06-02 21:20:40,10,0.003775,0.010144,1436
2026-06-02 21:20:40,10,0.003692,0.055943,1436
2026-06-02 21:20:40,10,0.003779,0.010197,1436
2026-06-02 21:20:40,10,0.003667,0.010652,1436
2026-06-02 21:20:40,10,0.003678,0.010202,1436
2026-06-02 21:20:40,10,0.003779,0.010132,1436
2026-06-02 21:20:40,10,0.003720,0.010121,1436
2026-06-02 21:20:40,10,0.003685,0.010099,1436
2026-06-02 21:20:40,10,0.003735,0.010515,1436
2026-06-02 21:20:40,10,0.003689,0.010107,1436
2026-06-02 21:20:40,10,0.003708,0.010747,1436
2026-06-02 21:20:40,10,0.003803,0.010366,1436
2026-06-02 21:20:40,10,0.003714,0.010371,1436
2026-06-02 21:20:40,10,0.003702,0.010260,1436
2026-06-02 21:20:40,10,0.003769,0.010127,1436
2026-06-02 21:20:40,10,0.003686,0.011004,1436
2026-06-02 21:20:40,10,0.003707,0.010145,1436
2026-06-02 21:20:40,10,0.003743,0.010084,1436
2026-06-02 21:20:40,10,0.003666,0.010123,1436
2026-06-02 21:20:40,10,0.003726,0.010514,1436
2026-06-02 21:20:40,10,0.003736,0.010487,1436
2026-06-02 21:20:40,10,0.003761,0.010072,1436
2026-06-02 21:20:40,10,0.003671,0.010711,1436
2026-06-02 21:20:40,10,0.003708,0.010244,1436
2026-06-02 21:20:40,10,0.003769,0.010189,1436
2026-06-02 21:20:40,10,0.003704,0.010305,1436
2026-06-02 21:20:40,10,0.003693,0.010071,1436
2026-06-02 21:20:40,11,0.006678,0.005760,362
2026-06-02 21:20:40,11,0.007980,0.006830,362
2026-06-02 21:20:40,11,0.006943,0.005744,362
2026-06-02 21:20:40,11,0.006715,0.005809,362
2026-06-02 21:20:40,11,0.006685,0.050381,362
2026-06-02 21:20:40,11,0.006325,0.005242,362
2026-06-02 21:20:40,11,0.006426,0.005146,362
2026-06-02 21:20:40,11,0.006513,0.005143,362
2026-06-02 21:20:40,11,0.006286,0.005309,362
2026-06-02 21:20:40,11,0.006445,0.005345,362
2026-06-02 21:20:40,11,0.006312,0.005198,362
2026-06-02 21:20:40,11,0.006518,0.005150,362
2026-06-02 21:20:40,11,0.006375,0.005191,362
2026-06-02 21:20:40,11,0.006293,0.005202,362
2026-06-02 21:20:40,11,0.006481,0.005170,362
2026-06-02 21:20:40,11,0.006367,0.005211,362
2026-06-02 21:20:40,11,0.006394,0.005167,362
2026-06-02 21:20:40,11,0.006365,0.005269,362
2026-06-02 21:20:40,11,0.006274,0.005174,362
2026-06-02 21:20:40,11,0.006345,0.005142,362
2026-06-02 21:20:40,11,0.006289,0.005178,362
2026-06-02 21:20:40,11,0.006407,0.005125,362
2026-06-02 21:20:40,11,0.006387,0.005179,362
2026-06-02 21:20:40,11,0.006392,0.005133,362
2026-06-02 21:20:40,11,0.006328,0.005125,362
2026-06-02 21:20:40,11,0.006404,0.005201,362
2026-06-02 21:20:40,11,0.006376,0.005130,362
2026-06-02 21:20:40,11,0.006343,0.005191,362
2026-06-02 21:20:40,11,0.006326,0.005142,362
2026-06-02 21:20:40,11,0.006342,0.005120,362
2026-06-02 21:20:40,11,0.006871,0.005601,362
2026-06-02 21:20:40,11,0.006409,0.005159,362
2026-06-02 21:20:40,11,0.006286,0.005196,362
2026-06-02 21:20:40,11,0.006320,0.005141,362
2026-06-02 21:20:40,11,0.006349,0.005180,362
2026-06-02 21:20:40,11,0.006269,0.005198,362
2026-06-02 21:20:40,11,0.006518,0.005176,362
2026-06-02 21:20:40,11,0.006274,0.005191,362
2026-06-02 21:20:40,11,0.006421,0.005127,362
2026-06-02 21:20:40,11,0.006344,0.005224,362
2026-06-02 21:20:40,11,0.006325,0.005152,362
2026-06-02 21:20:40,11,0.006420,0.005138,362
2026-06-02 21:20:40,11,0.006294,0.005193,362
2026-06-02 21:20:40,11,0.006400,0.005127,362
2026-06-02 21:20:40,11,0.006342,0.005191,362
2026-06-02 21:20:40,11,0.006366,0.005121,362
2026-06-02 21:20:40,11,0.006743,0.005416,362
2026-06-02 21:20:40,11,0.006395,0.005191,362
2026-06-02 21:20:40,11,0.006382,0.005133,362
2026-06-02 21:20:40,11,0.006321,0.005221,362
2026-06-02 21:20:40,11,0.006332,0.005122,362
2026-06-02 21:20:40,11,0.006396,0.005190,362
2026-06-02 21:20:40,11,0.006298,0.005195,362
2026-06-02 21:20:40,11,0.006403,0.005175,362
2026-06-02 21:20:40,11,0.006739,0.005823,362
2026-06-02 21:20:40,11,0.006707,0.005589,362
2026-06-02 21:20:40,11,0.006774,0.005725,362
2026-06-02 21:20:40,11,0.006649,0.005239,362
2026-06-02 21:20:40,11,0.006339,0.005233,362
2026-06-02 21:20:40,11,0.006405,0.005140,362
2026-06-02 21:20:40,11,0.006379,0.005196,362
2026-06-02 21:20:40,11,0.006396,0.005143,362
2026-06-02 21:20:40,11,0.006400,0.005135,362
2026-06-02 21:20:40,11,0.006282,0.005210,362
2026-06-02 21:20:40,11,0.006361,0.005137,362
2026-06-02 21:20:40,11,0.006311,0.005196,362
2026-06-02 21:20:40,11,0.006328,0.005129,362
2026-06-02 21:20:40,11,0.006702,0.006033,362
2026-06-02 21:20:40,11,0.006862,0.005649,362
2026-06-02 21:20:40,11,0.006721,0.005432,362
2026-06-02 21:20:40,11,0.006361,0.005209,362
2026-06-02 21:20:40,11,0.006327,0.005144,362
2026-06-02 21:20:40,11,0.006274,0.005181,362
2026-06-02 21:20:40,11,0.006367,0.005143,362
2026-06-02 21:20:40,11,0.006378,0.005192,362
2026-06-02 21:20:40,11,0.006391,0.005162,362
2026-06-02 21:20:40,11,0.006411,0.005147,362
2026-06-02 21:20:40,11,0.006307,0.005180,362
2026-06-02 21:20:40,11,0.006363,0.005144,362
2026-06-02 21:20:40,11,0.006334,0.005197,362
2026-06-02 21:20:40,11,0.006314,0.005139,362
2026-06-02 21:20:40,11,0.006356,0.005170,362
2026-06-02 21:20:40,11,0.006319,0.005202,362
2026-06-02 21:20:40,11,0.006367,0.005137,362
2026-06-02 21:20:40,11,0.006361,0.005190,362
2026-06-02 21:20:40,11,0.006332,0.005120,362
2026-06-02 21:20:40,11,0.006343,0.005118,362
2026-06-02 21:20:40,11,0.006284,0.005202,362
2026-06-02 21:20:40,11,0.006348,0.005146,362
2026-06-02 21:20:40,11,0.006369,0.005171,362
2026-06-02 21:20:40,11,0.006359,0.005110,362
2026-06-02 21:20:40,11,0.006367,0.005126,362
2026-06-02 21:20:40,11,0.006267,0.005233,362
2026-06-02 21:20:40,11,0.006379,0.005116,362
2026-06-02 21:20:40,11,0.006301,0.005187,362
2026-06-02 21:20:40,11,0.006315,0.005155,362
2026-06-02 21:20:40,11,0.006417,0.005119,362
2026-06-02 21:20:40,11,0.006346,0.005207,362
2026-06-02 21:20:40,11,0.006341,0.005126,362
2026-06-02 21:20:40,11,0.006314,0.005202,362
2026-06-02 21:20:40,11,0.006313,0.005556,362
2026-06-02 21:20:40,11,0.006478,0.005483,362
2026-06-02 21:20:40,11,0.006285,0.005206,362
2026-06-02 21:20:40,11,0.006403,0.005141,362
2026-06-02 21:20:40,11,0.006322,0.005186,362
2026-06-02 21:20:40,11,0.006368,0.005141,362
2026-06-02 21:20:40,11,0.006352,0.005178,362
2026-06-02 21:20:40,11,0.006286,0.005298,362
2026-06-02 21:20:40,11,0.006399,0.005140,362
2026-06-02 21:20:40,11,0.007452,0.005650,362
2026-06-02 21:20:40,11,0.006629,0.005351,362
2026-06-02 21:20:40,11,0.006476,0.005267,362
2026-06-02 21:20:40,11,0.006362,0.005161,362
2026-06-02 21:20:40,11,0.006288,0.005192,362
2026-06-02 21:20:40,11,0.006351,0.005133,362
2026-06-02 21:20:40,11,0.006374,0.005175,362
2026-06-02 21:20:40,11,0.006256,0.005194,362
2026-06-02 21:20:40,11,0.006380,0.005139,362
2026-06-02 21:20:40,11,0.006350,0.005192,362
2026-06-02 21:20:40,11,0.006379,0.005125,362
2026-06-02 21:20:40,11,0.006369,0.005211,362
2026-06-02 21:20:40,11,0.006299,0.005177,362
2026-06-02 21:20:40,11,0.006338,0.005123,362
2026-06-02 21:20:40,11,0.006281,0.005193,362
2026-06-02 21:20:40,11,0.006458,0.005147,362
2026-06-02 21:20:40,11,0.006445,0.005187,362
2026-06-02 21:20:40,11,0.006279,0.005689,362
2026-06-02 21:20:40,11,0.006454,0.005382,362
2026-06-02 21:20:40,11,0.006398,0.005200,362
2026-06-02 21:20:40,11,0.006457,0.005146,362
2026-06-02 21:20:40,11,0.006287,0.005186,362
2026-06-02 21:20:40,11,0.006437,0.005147,362
2026-06-02 21:20:40,11,0.006346,0.005118,362
2026-06-02 21:20:40,11,0.006258,0.005214,362
2026-06-02 21:20:40,11,0.006379,0.005135,362
2026-06-02 21:20:40,11,0.006269,0.005198,362
2026-06-02 21:20:40,11,0.006315,0.005151,362
2026-06-02 21:20:40,11,0.006334,0.050038,362
2026-06-02 21:20:40,11,0.006642,0.005389,362
2026-06-02 21:20:40,11,0.006412,0.005256,362
2026-06-02 21:20:40,11,0.006359,0.005147,362
2026-06-02 21:20:40,11,0.006318,0.005182,362
2026-06-02 21:20:40,11,0.006370,0.005184,362
2026-06-02 21:20:40,11,0.006361,0.005191,362
2026-06-02 21:20:40,11,0.006842,0.005787,362
2026-06-02 21:20:40,11,0.006757,0.005673,362
2026-06-02 21:20:40,11,0.006451,0.005157,362
2026-06-02 21:20:40,11,0.006425,0.005145,362
2026-06-02 21:20:40,11,0.006298,0.005194,362
2026-06-02 21:20:40,11,0.006478,0.005155,362
2026-06-02 21:20:40,11,0.006288,0.005187,362
2026-06-02 21:20:40,11,0.006377,0.005146,362
2026-06-02 21:20:40,11,0.006439,0.005193,362
2026-06-02 21:20:40,11,0.006353,0.005236,362
2026-06-02 21:20:40,11,0.006377,0.005128,362
2026-06-02 21:20:40,11,0.006275,0.005186,362
2026-06-02 21:20:40,11,0.006412,0.005124,362
2026-06-02 21:20:40,11,0.006353,0.005201,362
2026-06-02 21:20:40,11,0.006342,0.005177,362
2026-06-02 21:20:40,11,0.006374,0.005120,362
2026-06-02 21:20:40,11,0.006287,0.005183,362
2026-06-02 21:20:40,11,0.006351,0.005157,362
2026-06-02 21:20:40,11,0.006385,0.005179,362
2026-06-02 21:20:40,11,0.006370,0.005172,362
2026-06-02 21:20:40,11,0.006377,0.005129,362
2026-06-02 21:20:40,11,0.006266,0.005174,362
2026-06-02 21:20:40,11,0.006372,0.005134,362
2026-06-02 21:20:40,11,0.006349,0.005164,362
2026-06-02 21:20:40,11,0.006785,0.005656,362
2026-06-02 21:20:40,11,0.006411,0.005150,362
2026-06-02 21:20:40,11,0.006276,0.005202,362
2026-06-02 21:20:40,11,0.006426,0.005137,362
2026-06-02 21:20:40,11,0.006320,0.005191,362
2026-06-02 21:20:40,11,0.006370,0.005162,362
2026-06-02 21:20:40,11,0.006394,0.005140,362
2026-06-02 21:20:40,11,0.006262,0.005325,362
2026-06-02 21:20:40,11,0.006405,0.005122,362
2026-06-02 21:20:40,11,0.006262,0.005226,362
2026-06-02 21:20:40,11,0.006355,0.005151,362
2026-06-02 21:20:40,11,0.006370,0.005124,362
2026-06-02 21:20:40,11,0.006259,0.005178,362
2026-06-02 21:20:40,11,0.006394,0.005143,362
2026-06-02 21:20:40,11,0.006265,0.005180,362
2026-06-02 21:20:40,11,0.006400,0.005131,362
2026-06-02 21:20:40,11,0.006363,0.005133,362
2026-06-02 21:20:40,11,0.006314,0.005222,362
2026-06-02 21:20:40,11,0.006366,0.005129,362
2026-06-02 21:20:40,11,0.006299,0.005243,362
2026-06-02 21:20:40,11,0.006384,0.005125,362
2026-06-02 21:20:40,11,0.006327,0.005153,362
2026-06-02 21:20:40,11,0.006313,0.005196,362
2026-06-02 21:20:40,11,0.006331,0.005149,362
2026-06-02 21:20:40,11,0.006284,0.005215,362
2026-06-02 21:20:40,11,0.006368,0.005141,362
2026-06-02 21:20:40,11,0.006401,0.005166,362
2026-06-02 21:20:40,11,0.006267,0.005192,362
2026-06-02 21:20:40,11,0.006357,0.005117,362
2026-06-02 21:20:40,11,0.006322,0.005205,362
2026-06-02 21:20:40,11,0.006350,0.005121,362
2026-06-02 21:20:40,11,0.006384,0.005167,362
2026-06-02 21:20:40,11,0.006320,0.005388,362
2026-06-02 21:20:40,11,0.006392,0.005163,362
2026-06-02 21:20:40,11,0.006769,0.005746,362
2026-06-02 21:20:40,11,0.006590,0.005320,362
2026-06-02 21:20:40,11,0.006369,0.005225,362
2026-06-02 21:20:40,11,0.006336,0.005181,362
2026-06-02 21:20:40,11,0.006371,0.005269,362
2026-06-02 21:20:40,11,0.006321,0.005180,362
2026-06-02 21:20:40,11,0.006335,0.005131,362
2026-06-02 21:20:40,11,0.006367,0.005216,362
2026-06-02 21:20:40,11,0.006380,0.005127,362
2026-06-02 21:20:40,11,0.006451,0.005198,362
2026-06-02 21:20:40,11,0.006254,0.005227,362
2026-06-02 21:20:40,11,0.006410,0.005191,362
2026-06-02 21:20:40,11,0.006308,0.005281,362
2026-06-02 21:20:40,11,0.006388,0.005220,362
2026-06-02 21:20:40,11,0.006348,0.005202,362
2026-06-02 21:20:40,11,0.006380,0.005134,362
2026-06-02 21:20:40,11,0.006402,0.005122,362
2026-06-02 21:20:40,11,0.006314,0.005207,362
2026-06-02 21:20:40,11,0.006394,0.005123,362
2026-06-02 21:20:40,11,0.006303,0.005221,362
2026-06-02 21:20:40,11,0.006369,0.005134,362
2026-06-02 21:20:40,11,0.006357,0.005117,362
2026-06-02 21:20:40,11,0.006262,0.005173,362
2026-06-02 21:20:40,11,0.006372,0.005127,362
2026-06-02 21:20:40,11,0.006286,0.005179,362
2026-06-02 21:20:40,11,0.006364,0.005125,362
2026-06-02 21:20:40,11,0.006349,0.005125,362
2026-06-02 21:20:40,11,0.006297,0.005173,362
2026-06-02 21:20:40,11,0.006409,0.005132,362
2026-06-02 21:20:40,11,0.006265,0.005178,362
2026-06-02 21:20:40,11,0.006393,0.005121,362
2026-06-02 21:20:40,11,0.006337,0.005139,362
2026-06-02 21:20:40,11,0.006320,0.005193,362
2026-06-02 21:20:40,11,0.006359,0.005119,362
2026-06-02 21:20:40,11,0.006264,0.005192,362
2026-06-02 21:20:40,11,0.006348,0.005135,362
2026-06-02 21:20:40,11,0.006338,0.005132,362
2026-06-02 21:20:40,11,0.006917,0.005725,362
2026-06-02 21:20:40,11,0.006398,0.005175,362
2026-06-02 21:20:40,11,0.006322,0.005192,362
2026-06-02 21:20:40,11,0.006333,0.005139,362
2026-06-02 21:20:40,11,0.006344,0.005196,362
2026-06-02 21:20:40,11,0.006397,0.005145,362
2026-06-02 21:20:40,11,0.006346,0.005156,362
2026-06-02 21:20:40,11,0.006341,0.005177,362
2026-06-02 21:20:40,11,0.006368,0.005153,362
2026-06-02 21:20:40,11,0.006564,0.005389,362
2026-06-02 21:20:40,11,0.006583,0.005361,362
2026-06-02 21:20:40,11,0.006587,0.005367,362
2026-06-02 21:20:40,11,0.006589,0.005335,362
2026-06-02 21:20:40,11,0.006377,0.005129,362
2026-06-02 21:20:40,11,0.006283,0.005191,362
2026-06-02 21:20:40,11,0.006369,0.005120,362
2026-06-02 21:20:40,11,0.006349,0.005222,362
2026-06-02 21:20:40,11,0.006343,0.005125,362
2026-06-02 21:20:40,11,0.006402,0.005131,362
2026-06-02 21:20:40,11,0.006295,0.005181,362
2026-06-02 21:20:40,11,0.006334,0.005120,362
2026-06-02 21:20:40,11,0.006311,0.005177,362
2026-06-02 21:20:40,11,0.006366,0.005139,362
2026-06-02 21:20:40,11,0.006400,0.005196,362
2026-06-02 21:20:40,11,0.006267,0.005176,362
2026-06-02 21:20:40,11,0.006346,0.005135,362
2026-06-02 21:20:40,11,0.006243,0.005176,362
2026-06-02 21:20:40,11,0.006392,0.005125,362
2026-06-02 21:20:40,11,0.006360,0.005130,362
2026-06-02 21:20:40,11,0.006332,0.005194,362
2026-06-02 21:20:40,11,0.006388,0.005150,362
2026-06-02 21:20:40,11,0.006255,0.049959,362
2026-06-02 21:20:40,11,0.006435,0.005277,362
2026-06-02 21:20:40,11,0.006317,0.005159,362
2026-06-02 21:20:40,11,0.006392,0.005208,362
2026-06-02 21:20:40,11,0.006298,0.005206,362
2026-06-02 21:20:40,11,0.006355,0.005136,362
2026-06-02 21:20:40,11,0.006423,0.005172,362
2026-06-02 21:20:40,11,0.006308,0.005141,362
2026-06-02 21:20:40,11,0.006392,0.005130,362
2026-06-02 21:20:40,11,0.006347,0.005180,362
2026-06-02 21:20:40,11,0.006379,0.005127,362
2026-06-02 21:20:40,11,0.006372,0.005180,362
2026-06-02 21:20:40,11,0.006444,0.005171,362
2026-06-02 21:20:40,11,0.006423,0.005137,362
2026-06-02 21:20:40,11,0.006326,0.005707,362
2026-06-02 21:20:40,11,0.006908,0.005800,362
2026-06-02 21:20:40,11,0.006641,0.005606,362
2026-06-02 21:20:40,11,0.006659,0.005368,362
2026-06-02 21:20:40,11,0.006705,0.005800,362
2026-06-02 21:20:40,11,0.006649,0.005209,362
2026-06-02 21:20:40,11,0.006275,0.005200,362
2026-06-02 21:20:40,11,0.006387,0.005136,362
2026-06-02 21:20:40,11,0.006276,0.005209,362
2026-06-02 21:20:40,11,0.006328,0.005133,362
2026-06-02 21:20:40,11,0.006342,0.005222,362
2026-06-02 21:20:40,11,0.006288,0.005270,362
2026-06-02 21:20:40,11,0.006345,0.005130,362
2026-06-02 21:20:40,11,0.006360,0.005199,362
2026-06-02 21:20:40,11,0.006444,0.005825,362
2026-06-02 21:20:40,11,0.006607,0.005402,362
2026-06-02 21:20:40,11,0.006354,0.005130,362
2026-06-02 21:20:40,11,0.006417,0.005252,362
2026-06-02 21:20:40,11,0.006333,0.005177,362
2026-06-02 21:20:40,11,0.006392,0.005127,362
2026-06-02 21:20:40,11,0.006305,0.005178,362
2026-06-02 21:20:40,11,0.006411,0.005127,362
2026-06-02 21:20:40,11,0.006617,0.006028,362
2026-06-02 21:20:40,11,0.006485,0.005343,362
2026-06-02 21:20:40,11,0.006337,0.005202,362
2026-06-02 21:20:40,11,0.006327,0.005210,362
2026-06-02 21:20:40,11,0.006366,0.005140,362
2026-06-02 21:20:40,11,0.006288,0.005202,362
2026-06-02 21:20:40,11,0.006363,0.005139,362
2026-06-02 21:20:40,11,0.006340,0.005184,362
2026-06-02 21:20:40,11,0.006295,0.005175,362
2026-06-02 21:20:40,11,0.006393,0.005140,362
2026-06-02 21:20:40,11,0.006299,0.005202,362
2026-06-02 21:20:40,11,0.006369,0.005137,362
2026-06-02 21:20:40,11,0.006378,0.005198,362
2026-06-02 21:20:40,11,0.006320,0.005192,362
2026-06-02 21:20:40,11,0.006371,0.005125,362
2026-06-02 21:20:40,11,0.006293,0.005171,362
2026-06-02 21:20:40,11,0.006408,0.005124,362
2026-06-02 21:20:40,11,0.006363,0.005183,362
2026-06-02 21:20:40,11,0.006288,0.005199,362
2026-06-02 21:20:40,11,0.006360,0.005127,362
2026-06-02 21:20:40,11,0.006313,0.005184,362
2026-06-02 21:20:40,11,0.006403,0.005134,362
2026-06-02 21:20:40,11,0.006320,0.005205,362
2026-06-02 21:20:40,11,0.006262,0.005175,362
2026-06-02 21:20:40,11,0.006441,0.005148,362
2026-06-02 21:20:40,11,0.006324,0.005177,362
2026-06-02 21:20:40,11,0.006371,0.005138,362
2026-06-02 21:20:40,11,0.006359,0.005186,362
2026-06-02 21:20:40,11,0.006272,0.005400,362
2026-06-02 21:20:40,11,0.006402,0.005165,362
2026-06-02 21:20:40,11,0.006291,0.005198,362
2026-06-02 21:20:40,11,0.006385,0.005130,362
2026-06-02 21:20:40,11,0.006379,0.005178,362
2026-06-02 21:20:40,11,0.006316,0.005273,362
2026-06-02 21:20:40,11,0.006367,0.005140,362
2026-06-02 21:20:40,11,0.006278,0.005204,362
2026-06-02 21:20:40,11,0.006388,0.005158,362
2026-06-02 21:20:40,11,0.006355,0.005224,362
2026-06-02 21:20:40,11,0.006415,0.005130,362
2026-06-02 21:20:40,11,0.006393,0.005140,362
2026-06-02 21:20:40,11,0.006252,0.005197,362
2026-06-02 21:20:40,11,0.006390,0.005147,362
2026-06-02 21:20:40,11,0.006471,0.005386,362
2026-06-02 21:20:40,11,0.006390,0.005139,362
2026-06-02 21:20:40,11,0.006390,0.005134,362
2026-06-02 21:20:40,11,0.006271,0.005177,362
2026-06-02 21:20:40,11,0.006349,0.005128,362
2026-06-02 21:20:40,11,0.006336,0.005178,362
2026-06-02 21:20:40,11,0.006362,0.005148,362
2026-06-02 21:20:40,11,0.006392,0.005241,362
2026-06-02 21:20:40,11,0.006332,0.005370,362
2026-06-02 21:20:40,11,0.006348,0.005151,362
2026-06-02 21:20:40,11,0.006318,0.005241,362
2026-06-02 21:20:40,11,0.006351,0.005137,362
2026-06-02 21:20:40,11,0.006387,0.005200,362
2026-06-02 21:20:40,11,0.006273,0.005181,362
2026-06-02 21:20:40,11,0.006400,0.005128,362
2026-06-02 21:20:40,11,0.006262,0.005197,362
2026-06-02 21:20:40,11,0.006349,0.005130,362
2026-06-02 21:20:40,11,0.006396,0.005193,362
2026-06-02 21:20:40,11,0.006279,0.005200,362
2026-06-02 21:20:40,11,0.006402,0.005131,362
2026-06-02 21:20:40,11,0.006290,0.005161,362
2026-06-02 21:20:40,11,0.006387,0.005135,362
2026-06-02 21:20:40,11,0.006299,0.005186,362
2026-06-02 21:20:40,11,0.006288,0.005208,362
2026-06-02 21:20:40,11,0.006376,0.005133,362
2026-06-02 21:20:40,11,0.006340,0.005216,362
2026-06-02 21:20:40,11,0.006348,0.005134,362
2026-06-02 21:20:40,11,0.006405,0.005200,362
2026-06-02 21:20:40,11,0.006342,0.005200,362
2026-06-02 21:20:40,11,0.006510,0.005884,362
2026-06-02 21:20:40,11,0.006402,0.005236,362
2026-06-02 21:20:40,11,0.006428,0.005170,362
2026-06-02 21:20:40,11,0.006300,0.005193,362
2026-06-02 21:20:40,11,0.006396,0.005137,362
2026-06-02 21:20:40,11,0.006354,0.005167,362
2026-06-02 21:20:40,11,0.006270,0.005186,362
2026-06-02 21:20:40,11,0.006379,0.005136,362
2026-06-02 21:20:40,11,0.006259,0.005181,362
2026-06-02 21:20:40,11,0.006349,0.005124,362
2026-06-02 21:20:40,11,0.006432,0.005167,362
2026-06-02 21:20:40,11,0.006275,0.005230,362
2026-06-02 21:20:40,11,0.006500,0.005467,362
2026-06-02 21:20:40,11,0.006328,0.005255,362
2026-06-02 21:20:40,11,0.006566,0.005481,362
2026-06-02 21:20:40,11,0.006526,0.005212,362
2026-06-02 21:20:40,11,0.006368,0.005142,362
2026-06-02 21:20:40,11,0.006365,0.005140,362
2026-06-02 21:20:40,11,0.006345,0.005309,362
2026-06-02 21:20:40,11,0.006370,0.005145,362
2026-06-02 21:20:40,11,0.006303,0.005195,362
2026-06-02 21:20:40,11,0.006385,0.005132,362
2026-06-02 21:20:40,11,0.006426,0.005195,362
2026-06-02 21:20:40,11,0.006314,0.005182,362
2026-06-02 21:20:40,11,0.006426,0.005131,362
2026-06-02 21:20:40,11,0.006290,0.005211,362
2026-06-02 21:20:40,11,0.006365,0.049965,362
2026-06-02 21:20:40,11,0.006430,0.005173,362
2026-06-02 21:20:40,11,0.006326,0.005143,362
2026-06-02 21:20:40,11,0.006370,0.005206,362
2026-06-02 21:20:40,11,0.006595,0.005243,362
2026-06-02 21:20:40,11,0.006325,0.005214,362
2026-06-02 21:20:40,11,0.006363,0.005142,362
2026-06-02 21:20:40,11,0.006367,0.005207,362
2026-06-02 21:20:40,11,0.006284,0.005189,362
2026-06-02 21:20:40,11,0.006691,0.005930,362
2026-06-02 21:20:40,11,0.006702,0.005841,362
2026-06-02 21:20:40,11,0.006624,0.005413,362
2026-06-02 21:20:40,11,0.006596,0.005382,362
2026-06-02 21:20:40,11,0.006379,0.005138,362
2026-06-02 21:20:40,11,0.006295,0.005190,362
2026-06-02 21:20:40,11,0.006358,0.005136,362
2026-06-02 21:20:40,11,0.006388,0.005189,362
2026-06-02 21:20:40,11,0.006279,0.005181,362
2026-06-02 21:20:40,11,0.006345,0.005139,362
2026-06-02 21:20:40,11,0.006309,0.005199,362
2026-06-02 21:20:40,11,0.006365,0.005144,362
2026-06-02 21:20:40,11,0.006384,0.005193,362
2026-06-02 21:20:40,11,0.006779,0.005767,362
2026-06-02 21:20:40,11,0.006588,0.005400,362
2026-06-02 21:20:40,11,0.006392,0.005237,362
2026-06-02 21:20:40,11,0.006356,0.005155,362
2026-06-02 21:20:40,11,0.006289,0.005198,362
2026-06-02 21:20:40,11,0.006386,0.005144,362
2026-06-02 21:20:40,11,0.006368,0.005200,362
2026-06-02 21:20:40,11,0.006296,0.005217,362
2026-06-02 21:20:40,11,0.006333,0.005130,362
2026-06-02 21:20:40,11,0.006273,0.005188,362
2026-06-02 21:20:40,11,0.006321,0.005134,362
2026-06-02 21:20:40,11,0.006460,0.005362,362
2026-06-02 21:20:40,11,0.006527,0.005335,362
2026-06-02 21:20:40,11,0.006385,0.005145,362
2026-06-02 21:20:40,11,0.006763,0.005858,362
2026-06-02 21:20:40,11,0.006832,0.005856,362
2026-06-02 21:20:40,11,0.006657,0.005649,362
2026-06-02 21:20:40,11,0.006489,0.005207,362
2026-06-02 21:20:40,11,0.006316,0.005189,362
2026-06-02 21:20:40,11,0.006544,0.005852,362
2026-06-02 21:20:40,11,0.006579,0.005424,362
2026-06-02 21:20:40,11,0.006374,0.005149,362
2026-06-02 21:20:40,11,0.006412,0.005372,362
2026-06-02 21:20:40,11,0.006382,0.005152,362
2026-06-02 21:20:40,11,0.006515,0.005688,362
2026-06-02 21:20:40,11,0.006645,0.005501,362
2026-06-02 21:20:40,11,0.006648,0.005566,362
2026-06-02 21:20:40,11,0.006275,0.005244,362
2026-06-02 21:20:40,11,0.006428,0.005152,362
2026-06-02 21:20:40,11,0.006427,0.006137,362
2026-06-02 21:20:40,11,0.009763,0.006504,362
2026-06-02 21:20:40,11,0.007005,0.005870,362
2026-06-02 21:20:40,11,0.006702,0.005584,362
2026-06-02 21:20:40,11,0.006637,0.005381,362
2026-06-02 21:20:40,11,0.006461,0.005152,362
2026-06-02 21:20:40,11,0.006374,0.005186,362
2026-06-02 21:20:40,11,0.006284,0.005247,362
2026-06-02 21:20:40,11,0.006413,0.005171,362
2026-06-02 21:20:40,11,0.006288,0.005216,362
2026-06-02 21:20:40,11,0.006451,0.005142,362
2026-06-02 21:20:40,11,0.006389,0.005205,362
2026-06-02 21:20:40,11,0.006295,0.005177,362
2026-06-02 21:20:40,11,0.006367,0.005131,362
2026-06-02 21:20:40,11,0.006336,0.005195,362
2026-06-02 21:20:40,11,0.006308,0.005135,362
2026-06-02 21:20:40,11,0.006409,0.005178,362
2026-06-02 21:20:40,11,0.006348,0.005718,362
2026-06-02 21:20:40,11,0.006572,0.005399,362
2026-06-02 21:20:40,11,0.006326,0.005186,362
2026-06-02 21:20:40,11,0.006435,0.005139,362
2026-06-02 21:20:40,11,0.006305,0.005220,362
2026-06-02 21:20:40,11,0.006392,0.005144,362
2026-06-02 21:20:40,11,0.006341,0.005144,362
2026-06-02 21:20:40,11,0.006296,0.005189,362
2026-06-02 21:20:40,11,0.006378,0.005125,362
2026-06-02 21:20:40,11,0.006309,0.005202,362
2026-06-02 21:20:40,11,0.006466,0.005292,362
2026-06-02 21:20:40,11,0.006363,0.005233,362
2026-06-02 21:20:40,11,0.006328,0.005268,362
2026-06-02 21:20:40,11,0.006413,0.005128,362
2026-06-02 21:20:40,11,0.006274,0.005184,362
2026-06-02 21:20:40,11,0.006351,0.005130,362
2026-06-02 21:20:40,11,0.006495,0.005222,362
2026-06-02 21:20:40,11,0.006276,0.005196,362
2026-06-02 21:20:40,11,0.006405,0.005121,362
2026-06-02 21:20:40,11,0.006275,0.005211,362
2026-06-02 21:20:40,11,0.006476,0.005331,362
2026-06-02 21:20:40,11,0.006381,0.005200,362
2026-06-02 21:20:40,11,0.006332,0.005148,362
2026-06-02 21:20:40,11,0.006413,0.005143,362
2026-06-02 21:20:40,11,0.006392,0.005226,362
2026-06-02 21:20:40,11,0.006417,0.005127,362
2026-06-02 21:20:40,11,0.006340,0.005190,362
2026-06-02 21:20:40,11,0.006344,0.005138,362
2026-06-02 21:20:40,11,0.006468,0.005198,362
2026-06-02 21:20:40,12,0.006481,0.006735,480
2026-06-02 21:20:40,12,0.006501,0.005578,480
2026-06-02 21:20:40,12,0.006438,0.005155,480
2026-06-02 21:20:40,12,0.006522,0.004633,480
2026-06-02 21:20:40,12,0.006505,0.004686,480
2026-06-02 21:20:40,12,0.006313,0.004467,480
2026-06-02 21:20:40,12,0.006232,0.004340,480
2026-06-02 21:20:40,12,0.006228,0.004307,480
2026-06-02 21:20:40,12,0.006150,0.004469,480
2026-06-02 21:20:40,12,0.006259,0.004694,480
2026-06-02 21:20:40,12,0.006466,0.004811,480
2026-06-02 21:20:40,12,0.006418,0.004464,480
2026-06-02 21:20:40,12,0.006309,0.004440,480
2026-06-02 21:20:40,12,0.006187,0.004563,480
2026-06-02 21:20:40,12,0.006456,0.004792,480
2026-06-02 21:20:40,12,0.006138,0.004427,480
2026-06-02 21:20:40,12,0.006248,0.004347,480
2026-06-02 21:20:40,12,0.006147,0.004324,480
2026-06-02 21:20:40,12,0.006136,0.004398,480
2026-06-02 21:20:40,12,0.006164,0.004327,480
2026-06-02 21:20:40,12,0.006190,0.004311,480
2026-06-02 21:20:40,12,0.006143,0.004383,480
2026-06-02 21:20:40,12,0.006178,0.004310,480
2026-06-02 21:20:40,12,0.006210,0.004395,480
2026-06-02 21:20:40,12,0.006130,0.004367,480
2026-06-02 21:20:40,12,0.006220,0.004345,480
2026-06-02 21:20:40,12,0.006106,0.004389,480
2026-06-02 21:20:40,12,0.006105,0.004391,480
2026-06-02 21:20:40,12,0.006209,0.004323,480
2026-06-02 21:20:40,12,0.006077,0.004381,480
2026-06-02 21:20:40,12,0.006231,0.004467,480
2026-06-02 21:20:40,12,0.006140,0.004311,480
2026-06-02 21:20:40,12,0.006108,0.004392,480
2026-06-02 21:20:40,12,0.006184,0.004370,480
2026-06-02 21:20:40,12,0.006197,0.004306,480
2026-06-02 21:20:40,12,0.006123,0.004392,480
2026-06-02 21:20:40,12,0.006306,0.049659,480
2026-06-02 21:20:40,12,0.006282,0.004354,480
2026-06-02 21:20:40,12,0.006184,0.004327,480
2026-06-02 21:20:40,12,0.006118,0.004505,480
2026-06-02 21:20:40,12,0.006175,0.004325,480
2026-06-02 21:20:40,12,0.006114,0.004415,480
2026-06-02 21:20:40,12,0.006092,0.004370,480
2026-06-02 21:20:40,12,0.006176,0.004329,480
2026-06-02 21:20:40,12,0.006093,0.004361,480
2026-06-02 21:20:40,12,0.006168,0.004317,480
2026-06-02 21:20:40,12,0.006188,0.004314,480
2026-06-02 21:20:40,12,0.006115,0.004363,480
2026-06-02 21:20:40,12,0.006205,0.004339,480
2026-06-02 21:20:40,12,0.006166,0.004383,480
2026-06-02 21:20:40,12,0.006119,0.004434,480
2026-06-02 21:20:40,12,0.006135,0.004322,480
2026-06-02 21:20:40,12,0.006158,0.004307,480
2026-06-02 21:20:40,12,0.006275,0.004834,480
2026-06-02 21:20:40,12,0.006226,0.004334,480
2026-06-02 21:20:40,12,0.006161,0.004693,480
2026-06-02 21:20:40,12,0.006583,0.004999,480
2026-06-02 21:20:40,12,0.006389,0.004628,480
2026-06-02 21:20:40,12,0.006359,0.004386,480
2026-06-02 21:20:40,12,0.006209,0.004337,480
2026-06-02 21:20:40,12,0.006158,0.004739,480
2026-06-02 21:20:40,12,0.006196,0.004366,480
2026-06-02 21:20:40,12,0.006204,0.004398,480
2026-06-02 21:20:40,12,0.006146,0.004403,480
2026-06-02 21:20:40,12,0.006176,0.004337,480
2026-06-02 21:20:40,12,0.006086,0.004398,480
2026-06-02 21:20:40,12,0.006193,0.004320,480
2026-06-02 21:20:40,12,0.006209,0.004326,480
2026-06-02 21:20:40,12,0.006131,0.004367,480
2026-06-02 21:20:40,12,0.006182,0.004354,480
2026-06-02 21:20:40,12,0.006181,0.004332,480
2026-06-02 21:20:40,12,0.006138,0.004371,480
2026-06-02 21:20:40,12,0.006223,0.004349,480
2026-06-02 21:20:40,12,0.006171,0.004319,480
2026-06-02 21:20:40,12,0.006169,0.004382,480
2026-06-02 21:20:40,12,0.006195,0.004304,480
2026-06-02 21:20:40,12,0.006106,0.004387,480
2026-06-02 21:20:40,12,0.006100,0.004368,480
2026-06-02 21:20:40,12,0.006240,0.004343,480
2026-06-02 21:20:40,12,0.006098,0.004367,480
2026-06-02 21:20:40,12,0.006172,0.004321,480
2026-06-02 21:20:40,12,0.006142,0.004313,480
2026-06-02 21:20:40,12,0.006135,0.004366,480
2026-06-02 21:20:40,12,0.006209,0.004895,480
2026-06-02 21:20:40,12,0.006241,0.004614,480
2026-06-02 21:20:40,12,0.006111,0.004420,480
2026-06-02 21:20:40,12,0.006218,0.004336,480
2026-06-02 21:20:40,12,0.006154,0.004392,480
2026-06-02 21:20:40,12,0.006177,0.004312,480
2026-06-02 21:20:40,12,0.006163,0.004315,480
2026-06-02 21:20:40,12,0.006120,0.004375,480
2026-06-02 21:20:40,12,0.006137,0.004323,480
2026-06-02 21:20:40,12,0.006181,0.004309,480
2026-06-02 21:20:40,12,0.006195,0.004369,480
2026-06-02 21:20:40,12,0.006153,0.004315,480
2026-06-02 21:20:40,12,0.006223,0.004300,480
2026-06-02 21:20:40,12,0.006159,0.004476,480
2026-06-02 21:20:40,12,0.006336,0.004549,480
2026-06-02 21:20:40,12,0.006406,0.004542,480
2026-06-02 21:20:40,12,0.006400,0.004497,480
2026-06-02 21:20:40,12,0.006389,0.004501,480
2026-06-02 21:20:40,12,0.006354,0.004388,480
2026-06-02 21:20:40,12,0.006215,0.004324,480
2026-06-02 21:20:40,12,0.006193,0.004509,480
2026-06-02 21:20:40,12,0.006714,0.005035,480
2026-06-02 21:20:40,12,0.006472,0.004605,480
2026-06-02 21:20:40,12,0.006209,0.004380,480
2026-06-02 21:20:40,12,0.006278,0.004361,480
2026-06-02 21:20:40,12,0.006131,0.004439,480
2026-06-02 21:20:40,12,0.006165,0.004333,480
2026-06-02 21:20:40,12,0.006224,0.004320,480
2026-06-02 21:20:40,12,0.006210,0.004447,480
2026-06-02 21:20:40,12,0.006478,0.005269,480
2026-06-02 21:20:40,12,0.006487,0.004645,480
2026-06-02 21:20:40,12,0.006390,0.004504,480
2026-06-02 21:20:40,12,0.006210,0.004390,480
2026-06-02 21:20:40,12,0.006093,0.004371,480
2026-06-02 21:20:40,12,0.006276,0.004383,480
2026-06-02 21:20:40,12,0.006135,0.004399,480
2026-06-02 21:20:40,12,0.006144,0.004325,480
2026-06-02 21:20:40,12,0.006232,0.004443,480
2026-06-02 21:20:40,12,0.006170,0.004380,480
2026-06-02 21:20:40,12,0.006248,0.004393,480
2026-06-02 21:20:40,12,0.006214,0.004384,480
2026-06-02 21:20:40,12,0.006124,0.004555,480
2026-06-02 21:20:40,12,0.006282,0.004365,480
2026-06-02 21:20:40,12,0.006168,0.004607,480
2026-06-02 21:20:40,12,0.006200,0.004339,480
2026-06-02 21:20:40,12,0.006289,0.004335,480
2026-06-02 21:20:40,12,0.006111,0.004463,480
2026-06-02 21:20:40,12,0.006163,0.004343,480
2026-06-02 21:20:40,12,0.006248,0.004406,480
2026-06-02 21:20:40,12,0.006099,0.004467,480
2026-06-02 21:20:40,12,0.006264,0.004393,480
2026-06-02 21:20:40,12,0.006197,0.004398,480
2026-06-02 21:20:40,12,0.006118,0.004784,480
2026-06-02 21:20:40,12,0.006381,0.004399,480
2026-06-02 21:20:40,12,0.006173,0.004489,480
2026-06-02 21:20:40,12,0.006326,0.004336,480
2026-06-02 21:20:40,12,0.006142,0.004475,480
2026-06-02 21:20:40,12,0.006132,0.004390,480
2026-06-02 21:20:40,12,0.006185,0.004408,480
2026-06-02 21:20:40,12,0.006152,0.004395,480
2026-06-02 21:20:40,12,0.006375,0.004975,480
2026-06-02 21:20:40,12,0.006424,0.004541,480
2026-06-02 21:20:40,12,0.006057,0.004449,480
2026-06-02 21:20:40,12,0.006321,0.004346,480
2026-06-02 21:20:40,12,0.006264,0.004454,480
2026-06-02 21:20:40,12,0.006200,0.004321,480
2026-06-02 21:20:40,12,0.006186,0.004329,480
2026-06-02 21:20:40,12,0.006323,0.004715,480
2026-06-02 21:20:40,12,0.006511,0.004957,480
2026-06-02 21:20:40,12,0.006234,0.004419,480
2026-06-02 21:20:40,12,0.006184,0.004435,480
2026-06-02 21:20:40,12,0.006173,0.004345,480
2026-06-02 21:20:40,12,0.006204,0.004562,480
2026-06-02 21:20:40,12,0.006487,0.004893,480
2026-06-02 21:20:40,12,0.006150,0.004445,480
2026-06-02 21:20:40,12,0.006150,0.004307,480
2026-06-02 21:20:40,12,0.006298,0.004364,480
2026-06-02 21:20:40,12,0.006113,0.004383,480
2026-06-02 21:20:40,12,0.006383,0.004495,480
2026-06-02 21:20:40,12,0.006351,0.004452,480
2026-06-02 21:20:40,12,0.006079,0.004458,480
2026-06-02 21:20:40,12,0.006288,0.004325,480
2026-06-02 21:20:40,12,0.006125,0.004576,480
2026-06-02 21:20:40,12,0.006121,0.004318,480
2026-06-02 21:20:40,12,0.006199,0.004538,480
2026-06-02 21:20:40,12,0.006213,0.004479,480
2026-06-02 21:20:40,12,0.006153,0.049770,480
2026-06-02 21:20:40,12,0.006288,0.004378,480
2026-06-02 21:20:40,12,0.006242,0.004378,480
2026-06-02 21:20:40,12,0.006271,0.004479,480
2026-06-02 21:20:40,12,0.006207,0.004330,480
2026-06-02 21:20:40,12,0.006656,0.005168,480
2026-06-02 21:20:40,12,0.006661,0.005144,480
2026-06-02 21:20:40,12,0.006464,0.004930,480
2026-06-02 21:20:40,12,0.006463,0.004417,480
2026-06-02 21:20:40,12,0.006181,0.004384,480
2026-06-02 21:20:40,12,0.006391,0.004764,480
2026-06-02 21:20:40,12,0.006214,0.004346,480
2026-06-02 21:20:40,12,0.006097,0.004521,480
2026-06-02 21:20:40,12,0.006554,0.004974,480
2026-06-02 21:20:40,12,0.006336,0.004469,480
2026-06-02 21:20:40,12,0.006461,0.004959,480
2026-06-02 21:20:40,12,0.006421,0.004542,480
2026-06-02 21:20:40,12,0.006108,0.004459,480
2026-06-02 21:20:40,12,0.006241,0.004357,480
2026-06-02 21:20:40,12,0.006133,0.004491,480
2026-06-02 21:20:40,12,0.006225,0.004337,480
2026-06-02 21:20:40,12,0.006254,0.004370,480
2026-06-02 21:20:40,12,0.006164,0.004826,480
2026-06-02 21:20:40,12,0.006584,0.004928,480
2026-06-02 21:20:40,12,0.006296,0.004819,480
2026-06-02 21:20:40,12,0.006213,0.004629,480
2026-06-02 21:20:40,12,0.006626,0.005109,480
2026-06-02 21:20:40,12,0.006489,0.004524,480
2026-06-02 21:20:40,12,0.006332,0.004329,480
2026-06-02 21:20:40,12,0.006133,0.004388,480
2026-06-02 21:20:40,12,0.006235,0.004323,480
2026-06-02 21:20:40,12,0.006145,0.004411,480
2026-06-02 21:20:40,12,0.006149,0.004436,480
2026-06-02 21:20:40,12,0.006240,0.004324,480
2026-06-02 21:20:40,12,0.006108,0.004356,480
2026-06-02 21:20:40,12,0.006160,0.004366,480
2026-06-02 21:20:40,12,0.006274,0.004371,480
2026-06-02 21:20:40,12,0.006120,0.004389,480
2026-06-02 21:20:40,12,0.006231,0.004314,480
2026-06-02 21:20:40,12,0.006192,0.004330,480
2026-06-02 21:20:40,12,0.006159,0.004385,480
2026-06-02 21:20:40,12,0.006158,0.004343,480
2026-06-02 21:20:40,12,0.006265,0.004366,480
2026-06-02 21:20:40,12,0.006065,0.004393,480
2026-06-02 21:20:40,12,0.006248,0.004307,480
2026-06-02 21:20:40,12,0.006131,0.004368,480
2026-06-02 21:20:40,12,0.006111,0.004377,480
2026-06-02 21:20:40,12,0.006201,0.004320,480
2026-06-02 21:20:40,12,0.006111,0.004383,480
2026-06-02 21:20:40,12,0.006165,0.004315,480
2026-06-02 21:20:40,12,0.006232,0.004302,480
2026-06-02 21:20:40,12,0.006118,0.004392,480
2026-06-02 21:20:40,12,0.006142,0.004309,480
2026-06-02 21:20:40,12,0.006150,0.004310,480
2026-06-02 21:20:40,12,0.006142,0.004388,480
2026-06-02 21:20:40,12,0.006262,0.004966,480
2026-06-02 21:20:40,12,0.006197,0.004535,480
2026-06-02 21:20:40,12,0.006158,0.004349,480
2026-06-02 21:20:40,12,0.006195,0.004330,480
2026-06-02 21:20:40,12,0.006148,0.004372,480
2026-06-02 21:20:40,12,0.006208,0.004360,480
2026-06-02 21:20:40,12,0.006199,0.004347,480
2026-06-02 21:20:40,12,0.006151,0.004418,480
2026-06-02 21:20:40,12,0.006168,0.004309,480
2026-06-02 21:20:40,12,0.006171,0.004378,480
2026-06-02 21:20:40,12,0.006142,0.004395,480
2026-06-02 21:20:40,12,0.006240,0.004319,480
2026-06-02 21:20:40,12,0.006134,0.004437,480
2026-06-02 21:20:40,12,0.006222,0.004877,480
2026-06-02 21:20:40,12,0.006411,0.004404,480
2026-06-02 21:20:40,12,0.006164,0.004410,480
2026-06-02 21:20:40,12,0.006192,0.004348,480
2026-06-02 21:20:40,12,0.006206,0.004388,480
2026-06-02 21:20:40,12,0.006103,0.004403,480
2026-06-02 21:20:40,12,0.006604,0.004456,480
2026-06-02 21:20:40,12,0.006285,0.004454,480
2026-06-02 21:20:40,12,0.006160,0.004322,480
2026-06-02 21:20:40,12,0.006231,0.004329,480
2026-06-02 21:20:40,12,0.006157,0.004453,480
2026-06-02 21:20:40,12,0.006224,0.004323,480
2026-06-02 21:20:40,12,0.006236,0.004388,480
2026-06-02 21:20:40,12,0.006131,0.004375,480
2026-06-02 21:20:40,12,0.006210,0.004336,480
2026-06-02 21:20:40,12,0.006165,0.004397,480
2026-06-02 21:20:40,12,0.006218,0.004355,480
2026-06-02 21:20:40,12,0.006159,0.004318,480
2026-06-02 21:20:40,12,0.006128,0.004468,480
2026-06-02 21:20:40,12,0.006287,0.004348,480
2026-06-02 21:20:40,12,0.006161,0.004319,480
2026-06-02 21:20:40,12,0.006130,0.004376,480
2026-06-02 21:20:40,12,0.006192,0.004320,480
2026-06-02 21:20:40,12,0.006268,0.004501,480
2026-06-02 21:20:40,12,0.006503,0.004850,480
2026-06-02 21:20:40,12,0.006330,0.004331,480
2026-06-02 21:20:40,12,0.006651,0.005259,480
2026-06-02 21:20:40,12,0.006650,0.005021,480
2026-06-02 21:20:40,12,0.006474,0.004578,480
2026-06-02 21:20:40,12,0.006388,0.004336,480
2026-06-02 21:20:40,12,0.006152,0.004375,480
2026-06-02 21:20:40,12,0.006182,0.004329,480
2026-06-02 21:20:40,12,0.006169,0.004323,480
2026-06-02 21:20:40,12,0.006098,0.004370,480
2026-06-02 21:20:40,12,0.006210,0.004295,480
2026-06-02 21:20:40,12,0.006190,0.004309,480
2026-06-02 21:20:40,12,0.006170,0.004428,480
2026-06-02 21:20:40,12,0.006182,0.004383,480
2026-06-02 21:20:40,12,0.006245,0.004383,480
2026-06-02 21:20:40,12,0.006103,0.004392,480
2026-06-02 21:20:40,12,0.006286,0.004345,480
2026-06-02 21:20:40,12,0.006150,0.004491,480
2026-06-02 21:20:40,12,0.006233,0.004331,480
2026-06-02 21:20:40,12,0.006187,0.004316,480
2026-06-02 21:20:40,12,0.006163,0.004397,480
2026-06-02 21:20:40,12,0.006161,0.004323,480
2026-06-02 21:20:40,12,0.006427,0.004794,480
2026-06-02 21:20:40,12,0.006132,0.004921,480
2026-06-02 21:20:40,12,0.006829,0.004470,480
2026-06-02 21:20:40,12,0.006492,0.004670,480
2026-06-02 21:20:40,12,0.006696,0.005067,480
2026-06-02 21:20:40,12,0.006414,0.004549,480
2026-06-02 21:20:40,12,0.006401,0.004536,480
2026-06-02 21:20:40,12,0.006411,0.004533,480
2026-06-02 21:20:40,12,0.006171,0.004339,480
2026-06-02 21:20:40,12,0.006268,0.004383,480
2026-06-02 21:20:40,12,0.006107,0.004394,480
2026-06-02 21:20:40,12,0.006209,0.004324,480
2026-06-02 21:20:40,12,0.006236,0.004313,480
2026-06-02 21:20:40,12,0.006160,0.004697,480
2026-06-02 21:20:40,12,0.006516,0.004820,480
2026-06-02 21:20:40,12,0.006142,0.004423,480
2026-06-02 21:20:40,12,0.006217,0.004335,480
2026-06-02 21:20:40,12,0.006164,0.004337,480
2026-06-02 21:20:40,12,0.006085,0.004590,480
2026-06-02 21:20:40,12,0.006310,0.049977,480
2026-06-02 21:20:40,12,0.006263,0.004388,480
2026-06-02 21:20:40,12,0.006253,0.004385,480
2026-06-02 21:20:40,12,0.006114,0.004367,480
2026-06-02 21:20:40,12,0.006247,0.004358,480
2026-06-02 21:20:40,12,0.006091,0.004450,480
2026-06-02 21:20:40,12,0.006209,0.004336,480
2026-06-02 21:20:40,12,0.006199,0.004346,480
2026-06-02 21:20:40,12,0.006132,0.004437,480
2026-06-02 21:20:40,12,0.006161,0.004323,480
2026-06-02 21:20:40,12,0.006144,0.004328,480
2026-06-02 21:20:40,12,0.006131,0.004386,480
2026-06-02 21:20:40,12,0.006138,0.004389,480
2026-06-02 21:20:40,12,0.006147,0.004330,480
2026-06-02 21:20:40,12,0.006102,0.004379,480
2026-06-02 21:20:40,12,0.006211,0.004328,480
2026-06-02 21:20:40,12,0.006137,0.004375,480
2026-06-02 21:20:40,12,0.006102,0.004372,480
2026-06-02 21:20:40,12,0.006185,0.004344,480
2026-06-02 21:20:40,12,0.006103,0.004381,480
2026-06-02 21:20:40,12,0.006213,0.004318,480
2026-06-02 21:20:40,12,0.006136,0.004307,480
2026-06-02 21:20:40,12,0.006148,0.004372,480
2026-06-02 21:20:40,12,0.006139,0.004316,480
2026-06-02 21:20:40,12,0.006653,0.005083,480
2026-06-02 21:20:40,12,0.006429,0.004456,480
2026-06-02 21:20:40,12,0.006377,0.004585,480
2026-06-02 21:20:40,12,0.006120,0.004396,480
2026-06-02 21:20:40,12,0.006224,0.004339,480
2026-06-02 21:20:40,12,0.006187,0.004345,480
2026-06-02 21:20:40,12,0.006165,0.004576,480
2026-06-02 21:20:40,12,0.006228,0.004332,480
2026-06-02 21:20:40,12,0.006201,0.004467,480
2026-06-02 21:20:40,12,0.006202,0.004342,480
2026-06-02 21:20:40,12,0.006198,0.004320,480
2026-06-02 21:20:40,12,0.006140,0.004386,480
2026-06-02 21:20:40,12,0.006223,0.004340,480
2026-06-02 21:20:40,12,0.006202,0.004320,480
2026-06-02 21:20:40,12,0.006093,0.004359,480
2026-06-02 21:20:40,12,0.006256,0.004458,480
2026-06-02 21:20:40,12,0.006197,0.004340,480
2026-06-02 21:20:40,12,0.006143,0.005086,480
2026-06-02 21:20:40,12,0.006328,0.004417,480
2026-06-02 21:20:40,12,0.006079,0.004420,480
2026-06-02 21:20:40,12,0.006155,0.004326,480
2026-06-02 21:20:40,12,0.006211,0.004344,480
2026-06-02 21:20:40,12,0.006102,0.004378,480
2026-06-02 21:20:40,12,0.006190,0.004420,480
2026-06-02 21:20:40,12,0.006316,0.004477,480
2026-06-02 21:20:40,12,0.006125,0.004684,480
2026-06-02 21:20:40,12,0.006383,0.004319,480
2026-06-02 21:20:40,12,0.006152,0.004459,480
2026-06-02 21:20:40,12,0.006140,0.004334,480
2026-06-02 21:20:40,12,0.006183,0.004427,480
2026-06-02 21:20:40,12,0.006178,0.004391,480
2026-06-02 21:20:40,12,0.006136,0.004417,480
2026-06-02 21:20:40,12,0.006225,0.004350,480
2026-06-02 21:20:40,12,0.006120,0.004383,480
2026-06-02 21:20:40,12,0.006174,0.004329,480
2026-06-02 21:20:40,12,0.006123,0.004473,480
2026-06-02 21:20:40,12,0.006197,0.004369,480
2026-06-02 21:20:40,12,0.006272,0.004629,480
2026-06-02 21:20:40,12,0.006162,0.004391,480
2026-06-02 21:20:40,12,0.006200,0.004320,480
2026-06-02 21:20:40,12,0.006395,0.005058,480
2026-06-02 21:20:40,12,0.006374,0.004724,480
2026-06-02 21:20:40,12,0.006250,0.004348,480
2026-06-02 21:20:40,12,0.006122,0.004420,480
2026-06-02 21:20:40,12,0.006177,0.004341,480
2026-06-02 21:20:40,12,0.006176,0.004331,480
2026-06-02 21:20:40,12,0.006167,0.004539,480
2026-06-02 21:20:40,12,0.006179,0.004356,480
2026-06-02 21:20:40,12,0.006180,0.004416,480
2026-06-02 21:20:40,12,0.006141,0.004390,480
2026-06-02 21:20:40,12,0.006279,0.004329,480
2026-06-02 21:20:40,12,0.006125,0.004379,480
2026-06-02 21:20:40,12,0.006225,0.004326,480
2026-06-02 21:20:40,12,0.006156,0.004308,480
2026-06-02 21:20:40,12,0.006138,0.004376,480
2026-06-02 21:20:40,12,0.006211,0.004380,480
2026-06-02 21:20:40,12,0.006259,0.004315,480
2026-06-02 21:20:40,12,0.006091,0.004413,480
2026-06-02 21:20:40,12,0.006171,0.004316,480
2026-06-02 21:20:40,12,0.006194,0.004392,480
2026-06-02 21:20:40,12,0.006196,0.004404,480
2026-06-02 21:20:40,12,0.006188,0.004329,480
2026-06-02 21:20:40,12,0.006111,0.004405,480
2026-06-02 21:20:40,12,0.006231,0.004387,480
2026-06-02 21:20:40,12,0.006201,0.004334,480
2026-06-02 21:20:40,12,0.006113,0.004410,480
2026-06-02 21:20:40,12,0.006225,0.004325,480
2026-06-02 21:20:40,12,0.006189,0.004326,480
2026-06-02 21:20:40,12,0.006162,0.004385,480
2026-06-02 21:20:40,12,0.006227,0.004326,480
2026-06-02 21:20:40,12,0.006205,0.004370,480
2026-06-02 21:20:40,12,0.006158,0.004370,480
2026-06-02 21:20:40,12,0.006193,0.004340,480
2026-06-02 21:20:40,12,0.006151,0.004383,480
2026-06-02 21:20:40,12,0.006231,0.004331,480
2026-06-02 21:20:40,12,0.006183,0.004321,480
2026-06-02 21:20:40,12,0.006176,0.004402,480
2026-06-02 21:20:40,12,0.006160,0.004319,480
2026-06-02 21:20:40,12,0.006202,0.004321,480
2026-06-02 21:20:40,12,0.006097,0.004388,480
2026-06-02 21:20:40,12,0.006192,0.004319,480
2026-06-02 21:20:40,12,0.006159,0.004317,480
2026-06-02 21:20:40,12,0.006167,0.004429,480
2026-06-02 21:20:40,12,0.006198,0.004319,480
2026-06-02 21:20:40,12,0.006199,0.004393,480
2026-06-02 21:20:40,12,0.006134,0.004403,480
2026-06-02 21:20:40,12,0.006196,0.004322,480
2026-06-02 21:20:40,12,0.006147,0.004386,480
2026-06-02 21:20:40,12,0.006222,0.004319,480
2026-06-02 21:20:40,12,0.006255,0.004322,480
2026-06-02 21:20:40,12,0.006139,0.004444,480
2026-06-02 21:20:40,12,0.006229,0.004327,480
2026-06-02 21:20:40,12,0.006218,0.004324,480
2026-06-02 21:20:40,12,0.006091,0.004378,480
2026-06-02 21:20:40,12,0.006188,0.004325,480
2026-06-02 21:20:40,12,0.006170,0.004364,480
2026-06-02 21:20:40,12,0.006135,0.004412,480
2026-06-02 21:20:40,12,0.006192,0.004330,480
2026-06-02 21:20:40,12,0.006169,0.004371,480
2026-06-02 21:20:40,12,0.006136,0.004336,480
2026-06-02 21:20:40,12,0.006194,0.004314,480
2026-06-02 21:20:40,12,0.006140,0.004401,480
2026-06-02 21:20:40,12,0.006228,0.004317,480
2026-06-02 21:20:40,12,0.006161,0.004311,480
2026-06-02 21:20:40,12,0.006122,0.004362,480
2026-06-02 21:20:40,12,0.006245,0.004330,480
2026-06-02 21:20:40,12,0.006246,0.004326,480
2026-06-02 21:20:40,12,0.006152,0.004416,480
2026-06-02 21:20:40,12,0.006179,0.004351,480
2026-06-02 21:20:40,12,0.006164,0.049688,480
2026-06-02 21:20:40,12,0.006473,0.005180,480
2026-06-02 21:20:40,12,0.006223,0.004391,480
2026-06-02 21:20:40,12,0.006205,0.004343,480
2026-06-02 21:20:40,12,0.006076,0.004387,480
2026-06-02 21:20:40,12,0.006229,0.004341,480
2026-06-02 21:20:40,12,0.006198,0.004334,480
2026-06-02 21:20:40,12,0.006092,0.004365,480
2026-06-02 21:20:40,12,0.006255,0.004327,480
2026-06-02 21:20:40,12,0.006208,0.004385,480
2026-06-02 21:20:40,12,0.006121,0.004393,480
2026-06-02 21:20:40,12,0.006223,0.004318,480
2026-06-02 21:20:40,12,0.006118,0.004412,480
2026-06-02 21:20:40,12,0.006221,0.004411,480
2026-06-02 21:20:40,12,0.006200,0.004316,480
2026-06-02 21:20:40,12,0.006099,0.004360,480
2026-06-02 21:20:40,12,0.006143,0.004313,480
2026-06-02 21:20:40,12,0.006257,0.004373,480
2026-06-02 21:20:40,12,0.006193,0.004440,480
2026-06-02 21:20:40,12,0.006172,0.004335,480
2026-06-02 21:20:40,12,0.006197,0.004319,480
2026-06-02 21:20:40,12,0.006112,0.004387,480
2026-06-02 21:20:40,12,0.006178,0.004322,480
2026-06-02 21:20:40,12,0.006145,0.004386,480
2026-06-02 21:20:40,12,0.006136,0.004396,480
2026-06-02 21:20:40,12,0.006150,0.004321,480
2026-06-02 21:20:40,12,0.006570,0.005125,480
2026-06-02 21:20:40,12,0.006522,0.004817,480
2026-06-02 21:20:40,12,0.006514,0.004831,480
2026-06-02 21:20:40,12,0.006529,0.004801,480
2026-06-02 21:20:40,12,0.006555,0.004805,480
2026-06-02 21:20:40,12,0.006504,0.004614,480
2026-06-02 21:20:40,12,0.006273,0.004375,480
2026-06-02 21:20:40,12,0.006128,0.004400,480
2026-06-02 21:20:40,12,0.006241,0.004347,480
2026-06-02 21:20:40,12,0.006203,0.004397,480
2026-06-02 21:20:40,12,0.006132,0.004424,480
2026-06-02 21:20:40,12,0.006191,0.004334,480
2026-06-02 21:20:40,12,0.006144,0.004393,480
2026-06-02 21:20:40,12,0.006146,0.004312,480
2026-06-02 21:20:40,12,0.006255,0.004346,480
2026-06-02 21:20:40,12,0.006137,0.004421,480
2026-06-02 21:20:40,12,0.006241,0.004330,480
2026-06-02 21:20:40,12,0.006196,0.004324,480
2026-06-02 21:20:40,12,0.006117,0.004396,480
2026-06-02 21:20:40,12,0.006191,0.004326,480
2026-06-02 21:20:40,12,0.006151,0.004338,480
2026-06-02 21:20:40,12,0.006113,0.004383,480
2026-06-02 21:20:40,12,0.006178,0.004345,480
2026-06-02 21:20:40,12,0.006150,0.004401,480
2026-06-02 21:20:40,12,0.006165,0.004332,480
2026-06-02 21:20:40,12,0.006234,0.004357,480
2026-06-02 21:20:40,12,0.006123,0.004428,480
2026-06-02 21:20:40,12,0.006252,0.004697,480
2026-06-02 21:20:40,12,0.006368,0.004339,480
2026-06-02 21:20:40,12,0.006126,0.004413,480
2026-06-02 21:20:40,12,0.006200,0.004337,480
2026-06-02 21:20:40,12,0.006162,0.004376,480
2026-06-02 21:20:40,12,0.006107,0.004380,480
2026-06-02 21:20:40,12,0.006165,0.004319,480
2026-06-02 21:20:40,12,0.006110,0.004408,480
2026-06-02 21:20:40,12,0.006186,0.004317,480
2026-06-02 21:20:40,12,0.006181,0.004315,480
2026-06-02 21:20:40,12,0.006122,0.004474,480
2026-06-02 21:20:40,12,0.006234,0.004347,480
2026-06-02 21:20:40,13,0.008354,0.044141,11032
2026-06-02 21:20:40,13,0.008643,0.035367,11032
2026-06-02 21:20:40,13,0.008338,0.085206,11032
2026-06-02 21:20:40,13,0.008015,0.032627,11032
2026-06-02 21:20:40,13,0.008043,0.031792,11032
2026-06-02 21:20:40,13,0.008032,0.031294,11032
2026-06-02 21:20:40,13,0.007964,0.032986,11032
2026-06-02 21:20:40,13,0.008110,0.081024,11032
2026-06-02 21:20:40,13,0.008054,0.032808,11032
2026-06-02 21:20:40,13,0.008116,0.031430,11032
2026-06-02 21:20:40,13,0.008210,0.033291,11032
2026-06-02 21:20:40,13,0.008144,0.032181,11032
2026-06-02 21:20:40,13,0.008167,0.081543,11032
2026-06-02 21:20:40,13,0.008391,0.032108,11032
2026-06-02 21:20:40,13,0.008092,0.032971,11032
2026-06-02 21:20:40,13,0.008146,0.032255,11032
2026-06-02 21:20:40,13,0.008080,0.032010,11032
2026-06-02 21:20:40,13,0.008373,0.079880,11032
2026-06-02 21:20:40,13,0.008391,0.034264,11032
2026-06-02 21:20:40,13,0.008137,0.032349,11032
2026-06-02 21:20:40,13,0.008141,0.032109,11032
2026-06-02 21:20:40,13,0.008040,0.031572,11032
2026-06-02 21:20:40,13,0.008056,0.080303,11032
2026-06-02 21:20:40,13,0.008060,0.032464,11032
2026-06-02 21:20:40,13,0.008133,0.032020,11032
2026-06-02 21:20:40,13,0.008109,0.033628,11032
2026-06-02 21:20:40,13,0.008019,0.087651,11032
2026-06-02 21:20:40,13,0.008198,0.032636,11032
2026-06-02 21:20:40,13,0.008093,0.032144,11032
2026-06-02 21:20:40,13,0.008076,0.033928,11032
2026-06-02 21:20:40,13,0.007967,0.033571,11032
2026-06-02 21:20:40,13,0.008023,0.085839,11032
2026-06-02 21:20:40,13,0.008227,0.032854,11032
2026-06-02 21:20:40,13,0.008344,0.034388,11032
2026-06-02 21:20:40,13,0.007999,0.035342,11032
2026-06-02 21:20:40,13,0.008101,0.032788,11032
2026-06-02 21:20:40,13,0.008096,0.084867,11032
2026-06-02 21:20:40,13,0.008155,0.034407,11032
2026-06-02 21:20:40,13,0.008100,0.034252,11032
2026-06-02 21:20:40,13,0.008155,0.032817,11032
2026-06-02 21:20:40,13,0.008129,0.032509,11032
2026-06-02 21:20:40,13,0.008236,0.083647,11032
2026-06-02 21:20:40,13,0.008430,0.035039,11032
2026-06-02 21:20:40,13,0.008172,0.033472,11032
2026-06-02 21:20:40,13,0.008166,0.032798,11032
2026-06-02 21:20:40,13,0.008097,0.034576,11032
2026-06-02 21:20:40,13,0.008029,0.085348,11032
2026-06-02 21:20:40,13,0.008136,0.033352,11032
2026-06-02 21:20:40,13,0.008087,0.033114,11032
2026-06-02 21:20:40,13,0.008126,0.034559,11032
2026-06-02 21:20:40,13,0.008042,0.035428,11032
2026-06-02 21:20:40,13,0.008159,0.082933,11032
2026-06-02 21:20:40,13,0.008078,0.033861,11032
2026-06-02 21:20:40,13,0.008115,0.034694,11032
2026-06-02 21:20:40,13,0.008069,0.034809,11032
2026-06-02 21:20:40,13,0.008074,0.033756,11032
2026-06-02 21:20:40,13,0.008159,0.081840,11032
2026-06-02 21:20:40,13,0.008020,0.035094,11032
2026-06-02 21:20:40,13,0.008073,0.034623,11032
2026-06-02 21:20:40,13,0.008138,0.033817,11032
2026-06-02 21:20:40,13,0.008092,0.033617,11032
2026-06-02 21:20:40,13,0.008084,0.082387,11032
2026-06-02 21:20:40,13,0.008137,0.034921,11032
2026-06-02 21:20:40,13,0.008080,0.033891,11032
2026-06-02 21:20:40,13,0.008097,0.033661,11032
2026-06-02 21:20:40,13,0.008091,0.091081,11032
2026-06-02 21:20:40,13,0.008119,0.035166,11032
2026-06-02 21:20:40,13,0.008012,0.034334,11032
2026-06-02 21:20:40,13,0.008072,0.033763,11032
2026-06-02 21:20:40,13,0.008056,0.034984,11032
2026-06-02 21:20:40,13,0.008156,0.089980,11032
2026-06-02 21:20:40,13,0.008189,0.034379,11032
2026-06-02 21:20:40,13,0.008025,0.033838,11032
2026-06-02 21:20:40,13,0.008147,0.035400,11032
2026-06-02 21:20:40,13,0.008195,0.034601,11032
2026-06-02 21:20:40,13,0.008012,0.089222,11032
2026-06-02 21:20:40,13,0.008064,0.034492,11032
2026-06-02 21:20:40,13,0.008028,0.036511,11032
2026-06-02 21:20:40,13,0.008156,0.034825,11032
2026-06-02 21:20:40,13,0.007982,0.034477,11032
2026-06-02 21:20:40,13,0.008104,0.088290,11032
2026-06-02 21:20:40,13,0.008086,0.038889,11032
2026-06-02 21:20:40,13,0.008214,0.035039,11032
2026-06-02 21:20:40,13,0.008054,0.034699,11032
2026-06-02 21:20:40,13,0.008059,0.034014,11032
2026-06-02 21:20:40,13,0.008105,0.088323,11032
2026-06-02 21:20:40,13,0.008153,0.035686,11032
2026-06-02 21:20:40,13,0.008092,0.034976,11032
2026-06-02 21:20:40,13,0.008043,0.034084,11032
2026-06-02 21:20:40,13,0.008062,0.036002,11032
2026-06-02 21:20:40,13,0.008122,0.086543,11032
2026-06-02 21:20:40,13,0.008156,0.035233,11032
2026-06-02 21:20:40,13,0.008107,0.034639,11032
2026-06-02 21:20:40,13,0.008104,0.036282,11032
2026-06-02 21:20:40,13,0.008139,0.035351,11032
2026-06-02 21:20:40,13,0.007964,0.086144,11032
2026-06-02 21:20:40,13,0.008086,0.034526,11032
2026-06-02 21:20:40,13,0.008634,0.036714,11032
2026-06-02 21:20:40,13,0.008129,0.035408,11032
2026-06-02 21:20:40,13,0.008103,0.035261,11032
2026-06-02 21:20:40,13,0.008136,0.083937,11032
2026-06-02 21:20:40,13,0.008131,0.037144,11032
2026-06-02 21:20:40,13,0.008071,0.035910,11032
2026-06-02 21:20:40,13,0.008139,0.035627,11032
2026-06-02 21:20:40,13,0.007979,0.034641,11032
2026-06-02 21:20:40,13,0.008085,0.083626,11032
2026-06-02 21:20:40,13,0.008133,0.036200,11032
2026-06-02 21:20:40,13,0.008020,0.035162,11032
2026-06-02 21:20:40,13,0.008052,0.034123,11032
2026-06-02 21:20:40,13,0.008121,0.093783,11032
2026-06-02 21:20:40,13,0.008025,0.036493,11032
2026-06-02 21:20:40,13,0.008096,0.035260,11032
2026-06-02 21:20:40,13,0.008073,0.035332,11032
2026-06-02 21:20:40,13,0.008070,0.036372,11032
2026-06-02 21:20:40,13,0.008097,0.092433,11032
2026-06-02 21:20:40,13,0.008062,0.035860,11032
2026-06-02 21:20:40,13,0.008085,0.034263,11032
2026-06-02 21:20:40,13,0.008165,0.036421,11032
2026-06-02 21:20:40,13,0.008077,0.035436,11032
2026-06-02 21:20:40,13,0.008113,0.090849,11032
2026-06-02 21:20:40,13,0.008117,0.037047,11032
2026-06-02 21:20:40,13,0.008822,0.039845,11032
2026-06-02 21:20:40,13,0.008449,0.036742,11032
2026-06-02 21:20:40,13,0.008107,0.035779,11032
2026-06-02 21:20:40,13,0.008120,0.088210,11032
2026-06-02 21:20:40,13,0.008071,0.037195,11032
2026-06-02 21:20:40,13,0.008057,0.036227,11032
2026-06-02 21:20:40,13,0.008115,0.035775,11032
2026-06-02 21:20:40,13,0.008100,0.034364,11032
2026-06-02 21:20:40,13,0.008065,0.088704,11032
2026-06-02 21:20:40,13,0.008133,0.036377,11032
2026-06-02 21:20:40,13,0.008085,0.035611,11032
2026-06-02 21:20:40,13,0.008082,0.035198,11032
2026-06-02 21:20:40,13,0.008095,0.036758,11032
2026-06-02 21:20:40,13,0.008125,0.086258,11032
2026-06-02 21:20:40,13,0.008083,0.036003,11032
2026-06-02 21:20:40,13,0.008050,0.034641,11032
2026-06-02 21:20:40,13,0.008006,0.036821,11032
2026-06-02 21:20:40,13,0.008146,0.036300,11032
2026-06-02 21:20:40,13,0.008074,0.084970,11032
2026-06-02 21:20:40,13,0.008079,0.035147,11032
2026-06-02 21:20:40,13,0.008136,0.037574,11032
2026-06-02 21:20:40,13,0.008233,0.036056,11032
2026-06-02 21:20:40,13,0.008012,0.037263,11032
2026-06-02 21:20:40,13,0.008112,0.082797,11032
2026-06-02 21:20:40,13,0.008120,0.037759,11032
2026-06-02 21:20:40,13,0.008159,0.036097,11032
2026-06-02 21:20:40,13,0.008176,0.036226,11032
2026-06-02 21:20:40,13,0.008110,0.035186,11032
2026-06-02 21:20:40,13,0.008066,0.083971,11032
2026-06-02 21:20:40,13,0.008020,0.036431,11032
2026-06-02 21:20:40,13,0.008131,0.035702,11032
2026-06-02 21:20:40,13,0.008012,0.037544,11032
2026-06-02 21:20:40,13,0.008125,0.095689,11032
2026-06-02 21:20:40,13,0.008094,0.036530,11032
2026-06-02 21:20:40,13,0.008177,0.035928,11032
2026-06-02 21:20:40,13,0.008097,0.037671,11032
2026-06-02 21:20:40,13,0.008140,0.037592,11032
2026-06-02 21:20:40,13,0.008089,0.094044,11032
2026-06-02 21:20:40,13,0.008141,0.036246,11032
2026-06-02 21:20:40,13,0.008102,0.038120,11032
2026-06-02 21:20:40,13,0.008097,0.037458,11032
2026-06-02 21:20:40,13,0.008079,0.036682,11032
2026-06-02 21:20:40,13,0.008185,0.091522,11032
2026-06-02 21:20:40,13,0.008105,0.038195,11032
2026-06-02 21:20:40,13,0.008085,0.038826,11032
2026-06-02 21:20:40,13,0.008453,0.037211,11032
2026-06-02 21:20:40,13,0.008114,0.036044,11032
2026-06-02 21:20:40,13,0.008379,0.089014,11032
2026-06-02 21:20:40,13,0.008174,0.038065,11032
2026-06-02 21:20:40,13,0.008148,0.036716,11032
2026-06-02 21:20:40,13,0.008044,0.036406,11032
2026-06-02 21:20:40,13,0.008192,0.038695,11032
2026-06-02 21:20:40,13,0.008151,0.091346,11032
2026-06-02 21:20:40,13,0.008202,0.037606,11032
2026-06-02 21:20:40,13,0.008010,0.036561,11032
2026-06-02 21:20:40,13,0.008133,0.038583,11032
2026-06-02 21:20:40,13,0.008163,0.039002,11032
2026-06-02 21:20:40,13,0.008230,0.087900,11032
2026-06-02 21:20:40,13,0.008179,0.036880,11032
2026-06-02 21:20:40,13,0.008143,0.038368,11032
2026-06-02 21:20:40,13,0.008183,0.037769,11032
2026-06-02 21:20:40,13,0.008137,0.036759,11032
2026-06-02 21:20:40,13,0.008098,0.085169,11032
2026-06-02 21:20:40,13,0.008144,0.038948,11032
2026-06-02 21:20:40,13,0.008199,0.038084,11032
2026-06-02 21:20:40,13,0.008150,0.037305,11032
2026-06-02 21:20:40,13,0.008120,0.036563,11032
2026-06-02 21:20:40,13,0.008062,0.086717,11032
2026-06-02 21:20:40,13,0.008067,0.038229,11032
2026-06-02 21:20:40,13,0.008145,0.036997,11032
2026-06-02 21:20:40,13,0.008136,0.036093,11032
2026-06-02 21:20:40,13,0.008122,0.099130,11032
2026-06-02 21:20:40,13,0.008169,0.038339,11032
2026-06-02 21:20:40,13,0.008141,0.037111,11032
2026-06-02 21:20:40,13,0.008134,0.036199,11032
2026-06-02 21:20:40,13,0.008373,0.038741,11032
2026-06-02 21:20:40,13,0.008327,0.096585,11032
2026-06-02 21:20:40,13,0.008240,0.037668,11032
2026-06-02 21:20:40,13,0.008167,0.036389,11032
2026-06-02 21:20:40,13,0.008158,0.038773,11032
2026-06-02 21:20:40,13,0.008109,0.037933,11032
2026-06-02 21:20:40,13,0.008121,0.094820,11032
2026-06-02 21:20:40,13,0.008042,0.036595,11032
2026-06-02 21:20:40,13,0.008123,0.038444,11032
2026-06-02 21:20:40,13,0.008108,0.037689,11032
2026-06-02 21:20:40,13,0.008125,0.037234,11032
2026-06-02 21:20:40,13,0.008227,0.091809,11032
2026-06-02 21:20:40,13,0.008174,0.039140,11032
2026-06-02 21:20:40,13,0.008069,0.037931,11032
2026-06-02 21:20:40,13,0.008103,0.037336,11032
2026-06-02 21:20:40,13,0.008117,0.036372,11032
2026-06-02 21:20:40,13,0.008200,0.093268,11032
2026-06-02 21:20:40,13,0.008249,0.038619,11032
2026-06-02 21:20:40,13,0.008133,0.037164,11032
2026-06-02 21:20:40,13,0.008466,0.037892,11032
2026-06-02 21:20:40,13,0.008500,0.040387,11032
2026-06-02 21:20:40,13,0.008151,0.089468,11032
2026-06-02 21:20:40,13,0.008141,0.037289,11032
2026-06-02 21:20:40,13,0.008074,0.036644,11032
2026-06-02 21:20:40,13,0.008216,0.038535,11032
2026-06-02 21:20:40,13,0.008109,0.037878,11032
2026-06-02 21:20:40,13,0.008033,0.087593,11032
2026-06-02 21:20:40,13,0.008126,0.036795,11032
2026-06-02 21:20:40,13,0.008097,0.038944,11032
2026-06-02 21:20:40,13,0.008049,0.037956,11032
2026-06-02 21:20:40,13,0.008119,0.037417,11032
2026-06-02 21:20:40,13,0.008140,0.084927,11032
2026-06-02 21:20:40,13,0.008298,0.039305,11032
2026-06-02 21:20:40,13,0.008118,0.037684,11032
2026-06-02 21:20:40,13,0.008163,0.037427,11032
2026-06-02 21:20:40,13,0.008080,0.036492,11032
2026-06-02 21:20:40,13,0.008089,0.086415,11032
2026-06-02 21:20:40,13,0.008076,0.038388,11032
2026-06-02 21:20:40,13,0.008520,0.037436,11032
2026-06-02 21:20:40,13,0.008119,0.035833,11032
2026-06-02 21:20:40,13,0.008142,0.098514,11032
2026-06-02 21:20:40,13,0.008123,0.038310,11032
2026-06-02 21:20:40,13,0.008117,0.036955,11032
2026-06-02 21:20:40,13,0.008103,0.036272,11032
2026-06-02 21:20:40,13,0.008085,0.038749,11032
2026-06-02 21:20:40,13,0.007988,0.095852,11032
2026-06-02 21:20:40,13,0.008155,0.037426,11032
2026-06-02 21:20:40,13,0.008089,0.035996,11032
2026-06-02 21:20:40,13,0.008142,0.038203,11032
2026-06-02 21:20:40,13,0.008189,0.037774,11032
2026-06-02 21:20:40,13,0.008015,0.093835,11032
2026-06-02 21:20:40,13,0.008084,0.036641,11032
2026-06-02 21:20:40,13,0.008107,0.038566,11032
2026-06-02 21:20:40,13,0.008182,0.037748,11032
2026-06-02 21:20:40,13,0.008110,0.037089,11032
2026-06-02 21:20:40,13,0.008155,0.091528,11032
2026-06-02 21:20:40,13,0.008666,0.040931,11032
2026-06-02 21:20:40,13,0.008054,0.037466,11032
2026-06-02 21:20:40,13,0.008124,0.037196,11032
2026-06-02 21:20:40,13,0.008159,0.036317,11032
2026-06-02 21:20:40,13,0.008110,0.093273,11032
2026-06-02 21:20:40,13,0.008052,0.038405,11032
2026-06-02 21:20:40,13,0.008160,0.037305,11032
2026-06-02 21:20:40,13,0.008092,0.036762,11032
2026-06-02 21:20:40,13,0.008176,0.038621,11032
2026-06-02 21:20:40,13,0.008110,0.089075,11032
2026-06-02 21:20:40,13,0.008275,0.037846,11032
2026-06-02 21:20:40,13,0.008068,0.036058,11032
2026-06-02 21:20:40,13,0.008166,0.038770,11032
2026-06-02 21:20:40,13,0.008659,0.038991,11032
2026-06-02 21:20:40,13,0.008188,0.087200,11032
2026-06-02 21:20:40,13,0.008131,0.037114,11032
2026-06-02 21:20:40,13,0.008114,0.039030,11032
2026-06-02 21:20:40,13,0.008155,0.037343,11032
2026-06-02 21:20:40,13,0.008033,0.037503,11032
2026-06-02 21:20:40,13,0.008190,0.087105,11032
2026-06-02 21:20:40,13,0.008121,0.039317,11032
2026-06-02 21:20:40,13,0.008024,0.037422,11032
2026-06-02 21:20:40,13,0.008137,0.037264,11032
2026-06-02 21:20:40,13,0.008147,0.036105,11032
2026-06-02 21:20:40,13,0.008126,0.086883,11032
2026-06-02 21:20:40,13,0.008076,0.037638,11032
2026-06-02 21:20:40,13,0.008008,0.036985,11032
2026-06-02 21:20:40,13,0.008130,0.038930,11032
2026-06-02 21:20:40,13,0.008127,0.098617,11032
2026-06-02 21:20:40,13,0.008142,0.038128,11032
2026-06-02 21:20:40,13,0.008155,0.037030,11032
2026-06-02 21:20:40,13,0.008143,0.039084,11032
2026-06-02 21:20:40,13,0.008136,0.038577,11032
2026-06-02 21:20:40,13,0.008007,0.095259,11032
2026-06-02 21:20:40,13,0.008187,0.037969,11032
2026-06-02 21:20:40,13,0.008089,0.039087,11032
2026-06-02 21:20:40,13,0.008126,0.038466,11032
2026-06-02 21:20:40,13,0.008088,0.037630,11032
2026-06-02 21:20:40,13,0.008130,0.092856,11032
2026-06-02 21:20:40,13,0.008139,0.039388,11032
2026-06-02 21:20:40,13,0.008117,0.038690,11032
2026-06-02 21:20:40,13,0.008021,0.037535,11032
2026-06-02 21:20:40,13,0.008091,0.036844,11032
2026-06-02 21:20:40,13,0.008106,0.089604,11032
2026-06-02 21:20:40,13,0.008105,0.038770,11032
2026-06-02 21:20:40,13,0.008136,0.037587,11032
2026-06-02 21:20:40,13,0.008170,0.036724,11032
2026-06-02 21:20:40,13,0.008068,0.039302,11032
2026-06-02 21:20:40,13,0.008031,0.090901,11032
2026-06-02 21:20:40,13,0.008042,0.037960,11032
2026-06-02 21:20:40,13,0.008232,0.037028,11032
2026-06-02 21:20:40,13,0.008159,0.038887,11032
2026-06-02 21:20:40,13,0.008037,0.038623,11032
2026-06-02 21:20:40,13,0.008150,0.089583,11032
2026-06-02 21:20:40,13,0.008073,0.037506,11032
2026-06-02 21:20:40,13,0.008099,0.038854,11032
2026-06-02 21:20:40,13,0.008169,0.041471,11032
2026-06-02 21:20:40,13,0.008031,0.037424,11032
2026-06-02 21:20:40,13,0.008124,0.086491,11032
2026-06-02 21:20:40,13,0.008185,0.039972,11032
2026-06-02 21:20:40,13,0.008122,0.038455,11032
2026-06-02 21:20:40,13,0.008176,0.037736,11032
2026-06-02 21:20:40,13,0.008100,0.037496,11032
2026-06-02 21:20:40,13,0.008074,0.087625,11032
2026-06-02 21:20:40,13,0.008146,0.039015,11032
2026-06-02 21:20:40,13,0.008131,0.037382,11032
2026-06-02 21:20:40,13,0.008150,0.036500,11032
2026-06-02 21:20:40,13,0.008105,0.099979,11032
2026-06-02 21:20:40,13,0.008151,0.040050,11032
2026-06-02 21:20:40,13,0.008091,0.037668,11032
2026-06-02 21:20:40,13,0.008112,0.036342,11032
2026-06-02 21:20:40,13,0.008149,0.038958,11032
2026-06-02 21:20:40,13,0.008107,0.097119,11032
2026-06-02 21:20:40,13,0.008440,0.039602,11032
2026-06-02 21:20:40,13,0.008337,0.036935,11032
2026-06-02 21:20:40,13,0.008216,0.039524,11032
2026-06-02 21:20:40,13,0.008151,0.038214,11032
2026-06-02 21:20:40,13,0.008127,0.095035,11032
2026-06-02 21:20:40,13,0.008135,0.037422,11032
2026-06-02 21:20:40,13,0.008132,0.039050,11032
2026-06-02 21:20:40,13,0.008078,0.037887,11032
2026-06-02 21:20:40,13,0.008130,0.037376,11032
2026-06-02 21:20:40,13,0.008152,0.091964,11032
2026-06-02 21:20:40,13,0.008180,0.039374,11032
2026-06-02 21:20:40,13,0.008124,0.038078,11032
2026-06-02 21:20:40,13,0.008104,0.037531,11032
2026-06-02 21:20:40,13,0.008087,0.036606,11032
2026-06-02 21:20:40,13,0.008114,0.092316,11032
2026-06-02 21:20:40,13,0.008137,0.038807,11032
2026-06-02 21:20:40,13,0.008156,0.037746,11032
2026-06-02 21:20:40,13,0.008189,0.036801,11032
2026-06-02 21:20:40,13,0.008150,0.039153,11032
2026-06-02 21:20:40,13,0.008113,0.089570,11032
2026-06-02 21:20:40,13,0.008539,0.039269,11032
2026-06-02 21:20:40,13,0.008169,0.036652,11032
2026-06-02 21:20:40,13,0.008128,0.038826,11032
2026-06-02 21:20:40,13,0.008123,0.038000,11032
2026-06-02 21:20:40,13,0.008137,0.089661,11032
2026-06-02 21:20:40,13,0.008168,0.037195,11032
2026-06-02 21:20:40,13,0.008182,0.038987,11032
2026-06-02 21:20:40,13,0.008132,0.038684,11032
2026-06-02 21:20:40,13,0.008137,0.037834,11032
2026-06-02 21:20:40,13,0.008138,0.086004,11032
2026-06-02 21:20:40,13,0.008022,0.039558,11032
2026-06-02 21:20:40,13,0.008083,0.038524,11032
2026-06-02 21:20:40,13,0.008113,0.037623,11032
2026-06-02 21:20:40,13,0.008110,0.036655,11032
2026-06-02 21:20:40,13,0.008105,0.087060,11032
2026-06-02 21:20:40,13,0.008192,0.038594,11032
2026-06-02 21:20:40,13,0.008172,0.037579,11032
2026-06-02 21:20:40,13,0.008065,0.036459,11032
2026-06-02 21:20:40,13,0.008099,0.100776,11032
2026-06-02 21:20:40,13,0.008098,0.040342,11032
2026-06-02 21:20:40,13,0.008390,0.038376,11032
2026-06-02 21:20:40,13,0.008348,0.037169,11032
2026-06-02 21:20:40,13,0.008104,0.038425,11032
2026-06-02 21:20:40,13,0.008085,0.096134,11032
2026-06-02 21:20:40,13,0.008150,0.037933,11032
2026-06-02 21:20:40,13,0.008135,0.036144,11032
2026-06-02 21:20:40,13,0.008060,0.038744,11032
2026-06-02 21:20:40,13,0.008071,0.037531,11032
2026-06-02 21:20:40,13,0.008147,0.094031,11032
2026-06-02 21:20:40,13,0.008140,0.036905,11032
2026-06-02 21:20:40,13,0.008198,0.039767,11032
2026-06-02 21:20:40,13,0.008201,0.037830,11032
2026-06-02 21:20:40,13,0.008268,0.039105,11032
2026-06-02 21:20:40,13,0.008153,0.091035,11032
2026-06-02 21:20:40,13,0.008570,0.040579,11032
2026-06-02 21:20:40,13,0.008132,0.037673,11032
2026-06-02 21:20:40,13,0.008209,0.037700,11032
2026-06-02 21:20:40,13,0.008037,0.036771,11032
2026-06-02 21:20:40,13,0.008190,0.092001,11032
2026-06-02 21:20:40,13,0.008191,0.038364,11032
2026-06-02 21:20:40,13,0.008194,0.037892,11032
2026-06-02 21:20:40,13,0.008093,0.036374,11032
2026-06-02 21:20:40,13,0.008171,0.039336,11032
2026-06-02 21:20:40,13,0.008173,0.088657,11032
2026-06-02 21:20:40,13,0.008136,0.038395,11032
2026-06-02 21:20:40,13,0.008055,0.037002,11032
2026-06-02 21:20:40,13,0.008115,0.038617,11032
2026-06-02 21:20:40,13,0.008204,0.037627,11032
2026-06-02 21:20:40,13,0.008048,0.087045,11032
2026-06-02 21:20:40,13,0.008135,0.036839,11032
2026-06-02 21:20:40,13,0.008186,0.039824,11032
2026-06-02 21:20:40,13,0.008072,0.037807,11032
2026-06-02 21:20:40,13,0.008119,0.037389,11032
2026-06-02 21:20:40,13,0.008144,0.084779,11032
2026-06-02 21:20:40,13,0.008587,0.039812,11032
2026-06-02 21:20:40,13,0.008151,0.037604,11032
2026-06-02 21:20:40,13,0.008097,0.037644,11032
2026-06-02 21:20:40,13,0.008036,0.036662,11032
2026-06-02 21:20:40,13,0.008125,0.086371,11032
2026-06-02 21:20:40,13,0.008058,0.038223,11032
2026-06-02 21:20:40,13,0.008107,0.037186,11032
2026-06-02 21:20:40,13,0.008110,0.039386,11032
2026-06-02 21:20:40,13,0.008142,0.098834,11032
2026-06-02 21:20:40,13,0.008075,0.039372,11032
2026-06-02 21:20:40,13,0.008168,0.036974,11032
2026-06-02 21:20:40,13,0.008126,0.039072,11032
2026-06-02 21:20:40,13,0.008102,0.038934,11032
2026-06-02 21:20:40,13,0.008169,0.096065,11032
2026-06-02 21:20:40,13,0.008162,0.037645,11032
2026-06-02 21:20:40,13,0.008067,0.039243,11032
2026-06-02 21:20:40,13,0.008290,0.039453,11032
2026-06-02 21:20:40,13,0.008174,0.037736,11032
2026-06-02 21:20:40,13,0.008127,0.093336,11032
2026-06-02 21:20:40,13,0.008185,0.040190,11032
2026-06-02 21:20:40,13,0.008192,0.040748,11032
2026-06-02 21:20:40,13,0.008338,0.037678,11032
2026-06-02 21:20:40,13,0.008102,0.036692,11032
2026-06-02 21:20:40,13,0.008120,0.089988,11032
2026-06-02 21:20:40,13,0.008389,0.039841,11032
2026-06-02 21:20:40,13,0.008102,0.037538,11032
2026-06-02 21:20:40,13,0.008132,0.036950,11032
2026-06-02 21:20:40,13,0.008219,0.039222,11032
2026-06-02 21:20:40,13,0.008112,0.091028,11032
2026-06-02 21:20:40,13,0.008161,0.037905,11032
2026-06-02 21:20:40,13,0.008059,0.036778,11032
2026-06-02 21:20:40,13,0.008156,0.039666,11032
2026-06-02 21:20:40,13,0.008115,0.038475,11032
2026-06-02 21:20:40,13,0.008066,0.088067,11032
2026-06-02 21:20:40,13,0.008037,0.037843,11032
2026-06-02 21:20:40,13,0.008199,0.039622,11032
2026-06-02 21:20:40,13,0.008137,0.038540,11032
2026-06-02 21:20:40,13,0.008168,0.037659,11032
2026-06-02 21:20:40,13,0.008061,0.086551,11032
2026-06-02 21:20:40,13,0.008570,0.040458,11032
2026-06-02 21:20:40,13,0.008138,0.039247,11032
2026-06-02 21:20:40,13,0.008192,0.037835,11032
2026-06-02 21:20:40,13,0.008029,0.037256,11032
2026-06-02 21:20:40,13,0.008212,0.087748,11032
2026-06-02 21:20:40,13,0.008131,0.038718,11032
2026-06-02 21:20:40,13,0.008070,0.037834,11032
2026-06-02 21:20:40,13,0.008095,0.036793,11032
2026-06-02 21:20:40,13,0.008187,0.100625,11032
2026-06-02 21:20:40,13,0.008105,0.038862,11032
2026-06-02 21:20:40,13,0.008049,0.037860,11032
2026-06-02 21:20:40,13,0.008181,0.037054,11032
2026-06-02 21:20:40,13,0.008091,0.038965,11032
2026-06-02 21:20:40,13,0.008060,0.097609,11032
2026-06-02 21:20:40,13,0.008199,0.038509,11032
2026-06-02 21:20:40,13,0.008109,0.036579,11032
2026-06-02 21:20:40,13,0.008182,0.039238,11032
2026-06-02 21:20:40,13,0.008175,0.038001,11032
2026-06-02 21:20:40,13,0.008151,0.095983,11032
2026-06-02 21:20:40,13,0.008094,0.037207,11032
2026-06-02 21:20:40,13,0.008145,0.039057,11032
2026-06-02 21:20:40,13,0.008086,0.038075,11032
2026-06-02 21:20:40,13,0.008067,0.037917,11032
2026-06-02 21:20:40,13,0.008198,0.092531,11032
2026-06-02 21:20:40,13,0.008192,0.039601,11032
2026-06-02 21:20:40,13,0.008189,0.038544,11032
2026-06-02 21:20:40,13,0.008166,0.037444,11032
2026-06-02 21:20:40,13,0.008068,0.036577,11032
2026-06-02 21:20:40,13,0.008116,0.092204,11032
2026-06-02 21:20:40,13,0.008454,0.040112,11032
2026-06-02 21:20:40,13,0.008143,0.037448,11032
2026-06-02 21:20:40,13,0.008198,0.036817,11032
2026-06-02 21:20:40,13,0.008159,0.038977,11032
2026-06-02 21:20:40,13,0.008145,0.090172,11032
2026-06-02 21:20:40,13,0.008089,0.038710,11032
2026-06-02 21:20:40,13,0.008146,0.036552,11032
2026-06-02 21:20:40,13,0.008159,0.039009,11032
2026-06-02 21:20:40,13,0.008174,0.038407,11032
2026-06-02 21:20:40,13,0.008037,0.087579,11032
2026-06-02 21:20:40,13,0.008106,0.037164,11032
2026-06-02 21:20:40,13,0.008084,0.039170,11032
2026-06-02 21:20:40,13,0.008155,0.037809,11032
2026-06-02 21:20:40,13,0.008010,0.037436,11032
2026-06-02 21:20:40,13,0.008109,0.085835,11032
2026-06-02 21:20:40,13,0.008679,0.040190,11032
2026-06-02 21:20:40,13,0.008124,0.037973,11032
2026-06-02 21:20:40,13,0.008246,0.038820,11032
2026-06-02 21:20:40,13,0.008225,0.036783,11032
2026-06-02 21:20:40,13,0.008079,0.086743,11032
2026-06-02 21:20:40,13,0.008205,0.038251,11032
2026-06-02 21:20:40,13,0.008164,0.037552,11032
2026-06-02 21:20:40,13,0.008095,0.036306,11032
2026-06-02 21:20:40,13,0.008193,0.099495,11032
2026-06-02 21:20:40,13,0.008109,0.037989,11032
2026-06-02 21:20:40,13,0.008119,0.037294,11032
2026-06-02 21:20:40,13,0.008127,0.036358,11032
2026-06-02 21:20:40,13,0.008045,0.040655,11032
2026-06-02 21:20:40,13,0.008096,0.096710,11032
2026-06-02 21:20:40,13,0.008239,0.039374,11032
2026-06-02 21:20:40,13,0.008166,0.036300,11032
2026-06-02 21:20:40,13,0.008149,0.039100,11032
2026-06-02 21:20:40,13,0.008042,0.038327,11032
2026-06-02 21:20:40,14,0.008590,0.010412,1600
2026-06-02 21:20:40,14,0.009316,0.010046,1600
2026-06-02 21:20:40,14,0.008687,0.009068,1600
2026-06-02 21:20:40,14,0.008414,0.008056,1600
2026-06-02 21:20:40,14,0.008206,0.056271,1600
2026-06-02 21:20:40,14,0.008295,0.008090,1600
2026-06-02 21:20:40,14,0.008285,0.008076,1600
2026-06-02 21:20:40,14,0.008218,0.008512,1600
2026-06-02 21:20:40,14,0.008269,0.007926,1600
2026-06-02 21:20:40,14,0.008155,0.007915,1600
2026-06-02 21:20:40,14,0.008093,0.008422,1600
2026-06-02 21:20:40,14,0.008038,0.007901,1600
2026-06-02 21:20:40,14,0.008053,0.007978,1600
2026-06-02 21:20:40,14,0.008184,0.008502,1600
2026-06-02 21:20:40,14,0.008291,0.008262,1600
2026-06-02 21:20:40,14,0.008225,0.007902,1600
2026-06-02 21:20:40,14,0.008155,0.008432,1600
2026-06-02 21:20:40,14,0.008137,0.007901,1600
2026-06-02 21:20:40,14,0.008193,0.007877,1600
2026-06-02 21:20:40,14,0.008206,0.008451,1600
2026-06-02 21:20:40,14,0.008196,0.008025,1600
2026-06-02 21:20:40,14,0.008214,0.008281,1600
2026-06-02 21:20:40,14,0.008230,0.008622,1600
2026-06-02 21:20:40,14,0.008096,0.007913,1600
2026-06-02 21:20:40,14,0.008082,0.007978,1600
2026-06-02 21:20:40,14,0.008168,0.008429,1600
2026-06-02 21:20:40,14,0.008259,0.008026,1600
2026-06-02 21:20:40,14,0.008180,0.007912,1600
2026-06-02 21:20:40,14,0.008215,0.008444,1600
2026-06-02 21:20:40,14,0.008130,0.007901,1600
2026-06-02 21:20:40,14,0.008277,0.008003,1600
2026-06-02 21:20:40,14,0.008231,0.008552,1600
2026-06-02 21:20:40,14,0.008220,0.007922,1600
2026-06-02 21:20:40,14,0.008205,0.007936,1600
2026-06-02 21:20:40,14,0.008251,0.008439,1600
2026-06-02 21:20:40,14,0.008113,0.008566,1600
2026-06-02 21:20:40,14,0.008183,0.009224,1600
2026-06-02 21:20:40,14,0.008557,0.009557,1600
2026-06-02 21:20:40,14,0.008258,0.054740,1600
2026-06-02 21:20:40,14,0.008176,0.008110,1600
2026-06-02 21:20:40,14,0.008148,0.008060,1600
2026-06-02 21:20:40,14,0.008216,0.007949,1600
2026-06-02 21:20:40,14,0.008185,0.008267,1600
2026-06-02 21:20:40,14,0.008790,0.009147,1600
2026-06-02 21:20:40,14,0.008466,0.008380,1600
2026-06-02 21:20:40,14,0.008184,0.007873,1600
2026-06-02 21:20:40,14,0.008209,0.007885,1600
2026-06-02 21:20:40,14,0.008179,0.007870,1600
2026-06-02 21:20:40,14,0.008197,0.007889,1600
2026-06-02 21:20:40,14,0.008198,0.008165,1600
2026-06-02 21:20:40,14,0.008428,0.008159,1600
2026-06-02 21:20:40,14,0.008174,0.007946,1600
2026-06-02 21:20:40,14,0.008237,0.008441,1600
2026-06-02 21:20:40,14,0.008248,0.008014,1600
2026-06-02 21:20:40,14,0.008265,0.007984,1600
2026-06-02 21:20:40,14,0.008202,0.008027,1600
2026-06-02 21:20:40,14,0.008036,0.007931,1600
2026-06-02 21:20:40,14,0.008106,0.007923,1600
2026-06-02 21:20:40,14,0.008102,0.007858,1600
2026-06-02 21:20:40,14,0.008132,0.008207,1600
2026-06-02 21:20:40,14,0.008229,0.008123,1600
2026-06-02 21:20:40,14,0.008152,0.007847,1600
2026-06-02 21:20:40,14,0.008132,0.007873,1600
2026-06-02 21:20:40,14,0.008174,0.007860,1600
2026-06-02 21:20:40,14,0.008130,0.007907,1600
2026-06-02 21:20:40,14,0.008206,0.007965,1600
2026-06-02 21:20:40,14,0.008252,0.008077,1600
2026-06-02 21:20:40,14,0.008186,0.008006,1600
2026-06-02 21:20:40,14,0.008145,0.008124,1600
2026-06-02 21:20:40,14,0.008488,0.008172,1600
2026-06-02 21:20:40,14,0.008212,0.007963,1600
2026-06-02 21:20:40,14,0.008279,0.055240,1600
2026-06-02 21:20:40,14,0.008196,0.008034,1600
2026-06-02 21:20:40,14,0.008192,0.008017,1600
2026-06-02 21:20:40,14,0.008302,0.008199,1600
2026-06-02 21:20:40,14,0.008195,0.007973,1600
2026-06-02 21:20:40,14,0.008074,0.007895,1600
2026-06-02 21:20:40,14,0.008151,0.008247,1600
2026-06-02 21:20:40,14,0.008178,0.007873,1600
2026-06-02 21:20:40,14,0.008747,0.008880,1600
2026-06-02 21:20:40,14,0.008244,0.008207,1600
2026-06-02 21:20:40,14,0.008189,0.007970,1600
2026-06-02 21:20:40,14,0.008136,0.008028,1600
2026-06-02 21:20:40,14,0.008151,0.008193,1600
2026-06-02 21:20:40,14,0.008186,0.007924,1600
2026-06-02 21:20:40,14,0.008140,0.007945,1600
2026-06-02 21:20:40,14,0.008328,0.008333,1600
2026-06-02 21:20:40,14,0.008693,0.009034,1600
2026-06-02 21:20:40,14,0.008227,0.007909,1600
2026-06-02 21:20:40,14,0.008138,0.008129,1600
2026-06-02 21:20:40,14,0.008162,0.008071,1600
2026-06-02 21:20:40,14,0.008322,0.008255,1600
2026-06-02 21:20:40,14,0.008220,0.008183,1600
2026-06-02 21:20:40,14,0.008182,0.007910,1600
2026-06-02 21:20:40,14,0.008203,0.007892,1600
2026-06-02 21:20:40,14,0.008517,0.009229,1600
2026-06-02 21:20:40,14,0.008365,0.008021,1600
2026-06-02 21:20:40,14,0.008151,0.007957,1600
2026-06-02 21:20:40,14,0.008094,0.008179,1600
2026-06-02 21:20:40,14,0.008220,0.008030,1600
2026-06-02 21:20:40,14,0.008134,0.007866,1600
2026-06-02 21:20:40,14,0.008201,0.008191,1600
2026-06-02 21:20:40,14,0.008167,0.008072,1600
2026-06-02 21:20:40,14,0.008150,0.007920,1600
2026-06-02 21:20:40,14,0.008176,0.055978,1600
2026-06-02 21:20:40,14,0.008243,0.008267,1600
2026-06-02 21:20:40,14,0.008294,0.008102,1600
2026-06-02 21:20:40,14,0.008243,0.008279,1600
2026-06-02 21:20:40,14,0.008178,0.007875,1600
2026-06-02 21:20:40,14,0.008173,0.008077,1600
2026-06-02 21:20:40,14,0.008201,0.008593,1600
2026-06-02 21:20:40,14,0.008368,0.007984,1600
2026-06-02 21:20:40,14,0.008064,0.008022,1600
2026-06-02 21:20:40,14,0.008187,0.008361,1600
2026-06-02 21:20:40,14,0.008175,0.007839,1600
2026-06-02 21:20:40,14,0.008162,0.007863,1600
2026-06-02 21:20:40,14,0.008148,0.008203,1600
2026-06-02 21:20:40,14,0.008171,0.007843,1600
2026-06-02 21:20:40,14,0.008176,0.007925,1600
2026-06-02 21:20:40,14,0.008285,0.008340,1600
2026-06-02 21:20:40,14,0.008145,0.007895,1600
2026-06-02 21:20:40,14,0.008137,0.007860,1600
2026-06-02 21:20:40,14,0.008161,0.008337,1600
2026-06-02 21:20:40,14,0.008185,0.007912,1600
2026-06-02 21:20:40,14,0.008149,0.008277,1600
2026-06-02 21:20:40,14,0.008434,0.009159,1600
2026-06-02 21:20:40,14,0.008098,0.008011,1600
2026-06-02 21:20:40,14,0.008207,0.007873,1600
2026-06-02 21:20:40,14,0.008125,0.008243,1600
2026-06-02 21:20:40,14,0.008180,0.007877,1600
2026-06-02 21:20:40,14,0.008142,0.007922,1600
2026-06-02 21:20:40,14,0.008164,0.008257,1600
2026-06-02 21:20:40,14,0.008188,0.008255,1600
2026-06-02 21:20:40,14,0.008131,0.007955,1600
2026-06-02 21:20:40,14,0.008108,0.008268,1600
2026-06-02 21:20:40,14,0.008245,0.007905,1600
2026-06-02 21:20:40,14,0.008122,0.007933,1600
2026-06-02 21:20:40,14,0.008225,0.056179,1600
2026-06-02 21:20:40,14,0.008170,0.008041,1600
2026-06-02 21:20:40,14,0.008166,0.007957,1600
2026-06-02 21:20:40,14,0.008182,0.008434,1600
2026-06-02 21:20:40,14,0.008705,0.008528,1600
2026-06-02 21:20:40,14,0.008049,0.007876,1600
2026-06-02 21:20:40,14,0.008126,0.008373,1600
2026-06-02 21:20:40,14,0.008152,0.007798,1600
2026-06-02 21:20:40,14,0.008144,0.008015,1600
2026-06-02 21:20:40,14,0.008157,0.008442,1600
2026-06-02 21:20:40,14,0.008136,0.007879,1600
2026-06-02 21:20:40,14,0.008146,0.008041,1600
2026-06-02 21:20:40,14,0.008466,0.008815,1600
2026-06-02 21:20:40,14,0.008476,0.008395,1600
2026-06-02 21:20:40,14,0.008451,0.008099,1600
2026-06-02 21:20:40,14,0.008175,0.008462,1600
2026-06-02 21:20:40,14,0.008137,0.007821,1600
2026-06-02 21:20:40,14,0.008159,0.007981,1600
2026-06-02 21:20:40,14,0.008164,0.008642,1600
2026-06-02 21:20:40,14,0.008118,0.007910,1600
2026-06-02 21:20:40,14,0.008170,0.007906,1600
2026-06-02 21:20:40,14,0.008158,0.008493,1600
2026-06-02 21:20:40,14,0.008142,0.008099,1600
2026-06-02 21:20:40,14,0.008208,0.007946,1600
2026-06-02 21:20:40,14,0.008181,0.008475,1600
2026-06-02 21:20:40,14,0.008175,0.007880,1600
2026-06-02 21:20:40,14,0.008203,0.007907,1600
2026-06-02 21:20:40,14,0.008130,0.008450,1600
2026-06-02 21:20:40,14,0.008132,0.007940,1600
2026-06-02 21:20:40,14,0.008111,0.007899,1600
2026-06-02 21:20:40,14,0.008035,0.008512,1600
2026-06-02 21:20:40,14,0.008151,0.007908,1600
2026-06-02 21:20:40,14,0.008145,0.007861,1600
2026-06-02 21:20:40,14,0.008223,0.009744,1600
2026-06-02 21:20:40,14,0.008166,0.054959,1600
2026-06-02 21:20:40,14,0.008222,0.008000,1600
2026-06-02 21:20:40,14,0.008171,0.007949,1600
2026-06-02 21:20:40,14,0.008187,0.008053,1600
2026-06-02 21:20:40,14,0.008199,0.008003,1600
2026-06-02 21:20:40,14,0.008166,0.008168,1600
2026-06-02 21:20:40,14,0.008208,0.007912,1600
2026-06-02 21:20:40,14,0.008182,0.007965,1600
2026-06-02 21:20:40,14,0.008166,0.007903,1600
2026-06-02 21:20:40,14,0.008145,0.008015,1600
2026-06-02 21:20:40,14,0.008171,0.008077,1600
2026-06-02 21:20:40,14,0.008069,0.007954,1600
2026-06-02 21:20:40,14,0.008773,0.009474,1600
2026-06-02 21:20:40,14,0.008631,0.009086,1600
2026-06-02 21:20:40,14,0.008428,0.011882,1600
2026-06-02 21:20:40,14,0.008183,0.008197,1600
2026-06-02 21:20:40,14,0.008335,0.007940,1600
2026-06-02 21:20:40,14,0.010647,0.011405,1600
2026-06-02 21:20:40,14,0.008679,0.009423,1600
2026-06-02 21:20:40,14,0.009146,0.009164,1600
2026-06-02 21:20:40,14,0.008833,0.009172,1600
2026-06-02 21:20:40,14,0.008524,0.009029,1600
2026-06-02 21:20:40,14,0.008733,0.009135,1600
2026-06-02 21:20:40,14,0.008691,0.009138,1600
2026-06-02 21:20:40,14,0.008899,0.009411,1600
2026-06-02 21:20:40,14,0.008775,0.009241,1600
2026-06-02 21:20:40,14,0.008468,0.007974,1600
2026-06-02 21:20:40,14,0.008190,0.007965,1600
2026-06-02 21:20:40,14,0.008214,0.008137,1600
2026-06-02 21:20:40,14,0.008246,0.008005,1600
2026-06-02 21:20:40,14,0.008212,0.007950,1600
2026-06-02 21:20:40,14,0.008129,0.007962,1600
2026-06-02 21:20:40,14,0.008197,0.008056,1600
2026-06-02 21:20:40,14,0.008083,0.055547,1600
2026-06-02 21:20:40,14,0.008216,0.008893,1600
2026-06-02 21:20:40,14,0.008518,0.008958,1600
2026-06-02 21:20:40,14,0.008221,0.008226,1600
2026-06-02 21:20:40,14,0.008208,0.008024,1600
2026-06-02 21:20:40,14,0.008128,0.007886,1600
2026-06-02 21:20:40,14,0.008191,0.008216,1600
2026-06-02 21:20:40,14,0.008113,0.007945,1600
2026-06-02 21:20:40,14,0.008396,0.009128,1600
2026-06-02 21:20:40,14,0.008279,0.008218,1600
2026-06-02 21:20:40,14,0.008186,0.007985,1600
2026-06-02 21:20:40,14,0.008099,0.007885,1600
2026-06-02 21:20:40,14,0.008068,0.008140,1600
2026-06-02 21:20:40,14,0.008075,0.008149,1600
2026-06-02 21:20:40,14,0.008136,0.007863,1600
2026-06-02 21:20:40,14,0.008182,0.008114,1600
2026-06-02 21:20:40,14,0.008251,0.008075,1600
2026-06-02 21:20:40,14,0.008155,0.007988,1600
2026-06-02 21:20:40,14,0.008132,0.008319,1600
2026-06-02 21:20:40,14,0.008117,0.007970,1600
2026-06-02 21:20:40,14,0.008133,0.007907,1600
2026-06-02 21:20:40,14,0.008190,0.008221,1600
2026-06-02 21:20:40,14,0.008182,0.007933,1600
2026-06-02 21:20:40,14,0.008202,0.008070,1600
2026-06-02 21:20:40,14,0.008204,0.008200,1600
2026-06-02 21:20:40,14,0.008192,0.007990,1600
2026-06-02 21:20:40,14,0.008169,0.009154,1600
2026-06-02 21:20:40,14,0.008560,0.009960,1600
2026-06-02 21:20:40,14,0.008604,0.008353,1600
2026-06-02 21:20:40,14,0.008441,0.007922,1600
2026-06-02 21:20:40,14,0.008123,0.008353,1600
2026-06-02 21:20:40,14,0.008169,0.007935,1600
2026-06-02 21:20:40,14,0.008181,0.008014,1600
2026-06-02 21:20:40,14,0.008132,0.056111,1600
2026-06-02 21:20:40,14,0.008216,0.008117,1600
2026-06-02 21:20:40,14,0.008071,0.008025,1600
2026-06-02 21:20:40,14,0.008185,0.008317,1600
2026-06-02 21:20:40,14,0.008202,0.007956,1600
2026-06-02 21:20:40,14,0.008265,0.008144,1600
2026-06-02 21:20:40,14,0.008217,0.008846,1600
2026-06-02 21:20:40,14,0.008206,0.007946,1600
2026-06-02 21:20:40,14,0.008154,0.007930,1600
2026-06-02 21:20:40,14,0.008231,0.008401,1600
2026-06-02 21:20:40,14,0.008204,0.008096,1600
2026-06-02 21:20:40,14,0.008178,0.007963,1600
2026-06-02 21:20:40,14,0.008247,0.008427,1600
2026-06-02 21:20:40,14,0.008176,0.007965,1600
2026-06-02 21:20:40,14,0.008094,0.007971,1600
2026-06-02 21:20:40,14,0.008116,0.008427,1600
2026-06-02 21:20:40,14,0.008105,0.007907,1600
2026-06-02 21:20:40,14,0.008143,0.007942,1600
2026-06-02 21:20:40,14,0.008111,0.008258,1600
2026-06-02 21:20:40,14,0.008301,0.007910,1600
2026-06-02 21:20:40,14,0.008193,0.007930,1600
2026-06-02 21:20:40,14,0.008700,0.009254,1600
2026-06-02 21:20:40,14,0.008176,0.007963,1600
2026-06-02 21:20:40,14,0.008150,0.007985,1600
2026-06-02 21:20:40,14,0.008260,0.008423,1600
2026-06-02 21:20:40,14,0.008186,0.008099,1600
2026-06-02 21:20:40,14,0.008082,0.007957,1600
2026-06-02 21:20:40,14,0.008140,0.008365,1600
2026-06-02 21:20:40,14,0.008181,0.007972,1600
2026-06-02 21:20:40,14,0.008140,0.007905,1600
2026-06-02 21:20:40,14,0.008152,0.008336,1600
2026-06-02 21:20:40,14,0.008316,0.009407,1600
2026-06-02 21:20:40,14,0.008686,0.009071,1600
2026-06-02 21:20:40,14,0.008456,0.056612,1600
2026-06-02 21:20:40,14,0.008193,0.008060,1600
2026-06-02 21:20:40,14,0.008099,0.008064,1600
2026-06-02 21:20:40,14,0.008142,0.008489,1600
2026-06-02 21:20:40,14,0.008094,0.007923,1600
2026-06-02 21:20:40,14,0.008178,0.008020,1600
2026-06-02 21:20:40,14,0.008238,0.008543,1600
2026-06-02 21:20:40,14,0.008265,0.007948,1600
2026-06-02 21:20:40,14,0.008138,0.008016,1600
2026-06-02 21:20:40,14,0.008466,0.009405,1600
2026-06-02 21:20:40,14,0.008302,0.008256,1600
2026-06-02 21:20:40,14,0.008168,0.008111,1600
2026-06-02 21:20:40,14,0.008112,0.008456,1600
2026-06-02 21:20:40,14,0.008105,0.008043,1600
2026-06-02 21:20:40,14,0.008118,0.008250,1600
2026-06-02 21:20:40,14,0.008188,0.008424,1600
2026-06-02 21:20:40,14,0.008117,0.007878,1600
2026-06-02 21:20:40,14,0.008196,0.007909,1600
2026-06-02 21:20:40,14,0.008174,0.008660,1600
2026-06-02 21:20:40,14,0.008187,0.007920,1600
2026-06-02 21:20:40,14,0.008181,0.007916,1600
2026-06-02 21:20:40,14,0.008322,0.009397,1600
2026-06-02 21:20:40,14,0.008175,0.007917,1600
2026-06-02 21:20:40,14,0.008211,0.007920,1600
2026-06-02 21:20:40,14,0.008108,0.008627,1600
2026-06-02 21:20:40,14,0.008142,0.008018,1600
2026-06-02 21:20:40,14,0.008089,0.007885,1600
2026-06-02 21:20:40,14,0.008215,0.008373,1600
2026-06-02 21:20:40,14,0.008187,0.007895,1600
2026-06-02 21:20:40,14,0.008139,0.007937,1600
2026-06-02 21:20:40,14,0.008198,0.008451,1600
2026-06-02 21:20:40,14,0.008229,0.008017,1600
2026-06-02 21:20:40,14,0.008119,0.007927,1600
2026-06-02 21:20:40,14,0.008432,0.009619,1600
2026-06-02 21:20:40,14,0.008188,0.055180,1600
2026-06-02 21:20:40,14,0.008250,0.008330,1600
2026-06-02 21:20:40,14,0.008156,0.008012,1600
2026-06-02 21:20:40,14,0.008271,0.008404,1600
2026-06-02 21:20:40,14,0.008143,0.008047,1600
2026-06-02 21:20:40,14,0.008106,0.008009,1600
2026-06-02 21:20:40,14,0.008163,0.007907,1600
2026-06-02 21:20:40,14,0.008169,0.007861,1600
2026-06-02 21:20:40,14,0.008114,0.007839,1600
2026-06-02 21:20:40,14,0.009071,0.009179,1600
2026-06-02 21:20:40,14,0.008500,0.008288,1600
2026-06-02 21:20:40,14,0.008155,0.007935,1600
2026-06-02 21:20:40,14,0.008217,0.008058,1600
2026-06-02 21:20:40,14,0.008709,0.008756,1600
2026-06-02 21:20:40,14,0.008490,0.008355,1600
2026-06-02 21:20:40,14,0.008735,0.009093,1600
2026-06-02 21:20:40,14,0.008152,0.007951,1600
2026-06-02 21:20:40,14,0.008260,0.008042,1600
2026-06-02 21:20:40,14,0.008172,0.008034,1600
2026-06-02 21:20:40,14,0.008208,0.007959,1600
2026-06-02 21:20:40,14,0.008127,0.008014,1600
2026-06-02 21:20:40,14,0.008184,0.007993,1600
2026-06-02 21:20:40,14,0.008062,0.007953,1600
2026-06-02 21:20:40,14,0.008087,0.008376,1600
2026-06-02 21:20:40,14,0.008165,0.008117,1600
2026-06-02 21:20:40,14,0.008136,0.008012,1600
2026-06-02 21:20:40,14,0.008258,0.008378,1600
2026-06-02 21:20:40,14,0.008258,0.008177,1600
2026-06-02 21:20:40,14,0.008158,0.007940,1600
2026-06-02 21:20:40,14,0.008106,0.008091,1600
2026-06-02 21:20:40,14,0.008116,0.007989,1600
2026-06-02 21:20:40,14,0.008219,0.008057,1600
2026-06-02 21:20:40,14,0.008359,0.008095,1600
2026-06-02 21:20:40,14,0.008273,0.055568,1600
2026-06-02 21:20:40,14,0.008229,0.008054,1600
2026-06-02 21:20:40,14,0.008156,0.007965,1600
2026-06-02 21:20:40,14,0.008316,0.008335,1600
2026-06-02 21:20:40,14,0.008239,0.008079,1600
2026-06-02 21:20:40,14,0.008064,0.007978,1600
2026-06-02 21:20:40,14,0.008103,0.008197,1600
2026-06-02 21:20:40,14,0.008258,0.007971,1600
2026-06-02 21:20:40,14,0.008151,0.007835,1600
2026-06-02 21:20:40,14,0.008194,0.009305,1600
2026-06-02 21:20:40,14,0.008305,0.008150,1600
2026-06-02 21:20:40,14,0.008210,0.007941,1600
2026-06-02 21:20:40,14,0.008151,0.008223,1600
2026-06-02 21:20:40,14,0.008196,0.008012,1600
2026-06-02 21:20:40,14,0.008129,0.008091,1600
2026-06-02 21:20:40,14,0.008207,0.008202,1600
2026-06-02 21:20:40,14,0.008238,0.007947,1600
2026-06-02 21:20:40,14,0.008125,0.008219,1600
2026-06-02 21:20:40,14,0.008102,0.008160,1600
2026-06-02 21:20:40,14,0.008098,0.007966,1600
2026-06-02 21:20:40,14,0.008126,0.007869,1600
2026-06-02 21:20:40,14,0.008216,0.008092,1600
2026-06-02 21:20:40,14,0.008222,0.007865,1600
2026-06-02 21:20:40,14,0.008174,0.007989,1600
2026-06-02 21:20:40,14,0.008137,0.008248,1600
2026-06-02 21:20:40,14,0.008202,0.008000,1600
2026-06-02 21:20:40,14,0.008207,0.008042,1600
2026-06-02 21:20:40,14,0.008192,0.008286,1600
2026-06-02 21:20:40,14,0.008216,0.008533,1600
2026-06-02 21:20:40,14,0.008397,0.008084,1600
2026-06-02 21:20:40,14,0.008147,0.008260,1600
2026-06-02 21:20:40,14,0.008146,0.007904,1600
2026-06-02 21:20:40,14,0.008087,0.007919,1600
2026-06-02 21:20:40,14,0.008316,0.056079,1600
2026-06-02 21:20:40,14,0.008184,0.008091,1600
2026-06-02 21:20:40,14,0.008196,0.007894,1600
2026-06-02 21:20:40,14,0.008302,0.008476,1600
2026-06-02 21:20:40,14,0.008345,0.008746,1600
2026-06-02 21:20:40,14,0.008205,0.008031,1600
2026-06-02 21:20:40,14,0.008164,0.008335,1600
2026-06-02 21:20:40,14,0.008193,0.008113,1600
2026-06-02 21:20:40,14,0.008226,0.007975,1600
2026-06-02 21:20:40,14,0.008180,0.008325,1600
2026-06-02 21:20:40,14,0.008190,0.007991,1600
2026-06-02 21:20:40,14,0.008061,0.007972,1600
2026-06-02 21:20:40,14,0.008083,0.008362,1600
2026-06-02 21:20:40,14,0.008100,0.008147,1600
2026-06-02 21:20:40,14,0.008101,0.007909,1600
2026-06-02 21:20:40,14,0.008280,0.008328,1600
2026-06-02 21:20:40,14,0.008166,0.007978,1600
2026-06-02 21:20:40,14,0.008120,0.007978,1600
2026-06-02 21:20:40,14,0.008159,0.008407,1600
2026-06-02 21:20:40,14,0.008179,0.008184,1600
2026-06-02 21:20:40,14,0.008132,0.007994,1600
2026-06-02 21:20:40,14,0.008218,0.008374,1600
2026-06-02 21:20:40,14,0.008658,0.009109,1600
2026-06-02 21:20:40,14,0.008198,0.007984,1600
2026-06-02 21:20:40,14,0.008075,0.008329,1600
2026-06-02 21:20:40,14,0.008128,0.007885,1600
2026-06-02 21:20:40,14,0.008099,0.007980,1600
2026-06-02 21:20:40,14,0.008265,0.008324,1600
2026-06-02 21:20:40,14,0.008200,0.007938,1600
2026-06-02 21:20:40,14,0.008139,0.007909,1600
2026-06-02 21:20:40,14,0.008142,0.008359,1600
2026-06-02 21:20:40,14,0.008210,0.008020,1600
2026-06-02 21:20:40,14,0.008164,0.007939,1600
2026-06-02 21:20:40,14,0.008131,0.056407,1600
2026-06-02 21:20:40,14,0.008153,0.008093,1600
2026-06-02 21:20:40,14,0.008157,0.007953,1600
2026-06-02 21:20:40,14,0.008181,0.008519,1600
2026-06-02 21:20:40,14,0.008198,0.008078,1600
2026-06-02 21:20:40,14,0.008073,0.007950,1600
2026-06-02 21:20:40,14,0.008089,0.008575,1600
2026-06-02 21:20:40,14,0.008182,0.007918,1600
2026-06-02 21:20:40,14,0.008194,0.007878,1600
2026-06-02 21:20:40,14,0.008147,0.008448,1600
2026-06-02 21:20:40,14,0.008154,0.007910,1600
2026-06-02 21:20:40,14,0.008097,0.007961,1600
2026-06-02 21:20:40,14,0.008176,0.008436,1600
2026-06-02 21:20:40,14,0.008195,0.008030,1600
2026-06-02 21:20:40,14,0.008179,0.008074,1600
2026-06-02 21:20:40,14,0.008124,0.008447,1600
2026-06-02 21:20:40,14,0.008451,0.008938,1600
2026-06-02 21:20:40,14,0.008340,0.008199,1600
2026-06-02 21:20:40,14,0.008110,0.008464,1600
2026-06-02 21:20:40,14,0.008163,0.008022,1600
2026-06-02 21:20:40,14,0.008192,0.008168,1600
2026-06-02 21:20:40,14,0.008199,0.008507,1600
2026-06-02 21:20:40,14,0.008175,0.007922,1600
2026-06-02 21:20:40,14,0.008136,0.008010,1600
2026-06-02 21:20:40,14,0.008131,0.008649,1600
2026-06-02 21:20:40,14,0.008189,0.007977,1600
2026-06-02 21:20:40,14,0.008235,0.007985,1600
2026-06-02 21:20:40,14,0.008181,0.008578,1600
2026-06-02 21:20:40,14,0.008138,0.008007,1600
2026-06-02 21:20:40,14,0.008068,0.008145,1600
2026-06-02 21:20:40,14,0.008115,0.009715,1600
2026-06-02 21:20:40,14,0.008547,0.008146,1600
2026-06-02 21:20:40,14,0.008162,0.007979,1600
2026-06-02 21:20:40,14,0.008215,0.008555,1600
2026-06-02 21:20:40,14,0.008161,0.055428,1600
2026-06-02 21:20:40,14,0.008252,0.008038,1600
2026-06-02 21:20:40,14,0.008182,0.007982,1600
2026-06-02 21:20:40,14,0.008245,0.007979,1600
2026-06-02 21:20:40,14,0.008179,0.008005,1600
2026-06-02 21:20:40,14,0.008122,0.008039,1600
2026-06-02 21:20:40,14,0.008249,0.008223,1600
2026-06-02 21:20:40,14,0.008229,0.008028,1600
2026-06-02 21:20:40,14,0.008079,0.008014,1600
2026-06-02 21:20:40,14,0.008118,0.007927,1600
2026-06-02 21:20:40,14,0.008122,0.007949,1600
2026-06-02 21:20:40,14,0.008138,0.008014,1600
2026-06-02 21:20:40,14,0.008106,0.007917,1600
2026-06-02 21:20:40,14,0.008191,0.007940,1600
2026-06-02 21:20:40,14,0.008139,0.007954,1600
2026-06-02 21:20:40,14,0.008169,0.007937,1600
2026-06-02 21:20:40,14,0.008307,0.007988,1600
2026-06-02 21:20:40,14,0.008182,0.008004,1600
2026-06-02 21:20:40,14,0.008111,0.007974,1600
2026-06-02 21:20:40,14,0.008111,0.007936,1600
2026-06-02 21:20:40,14,0.008142,0.007961,1600
2026-06-02 21:20:40,14,0.008226,0.008023,1600
2026-06-02 21:20:40,14,0.008244,0.007986,1600
2026-06-02 21:20:40,14,0.008201,0.007963,1600
2026-06-02 21:20:40,14,0.008182,0.007972,1600
2026-06-02 21:20:40,14,0.008189,0.008091,1600
2026-06-02 21:20:40,14,0.008337,0.008304,1600
2026-06-02 21:20:40,14,0.008159,0.008012,1600
2026-06-02 21:20:40,14,0.008295,0.009424,1600
2026-06-02 21:20:40,14,0.008847,0.009203,1600
2026-06-02 21:20:40,14,0.008466,0.008057,1600
2026-06-02 21:20:40,14,0.008219,0.008210,1600
2026-06-02 21:20:40,14,0.008100,0.008013,1600
2026-06-02 21:20:40,14,0.008192,0.056035,1600
2026-06-02 21:20:40,14,0.008133,0.008062,1600
2026-06-02 21:20:40,14,0.008094,0.008123,1600
2026-06-02 21:20:40,14,0.008223,0.008201,1600
2026-06-02 21:20:40,14,0.008159,0.007884,1600
2026-06-02 21:20:40,14,0.008142,0.007925,1600
2026-06-02 21:20:40,14,0.008143,0.008253,1600
2026-06-02 21:20:40,14,0.008148,0.007991,1600
2026-06-02 21:20:40,14,0.008188,0.007948,1600
2026-06-02 21:20:40,14,0.008238,0.008296,1600
2026-06-02 21:20:40,14,0.008216,0.007979,1600
2026-06-02 21:20:40,14,0.008405,0.009109,1600
2026-06-02 21:20:40,14,0.008229,0.008248,1600
2026-06-02 21:20:40,14,0.008141,0.007997,1600
2026-06-02 21:20:40,14,0.008066,0.007944,1600
2026-06-02 21:20:40,14,0.008120,0.008236,1600
2026-06-02 21:20:40,14,0.008276,0.008265,1600
2026-06-02 21:20:40,14,0.008249,0.007922,1600
2026-06-02 21:20:40,14,0.008217,0.008253,1600
2026-06-02 21:20:40,14,0.008275,0.008043,1600
2026-06-02 21:20:40,14,0.008191,0.007959,1600
2026-06-02 21:20:40,14,0.008222,0.008196,1600
2026-06-02 21:20:40,14,0.008205,0.007980,1600
2026-06-02 21:20:40,14,0.008233,0.007966,1600
2026-06-02 21:20:40,14,0.008212,0.008252,1600
2026-06-02 21:20:40,14,0.008283,0.007976,1600
2026-06-02 21:20:40,14,0.008176,0.007972,1600
2026-06-02 21:20:40,14,0.008141,0.008208,1600
2026-06-02 21:20:40,14,0.008169,0.008065,1600
2026-06-02 21:20:40,14,0.008095,0.008002,1600
2026-06-02 21:20:40,15,0.012547,0.089062,8748
2026-06-02 21:20:40,15,0.011717,0.029917,8748
2026-06-02 21:20:40,15,0.011742,0.030085,8748
2026-06-02 21:20:40,15,0.011618,0.029043,8748
2026-06-02 21:20:40,15,0.011548,0.029329,8748
2026-06-02 21:20:40,15,0.011641,0.029408,8748
2026-06-02 21:20:40,15,0.012079,0.088096,8748
2026-06-02 21:20:40,15,0.011586,0.029427,8748
2026-06-02 21:20:40,15,0.011599,0.029156,8748
2026-06-02 21:20:40,15,0.011651,0.029736,8748
2026-06-02 21:20:40,15,0.011548,0.029933,8748
2026-06-02 21:20:40,15,0.011597,0.028583,8748
2026-06-02 21:20:40,15,0.011574,0.029252,8748
2026-06-02 21:20:40,15,0.011613,0.079731,8748
2026-06-02 21:20:40,15,0.011688,0.029907,8748
2026-06-02 21:20:40,15,0.011669,0.030432,8748
2026-06-02 21:20:40,15,0.011808,0.030134,8748
2026-06-02 21:20:40,15,0.012220,0.031093,8748
2026-06-02 21:20:40,15,0.011671,0.029722,8748
2026-06-02 21:20:40,15,0.011740,0.082870,8748
2026-06-02 21:20:40,15,0.011653,0.030115,8748
2026-06-02 21:20:40,15,0.011601,0.029254,8748
2026-06-02 21:20:40,15,0.011757,0.030411,8748
2026-06-02 21:20:40,15,0.011686,0.030236,8748
2026-06-02 21:20:40,15,0.011604,0.028858,8748
2026-06-02 21:20:40,15,0.011606,0.083902,8748
2026-06-02 21:20:40,15,0.011826,0.031474,8748
2026-06-02 21:20:40,15,0.011563,0.029823,8748
2026-06-02 21:20:40,15,0.011618,0.029094,8748
2026-06-02 21:20:40,15,0.011644,0.029325,8748
2026-06-02 21:20:40,15,0.011637,0.029867,8748
2026-06-02 21:20:40,15,0.011612,0.087971,8748
2026-06-02 21:20:40,15,0.011610,0.030171,8748
2026-06-02 21:20:40,15,0.011604,0.030675,8748
2026-06-02 21:20:40,15,0.012030,0.030446,8748
2026-06-02 21:20:40,15,0.012050,0.029946,8748
2026-06-02 21:20:40,15,0.011662,0.028953,8748
2026-06-02 21:20:40,15,0.011634,0.029204,8748
2026-06-02 21:20:40,15,0.011691,0.079372,8748
2026-06-02 21:20:40,15,0.011553,0.030070,8748
2026-06-02 21:20:40,15,0.011608,0.028429,8748
2026-06-02 21:20:40,15,0.011562,0.028895,8748
2026-06-02 21:20:40,15,0.011618,0.029363,8748
2026-06-02 21:20:40,15,0.011669,0.030058,8748
2026-06-02 21:20:40,15,0.011983,0.081946,8748
2026-06-02 21:20:40,15,0.011702,0.028952,8748
2026-06-02 21:20:40,15,0.011691,0.029343,8748
2026-06-02 21:20:40,15,0.011629,0.029653,8748
2026-06-02 21:20:40,15,0.011697,0.030484,8748
2026-06-02 21:20:40,15,0.011680,0.029339,8748
2026-06-02 21:20:40,15,0.011612,0.085851,8748
2026-06-02 21:20:40,15,0.011681,0.030105,8748
2026-06-02 21:20:40,15,0.011533,0.030295,8748
2026-06-02 21:20:40,15,0.011747,0.029686,8748
2026-06-02 21:20:40,15,0.011648,0.029308,8748
2026-06-02 21:20:40,15,0.012148,0.031513,8748
2026-06-02 21:20:40,15,0.011735,0.030537,8748
2026-06-02 21:20:40,15,0.011720,0.076315,8748
2026-06-02 21:20:40,15,0.011586,0.029592,8748
2026-06-02 21:20:40,15,0.011678,0.029790,8748
2026-06-02 21:20:40,15,0.012115,0.030901,8748
2026-06-02 21:20:40,15,0.011621,0.029402,8748
2026-06-02 21:20:40,15,0.012052,0.029986,8748
2026-06-02 21:20:40,15,0.011637,0.079873,8748
2026-06-02 21:20:40,15,0.011595,0.029944,8748
2026-06-02 21:20:40,15,0.011686,0.029065,8748
2026-06-02 21:20:40,15,0.011605,0.029083,8748
2026-06-02 21:20:40,15,0.011634,0.030219,8748
2026-06-02 21:20:40,15,0.011659,0.030137,8748
2026-06-02 21:20:40,15,0.011659,0.082837,8748
2026-06-02 21:20:40,15,0.011786,0.029424,8748
2026-06-02 21:20:40,15,0.011711,0.029819,8748
2026-06-02 21:20:40,15,0.011815,0.030906,8748
2026-06-02 21:20:40,15,0.011567,0.030841,8748
2026-06-02 21:20:40,15,0.011734,0.029535,8748
2026-06-02 21:20:40,15,0.011599,0.085039,8748
2026-06-02 21:20:40,15,0.011656,0.030249,8748
2026-06-02 21:20:40,15,0.011698,0.032133,8748
2026-06-02 21:20:40,15,0.011589,0.029557,8748
2026-06-02 21:20:40,15,0.011596,0.029459,8748
2026-06-02 21:20:40,15,0.011665,0.030240,8748
2026-06-02 21:20:40,15,0.011655,0.030358,8748
2026-06-02 21:20:40,15,0.011784,0.076572,8748
2026-06-02 21:20:40,15,0.011585,0.030087,8748
2026-06-02 21:20:40,15,0.011701,0.029978,8748
2026-06-02 21:20:40,15,0.011685,0.030576,8748
2026-06-02 21:20:40,15,0.011565,0.029079,8748
2026-06-02 21:20:40,15,0.011616,0.029461,8748
2026-06-02 21:20:40,15,0.011701,0.079211,8748
2026-06-02 21:20:40,15,0.011536,0.034263,8748
2026-06-02 21:20:40,15,0.011821,0.030525,8748
2026-06-02 21:20:40,15,0.011679,0.029074,8748
2026-06-02 21:20:40,15,0.011643,0.029449,8748
2026-06-02 21:20:40,15,0.011655,0.030195,8748
2026-06-02 21:20:40,15,0.011660,0.081751,8748
2026-06-02 21:20:40,15,0.011677,0.029524,8748
2026-06-02 21:20:40,15,0.011643,0.029470,8748
2026-06-02 21:20:40,15,0.011604,0.030099,8748
2026-06-02 21:20:40,15,0.011595,0.030468,8748
2026-06-02 21:20:40,15,0.011683,0.029586,8748
2026-06-02 21:20:40,15,0.011657,0.084596,8748
2026-06-02 21:20:40,15,0.012306,0.032427,8748
2026-06-02 21:20:40,15,0.011667,0.031671,8748
2026-06-02 21:20:40,15,0.011641,0.029390,8748
2026-06-02 21:20:40,15,0.011691,0.029689,8748
2026-06-02 21:20:40,15,0.011700,0.029895,8748
2026-06-02 21:20:40,15,0.011990,0.031070,8748
2026-06-02 21:20:40,15,0.012196,0.078363,8748
2026-06-02 21:20:40,15,0.011686,0.029645,8748
2026-06-02 21:20:40,15,0.011647,0.029901,8748
2026-06-02 21:20:40,15,0.011606,0.029837,8748
2026-06-02 21:20:40,15,0.012079,0.030496,8748
2026-06-02 21:20:40,15,0.011973,0.029422,8748
2026-06-02 21:20:40,15,0.011574,0.079563,8748
2026-06-02 21:20:40,15,0.011680,0.030148,8748
2026-06-02 21:20:40,15,0.011605,0.028508,8748
2026-06-02 21:20:40,15,0.011749,0.029526,8748
2026-06-02 21:20:40,15,0.011537,0.029456,8748
2026-06-02 21:20:40,15,0.011702,0.029876,8748
2026-06-02 21:20:40,15,0.012252,0.082258,8748
2026-06-02 21:20:40,15,0.012172,0.030115,8748
2026-06-02 21:20:40,15,0.011718,0.029386,8748
2026-06-02 21:20:40,15,0.011723,0.029746,8748
2026-06-02 21:20:40,15,0.011748,0.030664,8748
2026-06-02 21:20:40,15,0.012016,0.030677,8748
2026-06-02 21:20:40,15,0.011910,0.084824,8748
2026-06-02 21:20:40,15,0.011767,0.030656,8748
2026-06-02 21:20:40,15,0.011727,0.030899,8748
2026-06-02 21:20:40,15,0.011587,0.030757,8748
2026-06-02 21:20:40,15,0.011583,0.029591,8748
2026-06-02 21:20:40,15,0.011500,0.029969,8748
2026-06-02 21:20:40,15,0.011962,0.030907,8748
2026-06-02 21:20:40,15,0.011660,0.077088,8748
2026-06-02 21:20:40,15,0.011598,0.029745,8748
2026-06-02 21:20:40,15,0.011708,0.029898,8748
2026-06-02 21:20:40,15,0.011576,0.029653,8748
2026-06-02 21:20:40,15,0.011618,0.029149,8748
2026-06-02 21:20:40,15,0.011642,0.028917,8748
2026-06-02 21:20:40,15,0.011640,0.079504,8748
2026-06-02 21:20:40,15,0.011552,0.030005,8748
2026-06-02 21:20:40,15,0.011577,0.028714,8748
2026-06-02 21:20:40,15,0.011713,0.029200,8748
2026-06-02 21:20:40,15,0.011542,0.029658,8748
2026-06-02 21:20:40,15,0.011670,0.030105,8748
2026-06-02 21:20:40,15,0.011679,0.081594,8748
2026-06-02 21:20:40,15,0.012209,0.031391,8748
2026-06-02 21:20:40,15,0.012063,0.029607,8748
2026-06-02 21:20:40,15,0.011701,0.029700,8748
2026-06-02 21:20:40,15,0.011538,0.030749,8748
2026-06-02 21:20:40,15,0.011651,0.029737,8748
2026-06-02 21:20:40,15,0.011641,0.084607,8748
2026-06-02 21:20:40,15,0.011590,0.030433,8748
2026-06-02 21:20:40,15,0.011693,0.030507,8748
2026-06-02 21:20:40,15,0.011755,0.029758,8748
2026-06-02 21:20:40,15,0.011560,0.029472,8748
2026-06-02 21:20:40,15,0.011607,0.030566,8748
2026-06-02 21:20:40,15,0.012048,0.030703,8748
2026-06-02 21:20:40,15,0.011648,0.077061,8748
2026-06-02 21:20:40,15,0.011607,0.029610,8748
2026-06-02 21:20:40,15,0.011538,0.029774,8748
2026-06-02 21:20:40,15,0.011649,0.030024,8748
2026-06-02 21:20:40,15,0.011543,0.028997,8748
2026-06-02 21:20:40,15,0.011643,0.029326,8748
2026-06-02 21:20:40,15,0.012127,0.080295,8748
2026-06-02 21:20:40,15,0.011546,0.030061,8748
2026-06-02 21:20:40,15,0.011724,0.028594,8748
2026-06-02 21:20:40,15,0.011814,0.029110,8748
2026-06-02 21:20:40,15,0.011594,0.029510,8748
2026-06-02 21:20:40,15,0.011703,0.030172,8748
2026-06-02 21:20:40,15,0.011687,0.081180,8748
2026-06-02 21:20:40,15,0.011636,0.029333,8748
2026-06-02 21:20:40,15,0.011748,0.029702,8748
2026-06-02 21:20:40,15,0.011638,0.029919,8748
2026-06-02 21:20:40,15,0.011628,0.030632,8748
2026-06-02 21:20:40,15,0.011759,0.029473,8748
2026-06-02 21:20:40,15,0.011745,0.084846,8748
2026-06-02 21:20:40,15,0.011705,0.030245,8748
2026-06-02 21:20:40,15,0.011755,0.030500,8748
2026-06-02 21:20:40,15,0.011701,0.029411,8748
2026-06-02 21:20:40,15,0.011551,0.030221,8748
2026-06-02 21:20:40,15,0.011642,0.029800,8748
2026-06-02 21:20:40,15,0.011765,0.030634,8748
2026-06-02 21:20:40,15,0.011704,0.076622,8748
2026-06-02 21:20:40,15,0.011617,0.029649,8748
2026-06-02 21:20:40,15,0.011689,0.029712,8748
2026-06-02 21:20:40,15,0.011720,0.030303,8748
2026-06-02 21:20:40,15,0.011753,0.029089,8748
2026-06-02 21:20:40,15,0.011986,0.030039,8748
2026-06-02 21:20:40,15,0.012003,0.080282,8748
2026-06-02 21:20:40,15,0.011664,0.030824,8748
2026-06-02 21:20:40,15,0.011602,0.028805,8748
2026-06-02 21:20:40,15,0.011636,0.029522,8748
2026-06-02 21:20:40,15,0.011527,0.029880,8748
2026-06-02 21:20:40,15,0.011667,0.030063,8748
2026-06-02 21:20:40,15,0.011627,0.081502,8748
2026-06-02 21:20:40,15,0.011683,0.028975,8748
2026-06-02 21:20:40,15,0.011661,0.030975,8748
2026-06-02 21:20:40,15,0.012223,0.030554,8748
2026-06-02 21:20:40,15,0.011658,0.030818,8748
2026-06-02 21:20:40,15,0.011535,0.029559,8748
2026-06-02 21:20:40,15,0.011714,0.084362,8748
2026-06-02 21:20:40,15,0.011686,0.029851,8748
2026-06-02 21:20:40,15,0.011896,0.031033,8748
2026-06-02 21:20:40,15,0.011719,0.029952,8748
2026-06-02 21:20:40,15,0.011525,0.029569,8748
2026-06-02 21:20:40,15,0.011567,0.029931,8748
2026-06-02 21:20:40,15,0.011703,0.030526,8748
2026-06-02 21:20:40,15,0.011637,0.077520,8748
2026-06-02 21:20:40,15,0.011573,0.029841,8748
2026-06-02 21:20:40,15,0.011537,0.029847,8748
2026-06-02 21:20:40,15,0.011606,0.029981,8748
2026-06-02 21:20:40,15,0.011579,0.028771,8748
2026-06-02 21:20:40,15,0.011703,0.029419,8748
2026-06-02 21:20:40,15,0.011560,0.079686,8748
2026-06-02 21:20:40,15,0.011651,0.030105,8748
2026-06-02 21:20:40,15,0.011645,0.028441,8748
2026-06-02 21:20:40,15,0.011690,0.029290,8748
2026-06-02 21:20:40,15,0.011551,0.029268,8748
2026-06-02 21:20:40,15,0.011606,0.030271,8748
2026-06-02 21:20:40,15,0.011669,0.081276,8748
2026-06-02 21:20:40,15,0.011669,0.029268,8748
2026-06-02 21:20:40,15,0.011622,0.029703,8748
2026-06-02 21:20:40,15,0.011662,0.029969,8748
2026-06-02 21:20:40,15,0.011659,0.030458,8748
2026-06-02 21:20:40,15,0.011577,0.029373,8748
2026-06-02 21:20:40,15,0.011687,0.085011,8748
2026-06-02 21:20:40,15,0.011607,0.030064,8748
2026-06-02 21:20:40,15,0.011684,0.030754,8748
2026-06-02 21:20:40,15,0.011622,0.029822,8748
2026-06-02 21:20:40,15,0.011538,0.029227,8748
2026-06-02 21:20:40,15,0.011644,0.030886,8748
2026-06-02 21:20:40,15,0.012134,0.032857,8748
2026-06-02 21:20:40,15,0.011712,0.076685,8748
2026-06-02 21:20:40,15,0.011720,0.030168,8748
2026-06-02 21:20:40,15,0.011737,0.029659,8748
2026-06-02 21:20:40,15,0.011757,0.029996,8748
2026-06-02 21:20:40,15,0.011737,0.028915,8748
2026-06-02 21:20:40,15,0.011685,0.029560,8748
2026-06-02 21:20:40,15,0.011747,0.079994,8748
2026-06-02 21:20:40,15,0.011563,0.029924,8748
2026-06-02 21:20:40,15,0.011677,0.028326,8748
2026-06-02 21:20:40,15,0.011706,0.029205,8748
2026-06-02 21:20:40,15,0.011690,0.029872,8748
2026-06-02 21:20:40,15,0.011687,0.030086,8748
2026-06-02 21:20:40,15,0.011818,0.081289,8748
2026-06-02 21:20:40,15,0.011773,0.029346,8748
2026-06-02 21:20:40,15,0.011661,0.029470,8748
2026-06-02 21:20:40,15,0.011638,0.030195,8748
2026-06-02 21:20:40,15,0.011588,0.030947,8748
2026-06-02 21:20:40,15,0.011660,0.029564,8748
2026-06-02 21:20:40,15,0.011700,0.085151,8748
2026-06-02 21:20:40,15,0.011578,0.029920,8748
2026-06-02 21:20:40,15,0.011667,0.030445,8748
2026-06-02 21:20:40,15,0.011640,0.029614,8748
2026-06-02 21:20:40,15,0.011634,0.029705,8748
2026-06-02 21:20:40,15,0.011622,0.030004,8748
2026-06-02 21:20:40,15,0.011594,0.030378,8748
2026-06-02 21:20:40,15,0.011706,0.076979,8748
2026-06-02 21:20:40,15,0.011536,0.029588,8748
2026-06-02 21:20:40,15,0.011615,0.029835,8748
2026-06-02 21:20:40,15,0.011791,0.030154,8748
2026-06-02 21:20:40,15,0.012002,0.029656,8748
2026-06-02 21:20:40,15,0.011621,0.029142,8748
2026-06-02 21:20:40,15,0.011769,0.079698,8748
2026-06-02 21:20:40,15,0.011734,0.031201,8748
2026-06-02 21:20:40,15,0.011713,0.028243,8748
2026-06-02 21:20:40,15,0.011708,0.029247,8748
2026-06-02 21:20:40,15,0.011660,0.029574,8748
2026-06-02 21:20:40,15,0.011620,0.029954,8748
2026-06-02 21:20:40,15,0.011694,0.081381,8748
2026-06-02 21:20:40,15,0.011795,0.029494,8748
2026-06-02 21:20:40,15,0.011684,0.029516,8748
2026-06-02 21:20:40,15,0.011725,0.029872,8748
2026-06-02 21:20:40,15,0.011642,0.030310,8748
2026-06-02 21:20:40,15,0.011689,0.031375,8748
2026-06-02 21:20:40,15,0.011606,0.084950,8748
2026-06-02 21:20:40,15,0.011929,0.030543,8748
2026-06-02 21:20:40,15,0.011722,0.030918,8748
2026-06-02 21:20:40,15,0.011591,0.029702,8748
2026-06-02 21:20:40,15,0.011600,0.029635,8748
2026-06-02 21:20:40,15,0.011603,0.029855,8748
2026-06-02 21:20:40,15,0.011634,0.030532,8748
2026-06-02 21:20:40,15,0.012202,0.077043,8748
2026-06-02 21:20:40,15,0.011554,0.029459,8748
2026-06-02 21:20:40,15,0.011683,0.029987,8748
2026-06-02 21:20:40,15,0.011708,0.030015,8748
2026-06-02 21:20:40,15,0.011597,0.028910,8748
2026-06-02 21:20:40,15,0.011588,0.029423,8748
2026-06-02 21:20:40,15,0.011617,0.079434,8748
2026-06-02 21:20:40,15,0.011814,0.030372,8748
2026-06-02 21:20:40,15,0.011677,0.028444,8748
2026-06-02 21:20:40,15,0.011665,0.029323,8748
2026-06-02 21:20:40,15,0.011605,0.029511,8748
2026-06-02 21:20:40,15,0.011649,0.029932,8748
2026-06-02 21:20:40,15,0.011635,0.081368,8748
2026-06-02 21:20:40,15,0.011769,0.029384,8748
2026-06-02 21:20:40,15,0.011674,0.029975,8748
2026-06-02 21:20:40,15,0.011722,0.029878,8748
2026-06-02 21:20:40,15,0.011740,0.030391,8748
2026-06-02 21:20:40,15,0.012299,0.030298,8748
2026-06-02 21:20:40,15,0.011605,0.084742,8748
2026-06-02 21:20:40,15,0.011778,0.030256,8748
2026-06-02 21:20:40,15,0.011631,0.030256,8748
2026-06-02 21:20:40,15,0.011691,0.029451,8748
2026-06-02 21:20:40,15,0.011735,0.029358,8748
2026-06-02 21:20:40,15,0.012201,0.031257,8748
2026-06-02 21:20:40,15,0.011904,0.030740,8748
2026-06-02 21:20:40,15,0.011718,0.076676,8748
2026-06-02 21:20:40,15,0.011561,0.029738,8748
2026-06-02 21:20:40,15,0.011653,0.029730,8748
2026-06-02 21:20:40,15,0.011793,0.030529,8748
2026-06-02 21:20:40,15,0.011573,0.029525,8748
2026-06-02 21:20:40,15,0.011711,0.029319,8748
2026-06-02 21:20:40,15,0.011690,0.079905,8748
2026-06-02 21:20:40,15,0.011547,0.030136,8748
2026-06-02 21:20:40,15,0.011755,0.028516,8748
2026-06-02 21:20:40,15,0.011668,0.029159,8748
2026-06-02 21:20:40,15,0.011637,0.031696,8748
2026-06-02 21:20:40,15,0.011932,0.029854,8748
2026-06-02 21:20:40,15,0.011670,0.081641,8748
2026-06-02 21:20:40,15,0.011739,0.029470,8748
2026-06-02 21:20:40,15,0.011706,0.029640,8748
2026-06-02 21:20:40,15,0.011791,0.029901,8748
2026-06-02 21:20:40,15,0.011647,0.030454,8748
2026-06-02 21:20:40,15,0.011568,0.029517,8748
2026-06-02 21:20:40,15,0.011643,0.084966,8748
2026-06-02 21:20:40,15,0.011623,0.029964,8748
2026-06-02 21:20:40,15,0.011724,0.030780,8748
2026-06-02 21:20:40,15,0.011682,0.029816,8748
2026-06-02 21:20:40,15,0.012174,0.030516,8748
2026-06-02 21:20:40,15,0.011685,0.030178,8748
2026-06-02 21:20:40,15,0.011641,0.030367,8748
2026-06-02 21:20:40,15,0.011590,0.078057,8748
2026-06-02 21:20:40,15,0.011632,0.029601,8748
2026-06-02 21:20:40,15,0.011664,0.029794,8748
2026-06-02 21:20:40,15,0.011667,0.030314,8748
2026-06-02 21:20:40,15,0.011615,0.029112,8748
2026-06-02 21:20:40,15,0.011538,0.029509,8748
2026-06-02 21:20:40,15,0.011590,0.080184,8748
2026-06-02 21:20:40,15,0.011606,0.030081,8748
2026-06-02 21:20:40,15,0.011717,0.028611,8748
2026-06-02 21:20:40,15,0.011715,0.029017,8748
2026-06-02 21:20:40,15,0.011751,0.029589,8748
2026-06-02 21:20:40,15,0.011709,0.029714,8748
2026-06-02 21:20:40,15,0.011610,0.081558,8748
2026-06-02 21:20:40,15,0.011738,0.029489,8748
2026-06-02 21:20:40,15,0.011820,0.029383,8748
2026-06-02 21:20:40,15,0.011719,0.030098,8748
2026-06-02 21:20:40,15,0.011597,0.030965,8748
2026-06-02 21:20:40,15,0.011682,0.029479,8748
2026-06-02 21:20:40,15,0.011753,0.085897,8748
2026-06-02 21:20:40,15,0.011686,0.030069,8748
2026-06-02 21:20:40,15,0.011646,0.030744,8748
2026-06-02 21:20:40,15,0.011589,0.029361,8748
2026-06-02 21:20:40,15,0.011621,0.029850,8748
2026-06-02 21:20:40,15,0.011631,0.029933,8748
2026-06-02 21:20:40,15,0.011743,0.030532,8748
2026-06-02 21:20:40,15,0.011739,0.077011,8748
2026-06-02 21:20:40,15,0.011603,0.029520,8748
2026-06-02 21:20:40,15,0.011672,0.029750,8748
2026-06-02 21:20:40,15,0.011825,0.031273,8748
2026-06-02 21:20:40,15,0.011513,0.028990,8748
2026-06-02 21:20:40,15,0.011597,0.029646,8748
2026-06-02 21:20:40,15,0.011550,0.079894,8748
2026-06-02 21:20:40,15,0.011614,0.030395,8748
2026-06-02 21:20:40,15,0.011620,0.028657,8748
2026-06-02 21:20:40,15,0.011678,0.029465,8748
2026-06-02 21:20:40,15,0.012046,0.030074,8748
2026-06-02 21:20:40,15,0.011572,0.029902,8748
2026-06-02 21:20:40,15,0.011706,0.081618,8748
2026-06-02 21:20:40,15,0.011763,0.029458,8748
2026-06-02 21:20:40,15,0.011601,0.029506,8748
2026-06-02 21:20:40,15,0.011699,0.029745,8748
2026-06-02 21:20:40,15,0.011602,0.030298,8748
2026-06-02 21:20:40,15,0.011614,0.029267,8748
2026-06-02 21:20:40,15,0.011611,0.085024,8748
2026-06-02 21:20:40,15,0.011636,0.030237,8748
2026-06-02 21:20:40,15,0.011562,0.030397,8748
2026-06-02 21:20:40,15,0.011662,0.029527,8748
2026-06-02 21:20:40,15,0.011677,0.029624,8748
2026-06-02 21:20:40,15,0.011649,0.030535,8748
2026-06-02 21:20:40,15,0.011627,0.030055,8748
2026-06-02 21:20:40,15,0.011686,0.076935,8748
2026-06-02 21:20:40,15,0.011575,0.029804,8748
2026-06-02 21:20:40,15,0.011645,0.029608,8748
2026-06-02 21:20:40,15,0.011581,0.029942,8748
2026-06-02 21:20:40,15,0.011593,0.028850,8748
2026-06-02 21:20:40,15,0.011698,0.029440,8748
2026-06-02 21:20:40,15,0.011601,0.079927,8748
2026-06-02 21:20:40,15,0.011687,0.030225,8748
2026-06-02 21:20:40,15,0.011645,0.028524,8748
2026-06-02 21:20:40,15,0.011691,0.029250,8748
2026-06-02 21:20:40,15,0.011619,0.029481,8748
2026-06-02 21:20:40,15,0.011661,0.029887,8748
2026-06-02 21:20:40,15,0.011730,0.081815,8748
2026-06-02 21:20:40,15,0.011748,0.029489,8748
2026-06-02 21:20:40,15,0.011609,0.029533,8748
2026-06-02 21:20:40,15,0.011809,0.030191,8748
2026-06-02 21:20:40,15,0.011631,0.030619,8748
2026-06-02 21:20:40,15,0.011574,0.029789,8748
2026-06-02 21:20:40,15,0.011600,0.085018,8748
2026-06-02 21:20:40,15,0.011653,0.029821,8748
2026-06-02 21:20:40,15,0.011590,0.030288,8748
2026-06-02 21:20:40,15,0.012113,0.030700,8748
2026-06-02 21:20:40,15,0.011628,0.029442,8748
2026-06-02 21:20:40,15,0.011590,0.029968,8748
2026-06-02 21:20:40,15,0.011624,0.030424,8748
2026-06-02 21:20:40,15,0.011724,0.077161,8748
2026-06-02 21:20:40,15,0.011593,0.029743,8748
2026-06-02 21:20:40,15,0.011592,0.029708,8748
2026-06-02 21:20:40,15,0.011606,0.029820,8748
2026-06-02 21:20:40,15,0.011556,0.029316,8748
2026-06-02 21:20:40,15,0.011708,0.029457,8748
2026-06-02 21:20:40,15,0.011666,0.080120,8748
2026-06-02 21:20:40,15,0.011564,0.030378,8748
2026-06-02 21:20:40,15,0.011540,0.028756,8748
2026-06-02 21:20:40,15,0.011648,0.029461,8748
2026-06-02 21:20:40,15,0.011711,0.029351,8748
2026-06-02 21:20:40,15,0.011623,0.031305,8748
2026-06-02 21:20:40,15,0.011598,0.081425,8748
2026-06-02 21:20:40,15,0.011690,0.029123,8748
2026-06-02 21:20:40,15,0.011536,0.029279,8748
2026-06-02 21:20:40,15,0.011644,0.029964,8748
2026-06-02 21:20:40,15,0.011610,0.029892,8748
2026-06-02 21:20:40,15,0.011618,0.029494,8748
2026-06-02 21:20:40,15,0.011711,0.085410,8748
2026-06-02 21:20:40,15,0.011704,0.030163,8748
2026-06-02 21:20:40,15,0.011611,0.030675,8748
2026-06-02 21:20:40,15,0.011682,0.029518,8748
2026-06-02 21:20:40,15,0.011652,0.029274,8748
2026-06-02 21:20:40,15,0.011628,0.030398,8748
2026-06-02 21:20:40,15,0.011649,0.030465,8748
2026-06-02 21:20:40,15,0.011785,0.077137,8748
2026-06-02 21:20:40,15,0.011618,0.029897,8748
2026-06-02 21:20:40,15,0.011629,0.030057,8748
2026-06-02 21:20:40,15,0.012203,0.030536,8748
2026-06-02 21:20:40,15,0.011583,0.029021,8748
2026-06-02 21:20:40,15,0.011701,0.029364,8748
2026-06-02 21:20:40,15,0.011780,0.079763,8748
2026-06-02 21:20:40,15,0.011701,0.030099,8748
2026-06-02 21:20:40,15,0.011684,0.028439,8748
2026-06-02 21:20:40,15,0.011762,0.029443,8748
2026-06-02 21:20:40,15,0.011623,0.029381,8748
2026-06-02 21:20:40,15,0.011669,0.030047,8748
2026-06-02 21:20:40,15,0.011693,0.081318,8748
2026-06-02 21:20:40,15,0.011692,0.029650,8748
2026-06-02 21:20:40,15,0.012079,0.030587,8748
2026-06-02 21:20:40,15,0.011651,0.030608,8748
2026-06-02 21:20:40,15,0.011714,0.031363,8748
2026-06-02 21:20:40,15,0.011558,0.029672,8748
2026-06-02 21:20:40,15,0.011730,0.085495,8748
2026-06-02 21:20:40,15,0.011622,0.030939,8748
2026-06-02 21:20:40,15,0.011560,0.030307,8748
2026-06-02 21:20:40,15,0.011630,0.029495,8748
2026-06-02 21:20:40,15,0.011577,0.029579,8748
2026-06-02 21:20:40,15,0.011569,0.030064,8748
2026-06-02 21:20:40,15,0.011814,0.030100,8748
2026-06-02 21:20:40,15,0.011672,0.077079,8748
2026-06-02 21:20:40,15,0.011874,0.030050,8748
2026-06-02 21:20:40,15,0.011667,0.029770,8748
2026-06-02 21:20:40,15,0.011768,0.029962,8748
2026-06-02 21:20:40,15,0.011807,0.029060,8748
2026-06-02 21:20:40,15,0.011752,0.029322,8748
2026-06-02 21:20:40,15,0.011669,0.079908,8748
2026-06-02 21:20:40,15,0.011654,0.030113,8748
2026-06-02 21:20:40,15,0.011656,0.028520,8748
2026-06-02 21:20:40,15,0.011781,0.029543,8748
2026-06-02 21:20:40,15,0.011702,0.029692,8748
2026-06-02 21:20:40,15,0.011808,0.030091,8748
2026-06-02 21:20:40,15,0.011669,0.081813,8748
2026-06-02 21:20:40,15,0.011679,0.029305,8748
2026-06-02 21:20:40,15,0.011559,0.029593,8748
2026-06-02 21:20:40,15,0.011709,0.029833,8748
2026-06-02 21:20:40,15,0.011558,0.030384,8748
2026-06-02 21:20:40,15,0.011613,0.029598,8748
2026-06-02 21:20:40,15,0.011632,0.084935,8748
2026-06-02 21:20:40,15,0.011618,0.030189,8748
2026-06-02 21:20:40,15,0.011598,0.030284,8748
2026-06-02 21:20:40,15,0.011638,0.029567,8748
2026-06-02 21:20:40,15,0.011622,0.029553,8748
2026-06-02 21:20:40,15,0.011576,0.029816,8748
2026-06-02 21:20:40,15,0.011666,0.030733,8748
2026-06-02 21:20:40,15,0.011724,0.077540,8748
2026-06-02 21:20:40,15,0.011641,0.029709,8748
2026-06-02 21:20:40,15,0.011771,0.029926,8748
2026-06-02 21:20:40,15,0.011587,0.031299,8748
2026-06-02 21:20:40,15,0.011715,0.030165,8748
2026-06-02 21:20:40,15,0.011637,0.029431,8748
2026-06-02 21:20:40,15,0.011590,0.082275,8748
2026-06-02 21:20:40,15,0.012056,0.030590,8748
2026-06-02 21:20:40,15,0.011629,0.028475,8748
2026-06-02 21:20:40,15,0.011540,0.029254,8748
2026-06-02 21:20:40,15,0.011724,0.029718,8748
2026-06-02 21:20:40,15,0.011658,0.029841,8748
2026-06-02 21:20:40,15,0.011717,0.081723,8748
2026-06-02 21:20:40,15,0.011627,0.029327,8748
2026-06-02 21:20:40,15,0.011619,0.029425,8748
2026-06-02 21:20:40,15,0.011740,0.030066,8748
2026-06-02 21:20:40,15,0.011567,0.031270,8748
2026-06-02 21:20:40,15,0.011620,0.029452,8748
2026-06-02 21:20:40,16,0.015608,0.022166,3362
2026-06-02 21:20:40,16,0.014135,0.070078,3362
2026-06-02 21:20:40,16,0.013341,0.020837,3362
2026-06-02 21:20:40,16,0.013060,0.021581,3362
2026-06-02 21:20:40,16,0.013171,0.020482,3362
2026-06-02 21:20:40,16,0.013116,0.020413,3362
2026-06-02 21:20:40,16,0.013244,0.020477,3362
2026-06-02 21:20:40,16,0.013376,0.020512,3362
2026-06-02 21:20:40,16,0.013134,0.020439,3362
2026-06-02 21:20:40,16,0.013184,0.021216,3362
2026-06-02 21:20:40,16,0.013171,0.020608,3362
2026-06-02 21:20:40,16,0.013845,0.021518,3362
2026-06-02 21:20:40,16,0.013551,0.070947,3362
2026-06-02 21:20:40,16,0.013019,0.020775,3362
2026-06-02 21:20:40,16,0.013231,0.020666,3362
2026-06-02 21:20:40,16,0.013093,0.020854,3362
2026-06-02 21:20:40,16,0.013280,0.020745,3362
2026-06-02 21:20:40,16,0.013653,0.021938,3362
2026-06-02 21:20:40,16,0.013048,0.020896,3362
2026-06-02 21:20:40,16,0.013159,0.020644,3362
2026-06-02 21:20:40,16,0.013214,0.020958,3362
2026-06-02 21:20:40,16,0.013403,0.022810,3362
2026-06-02 21:20:40,16,0.013498,0.020850,3362
2026-06-02 21:20:40,16,0.013282,0.071235,3362
2026-06-02 21:20:40,16,0.013212,0.021174,3362
2026-06-02 21:20:40,16,0.013181,0.021186,3362
2026-06-02 21:20:40,16,0.013168,0.021047,3362
2026-06-02 21:20:40,16,0.013214,0.020924,3362
2026-06-02 21:20:40,16,0.013219,0.020799,3362
2026-06-02 21:20:40,16,0.013179,0.020906,3362
2026-06-02 21:20:40,16,0.013194,0.020810,3362
2026-06-02 21:20:40,16,0.013095,0.021030,3362
2026-06-02 21:20:40,16,0.013200,0.020828,3362
2026-06-02 21:20:40,16,0.013167,0.020843,3362
2026-06-02 21:20:40,16,0.013100,0.071528,3362
2026-06-02 21:20:40,16,0.013156,0.021145,3362
2026-06-02 21:20:40,16,0.013227,0.021381,3362
2026-06-02 21:20:40,16,0.013248,0.021459,3362
2026-06-02 21:20:40,16,0.013104,0.021342,3362
2026-06-02 21:20:40,16,0.013130,0.021086,3362
2026-06-02 21:20:40,16,0.013662,0.022188,3362
2026-06-02 21:20:40,16,0.013301,0.021662,3362
2026-06-02 21:20:40,16,0.013457,0.021940,3362
2026-06-02 21:20:40,16,0.013362,0.021875,3362
2026-06-02 21:20:40,16,0.013304,0.021274,3362
2026-06-02 21:20:40,16,0.013105,0.072557,3362
2026-06-02 21:20:40,16,0.013552,0.022090,3362
2026-06-02 21:20:40,16,0.013174,0.021551,3362
2026-06-02 21:20:40,16,0.013010,0.021277,3362
2026-06-02 21:20:40,16,0.013115,0.021179,3362
2026-06-02 21:20:40,16,0.013162,0.021395,3362
2026-06-02 21:20:40,16,0.013224,0.021650,3362
2026-06-02 21:20:40,16,0.013363,0.021394,3362
2026-06-02 21:20:40,16,0.013126,0.021497,3362
2026-06-02 21:20:40,16,0.013058,0.021313,3362
2026-06-02 21:20:40,16,0.013190,0.021466,3362
2026-06-02 21:20:40,16,0.013103,0.073512,3362
2026-06-02 21:20:40,16,0.013103,0.021978,3362
2026-06-02 21:20:40,16,0.013303,0.021863,3362
2026-06-02 21:20:40,16,0.013077,0.021607,3362
2026-06-02 21:20:40,16,0.013213,0.021625,3362
2026-06-02 21:20:40,16,0.013199,0.021555,3362
2026-06-02 21:20:40,16,0.013222,0.021614,3362
2026-06-02 21:20:40,16,0.013111,0.021863,3362
2026-06-02 21:20:40,16,0.013094,0.021641,3362
2026-06-02 21:20:40,16,0.013129,0.021950,3362
2026-06-02 21:20:40,16,0.013041,0.021688,3362
2026-06-02 21:20:40,16,0.013147,0.074930,3362
2026-06-02 21:20:40,16,0.013140,0.022140,3362
2026-06-02 21:20:40,16,0.013129,0.022038,3362
2026-06-02 21:20:40,16,0.013263,0.021974,3362
2026-06-02 21:20:40,16,0.013204,0.022285,3362
2026-06-02 21:20:40,16,0.013253,0.022528,3362
2026-06-02 21:20:40,16,0.013211,0.022296,3362
2026-06-02 21:20:40,16,0.013235,0.022180,3362
2026-06-02 21:20:40,16,0.013048,0.021994,3362
2026-06-02 21:20:40,16,0.013281,0.022122,3362
2026-06-02 21:20:40,16,0.013296,0.022321,3362
2026-06-02 21:20:40,16,0.013142,0.075527,3362
2026-06-02 21:20:40,16,0.013336,0.022520,3362
2026-06-02 21:20:40,16,0.013147,0.022569,3362
2026-06-02 21:20:40,16,0.013235,0.023122,3362
2026-06-02 21:20:40,16,0.013179,0.022644,3362
2026-06-02 21:20:40,16,0.013119,0.022596,3362
2026-06-02 21:20:40,16,0.013194,0.022523,3362
2026-06-02 21:20:40,16,0.013116,0.022807,3362
2026-06-02 21:20:40,16,0.013265,0.023038,3362
2026-06-02 21:20:40,16,0.013199,0.022465,3362
2026-06-02 21:20:40,16,0.013277,0.025331,3362
2026-06-02 21:20:40,16,0.013155,0.076042,3362
2026-06-02 21:20:40,16,0.013269,0.023103,3362
2026-06-02 21:20:40,16,0.013163,0.023209,3362
2026-06-02 21:20:40,16,0.013165,0.024493,3362
2026-06-02 21:20:40,16,0.013104,0.023257,3362
2026-06-02 21:20:40,16,0.013106,0.022977,3362
2026-06-02 21:20:40,16,0.013312,0.023380,3362
2026-06-02 21:20:40,16,0.013104,0.023086,3362
2026-06-02 21:20:40,16,0.013163,0.023329,3362
2026-06-02 21:20:40,16,0.013017,0.023034,3362
2026-06-02 21:20:40,16,0.013066,0.023339,3362
2026-06-02 21:20:40,16,0.013240,0.023172,3362
2026-06-02 21:20:40,16,0.013115,0.067970,3362
2026-06-02 21:20:40,16,0.013231,0.020682,3362
2026-06-02 21:20:40,16,0.013480,0.019980,3362
2026-06-02 21:20:40,16,0.013179,0.020336,3362
2026-06-02 21:20:40,16,0.013173,0.020027,3362
2026-06-02 21:20:40,16,0.013155,0.020004,3362
2026-06-02 21:20:40,16,0.013278,0.019965,3362
2026-06-02 21:20:40,16,0.013137,0.019942,3362
2026-06-02 21:20:40,16,0.013179,0.021037,3362
2026-06-02 21:20:40,16,0.013179,0.020086,3362
2026-06-02 21:20:40,16,0.013147,0.020027,3362
2026-06-02 21:20:40,16,0.013129,0.068397,3362
2026-06-02 21:20:40,16,0.013150,0.020348,3362
2026-06-02 21:20:40,16,0.013211,0.020339,3362
2026-06-02 21:20:40,16,0.013167,0.020274,3362
2026-06-02 21:20:40,16,0.013255,0.020108,3362
2026-06-02 21:20:40,16,0.013130,0.020331,3362
2026-06-02 21:20:40,16,0.013173,0.020366,3362
2026-06-02 21:20:40,16,0.013120,0.020275,3362
2026-06-02 21:20:40,16,0.013064,0.020171,3362
2026-06-02 21:20:40,16,0.013055,0.020327,3362
2026-06-02 21:20:40,16,0.013243,0.020258,3362
2026-06-02 21:20:40,16,0.013258,0.069016,3362
2026-06-02 21:20:40,16,0.013274,0.020369,3362
2026-06-02 21:20:40,16,0.013189,0.020478,3362
2026-06-02 21:20:40,16,0.013181,0.021033,3362
2026-06-02 21:20:40,16,0.013714,0.021516,3362
2026-06-02 21:20:40,16,0.013289,0.020619,3362
2026-06-02 21:20:40,16,0.013144,0.020427,3362
2026-06-02 21:20:40,16,0.013158,0.020590,3362
2026-06-02 21:20:40,16,0.013341,0.021320,3362
2026-06-02 21:20:40,16,0.013089,0.020533,3362
2026-06-02 21:20:40,16,0.013082,0.020387,3362
2026-06-02 21:20:40,16,0.013215,0.069607,3362
2026-06-02 21:20:40,16,0.013155,0.020644,3362
2026-06-02 21:20:40,16,0.013173,0.020542,3362
2026-06-02 21:20:40,16,0.013182,0.020476,3362
2026-06-02 21:20:40,16,0.013092,0.020471,3362
2026-06-02 21:20:40,16,0.013182,0.020792,3362
2026-06-02 21:20:40,16,0.013150,0.020569,3362
2026-06-02 21:20:40,16,0.013244,0.020698,3362
2026-06-02 21:20:40,16,0.013128,0.020533,3362
2026-06-02 21:20:40,16,0.013047,0.020752,3362
2026-06-02 21:20:40,16,0.013230,0.020599,3362
2026-06-02 21:20:40,16,0.013070,0.070414,3362
2026-06-02 21:20:40,16,0.013086,0.021517,3362
2026-06-02 21:20:40,16,0.013374,0.020813,3362
2026-06-02 21:20:40,16,0.013325,0.021341,3362
2026-06-02 21:20:40,16,0.013077,0.020937,3362
2026-06-02 21:20:40,16,0.013247,0.020955,3362
2026-06-02 21:20:40,16,0.013193,0.020668,3362
2026-06-02 21:20:40,16,0.013202,0.021250,3362
2026-06-02 21:20:40,16,0.013275,0.021281,3362
2026-06-02 21:20:40,16,0.013118,0.020918,3362
2026-06-02 21:20:40,16,0.013129,0.020695,3362
2026-06-02 21:20:40,16,0.013189,0.071027,3362
2026-06-02 21:20:40,16,0.013104,0.021039,3362
2026-06-02 21:20:40,16,0.013182,0.020920,3362
2026-06-02 21:20:40,16,0.013468,0.022022,3362
2026-06-02 21:20:40,16,0.013109,0.020971,3362
2026-06-02 21:20:40,16,0.013074,0.020829,3362
2026-06-02 21:20:40,16,0.013203,0.021155,3362
2026-06-02 21:20:40,16,0.013227,0.021969,3362
2026-06-02 21:20:40,16,0.013294,0.021419,3362
2026-06-02 21:20:40,16,0.013129,0.021037,3362
2026-06-02 21:20:40,16,0.013180,0.020930,3362
2026-06-02 21:20:40,16,0.012974,0.071629,3362
2026-06-02 21:20:40,16,0.013184,0.021141,3362
2026-06-02 21:20:40,16,0.013163,0.021295,3362
2026-06-02 21:20:40,16,0.013106,0.021023,3362
2026-06-02 21:20:40,16,0.013188,0.021252,3362
2026-06-02 21:20:40,16,0.013152,0.021270,3362
2026-06-02 21:20:40,16,0.013267,0.021147,3362
2026-06-02 21:20:40,16,0.013848,0.021810,3362
2026-06-02 21:20:40,16,0.013110,0.021230,3362
2026-06-02 21:20:40,16,0.013164,0.020989,3362
2026-06-02 21:20:40,16,0.013200,0.020905,3362
2026-06-02 21:20:40,16,0.013133,0.072583,3362
2026-06-02 21:20:40,16,0.013117,0.021429,3362
2026-06-02 21:20:40,16,0.013351,0.021250,3362
2026-06-02 21:20:40,16,0.013239,0.021299,3362
2026-06-02 21:20:40,16,0.013066,0.021266,3362
2026-06-02 21:20:40,16,0.013109,0.021286,3362
2026-06-02 21:20:40,16,0.013231,0.021362,3362
2026-06-02 21:20:40,16,0.013160,0.021275,3362
2026-06-02 21:20:40,16,0.013099,0.021662,3362
2026-06-02 21:20:40,16,0.013107,0.021509,3362
2026-06-02 21:20:40,16,0.013131,0.021351,3362
2026-06-02 21:20:40,16,0.013120,0.073272,3362
2026-06-02 21:20:40,16,0.013174,0.021871,3362
2026-06-02 21:20:40,16,0.013060,0.021689,3362
2026-06-02 21:20:40,16,0.013332,0.021902,3362
2026-06-02 21:20:40,16,0.013099,0.021841,3362
2026-06-02 21:20:40,16,0.013179,0.021911,3362
2026-06-02 21:20:40,16,0.013693,0.022399,3362
2026-06-02 21:20:40,16,0.013078,0.021602,3362
2026-06-02 21:20:40,16,0.013121,0.021561,3362
2026-06-02 21:20:40,16,0.013166,0.021450,3362
2026-06-02 21:20:40,16,0.013117,0.021770,3362
2026-06-02 21:20:40,16,0.013103,0.074722,3362
2026-06-02 21:20:40,16,0.013239,0.022046,3362
2026-06-02 21:20:40,16,0.013133,0.022670,3362
2026-06-02 21:20:40,16,0.013239,0.023072,3362
2026-06-02 21:20:40,16,0.013207,0.022459,3362
2026-06-02 21:20:40,16,0.013102,0.022054,3362
2026-06-02 21:20:40,16,0.013281,0.021983,3362
2026-06-02 21:20:40,16,0.013235,0.023794,3362
2026-06-02 21:20:40,16,0.013132,0.022129,3362
2026-06-02 21:20:40,16,0.013245,0.022652,3362
2026-06-02 21:20:40,16,0.013210,0.022042,3362
2026-06-02 21:20:40,16,0.013069,0.075083,3362
2026-06-02 21:20:40,16,0.013093,0.022587,3362
2026-06-02 21:20:40,16,0.013134,0.022743,3362
2026-06-02 21:20:40,16,0.013194,0.022357,3362
2026-06-02 21:20:40,16,0.013035,0.024555,3362
2026-06-02 21:20:40,16,0.013219,0.022728,3362
2026-06-02 21:20:40,16,0.013189,0.022642,3362
2026-06-02 21:20:40,16,0.013131,0.022649,3362
2026-06-02 21:20:40,16,0.013238,0.022655,3362
2026-06-02 21:20:40,16,0.013046,0.022651,3362
2026-06-02 21:20:40,16,0.013396,0.022421,3362
2026-06-02 21:20:40,16,0.013258,0.076269,3362
2026-06-02 21:20:40,16,0.013318,0.023445,3362
2026-06-02 21:20:40,16,0.013240,0.023241,3362
2026-06-02 21:20:40,16,0.013092,0.023025,3362
2026-06-02 21:20:40,16,0.013286,0.022937,3362
2026-06-02 21:20:40,16,0.013089,0.023193,3362
2026-06-02 21:20:40,16,0.013307,0.023251,3362
2026-06-02 21:20:40,16,0.013172,0.023179,3362
2026-06-02 21:20:40,16,0.013197,0.023188,3362
2026-06-02 21:20:40,16,0.013091,0.023071,3362
2026-06-02 21:20:40,16,0.013234,0.023049,3362
2026-06-02 21:20:40,16,0.013580,0.023475,3362
2026-06-02 21:20:40,16,0.013153,0.068336,3362
2026-06-02 21:20:40,16,0.013037,0.019997,3362
2026-06-02 21:20:40,16,0.013713,0.020703,3362
2026-06-02 21:20:40,16,0.013270,0.020240,3362
2026-06-02 21:20:40,16,0.013382,0.021013,3362
2026-06-02 21:20:40,16,0.013544,0.020623,3362
2026-06-02 21:20:40,16,0.013742,0.021212,3362
2026-06-02 21:20:40,16,0.013170,0.020284,3362
2026-06-02 21:20:40,16,0.013224,0.020159,3362
2026-06-02 21:20:40,16,0.013216,0.019888,3362
2026-06-02 21:20:40,16,0.013146,0.020291,3362
2026-06-02 21:20:40,16,0.013056,0.068681,3362
2026-06-02 21:20:40,16,0.013123,0.020540,3362
2026-06-02 21:20:40,16,0.013079,0.020287,3362
2026-06-02 21:20:40,16,0.013202,0.020369,3362
2026-06-02 21:20:40,16,0.013126,0.020314,3362
2026-06-02 21:20:40,16,0.013320,0.020708,3362
2026-06-02 21:20:40,16,0.013198,0.020545,3362
2026-06-02 21:20:40,16,0.013094,0.020261,3362
2026-06-02 21:20:40,16,0.013052,0.020562,3362
2026-06-02 21:20:40,16,0.013525,0.020539,3362
2026-06-02 21:20:40,16,0.013234,0.020092,3362
2026-06-02 21:20:40,16,0.013160,0.069214,3362
2026-06-02 21:20:40,16,0.013152,0.020648,3362
2026-06-02 21:20:40,16,0.013237,0.020991,3362
2026-06-02 21:20:40,16,0.013213,0.020814,3362
2026-06-02 21:20:40,16,0.013166,0.020755,3362
2026-06-02 21:20:40,16,0.013050,0.020526,3362
2026-06-02 21:20:40,16,0.013196,0.020723,3362
2026-06-02 21:20:40,16,0.013212,0.020390,3362
2026-06-02 21:20:40,16,0.013169,0.020390,3362
2026-06-02 21:20:40,16,0.013136,0.020442,3362
2026-06-02 21:20:40,16,0.013126,0.020474,3362
2026-06-02 21:20:40,16,0.013224,0.070342,3362
2026-06-02 21:20:40,16,0.013094,0.020694,3362
2026-06-02 21:20:40,16,0.013275,0.020542,3362
2026-06-02 21:20:40,16,0.013166,0.021269,3362
2026-06-02 21:20:40,16,0.013036,0.020570,3362
2026-06-02 21:20:40,16,0.013108,0.020495,3362
2026-06-02 21:20:40,16,0.013167,0.020983,3362
2026-06-02 21:20:40,16,0.013215,0.020662,3362
2026-06-02 21:20:40,16,0.013251,0.020736,3362
2026-06-02 21:20:40,16,0.013089,0.020575,3362
2026-06-02 21:20:40,16,0.013047,0.020417,3362
2026-06-02 21:20:40,16,0.013127,0.070612,3362
2026-06-02 21:20:40,16,0.013374,0.021939,3362
2026-06-02 21:20:40,16,0.013142,0.020863,3362
2026-06-02 21:20:40,16,0.013078,0.020777,3362
2026-06-02 21:20:40,16,0.013050,0.020680,3362
2026-06-02 21:20:40,16,0.013068,0.020888,3362
2026-06-02 21:20:40,16,0.013088,0.020712,3362
2026-06-02 21:20:40,16,0.013238,0.020696,3362
2026-06-02 21:20:40,16,0.013300,0.020677,3362
2026-06-02 21:20:40,16,0.013045,0.021190,3362
2026-06-02 21:20:40,16,0.013125,0.021152,3362
2026-06-02 21:20:40,16,0.013141,0.071338,3362
2026-06-02 21:20:40,16,0.013138,0.020900,3362
2026-06-02 21:20:40,16,0.013122,0.021082,3362
2026-06-02 21:20:40,16,0.013152,0.020935,3362
2026-06-02 21:20:40,16,0.013218,0.021018,3362
2026-06-02 21:20:40,16,0.013111,0.021474,3362
2026-06-02 21:20:40,16,0.013084,0.020801,3362
2026-06-02 21:20:40,16,0.013119,0.020846,3362
2026-06-02 21:20:40,16,0.013075,0.021035,3362
2026-06-02 21:20:40,16,0.013015,0.020792,3362
2026-06-02 21:20:40,16,0.013108,0.021480,3362
2026-06-02 21:20:40,16,0.013167,0.072086,3362
2026-06-02 21:20:40,16,0.013064,0.021680,3362
2026-06-02 21:20:40,16,0.013338,0.021583,3362
2026-06-02 21:20:40,16,0.013243,0.023683,3362
2026-06-02 21:20:40,16,0.013204,0.021177,3362
2026-06-02 21:20:40,16,0.013181,0.021409,3362
2026-06-02 21:20:40,16,0.013182,0.021304,3362
2026-06-02 21:20:40,16,0.013183,0.021212,3362
2026-06-02 21:20:40,16,0.013564,0.022038,3362
2026-06-02 21:20:40,16,0.013257,0.021284,3362
2026-06-02 21:20:40,16,0.013165,0.021020,3362
2026-06-02 21:20:40,16,0.013067,0.072809,3362
2026-06-02 21:20:40,16,0.013184,0.021515,3362
2026-06-02 21:20:40,16,0.013192,0.021347,3362
2026-06-02 21:20:40,16,0.013055,0.021199,3362
2026-06-02 21:20:40,16,0.013036,0.022214,3362
2026-06-02 21:20:40,16,0.013093,0.021307,3362
2026-06-02 21:20:40,16,0.013210,0.021368,3362
2026-06-02 21:20:40,16,0.013125,0.021423,3362
2026-06-02 21:20:40,16,0.013062,0.021370,3362
2026-06-02 21:20:40,16,0.013171,0.021692,3362
2026-06-02 21:20:40,16,0.013346,0.021424,3362
2026-06-02 21:20:40,16,0.013192,0.074252,3362
2026-06-02 21:20:40,16,0.013201,0.021891,3362
2026-06-02 21:20:40,16,0.013066,0.021687,3362
2026-06-02 21:20:40,16,0.013176,0.021761,3362
2026-06-02 21:20:40,16,0.013274,0.022142,3362
2026-06-02 21:20:40,16,0.013252,0.022164,3362
2026-06-02 21:20:40,16,0.013191,0.021891,3362
2026-06-02 21:20:40,16,0.013077,0.022719,3362
2026-06-02 21:20:40,16,0.013224,0.021498,3362
2026-06-02 21:20:40,16,0.013191,0.021702,3362
2026-06-02 21:20:40,16,0.013052,0.021880,3362
2026-06-02 21:20:40,16,0.013178,0.074089,3362
2026-06-02 21:20:40,16,0.013147,0.022100,3362
2026-06-02 21:20:40,16,0.013011,0.022143,3362
2026-06-02 21:20:40,16,0.013221,0.022274,3362
2026-06-02 21:20:40,16,0.013158,0.022296,3362
2026-06-02 21:20:40,16,0.013075,0.022080,3362
2026-06-02 21:20:40,16,0.013088,0.022856,3362
2026-06-02 21:20:40,16,0.013188,0.022124,3362
2026-06-02 21:20:40,16,0.013149,0.022255,3362
2026-06-02 21:20:40,16,0.013201,0.022493,3362
2026-06-02 21:20:40,16,0.013119,0.024276,3362
2026-06-02 21:20:40,16,0.013199,0.075198,3362
2026-06-02 21:20:40,16,0.013089,0.022508,3362
2026-06-02 21:20:40,16,0.013153,0.023058,3362
2026-06-02 21:20:40,16,0.013077,0.022532,3362
2026-06-02 21:20:40,16,0.013164,0.022582,3362
2026-06-02 21:20:40,16,0.013195,0.022536,3362
2026-06-02 21:20:40,16,0.013263,0.022416,3362
2026-06-02 21:20:40,16,0.013256,0.022639,3362
2026-06-02 21:20:40,16,0.013046,0.022556,3362
2026-06-02 21:20:40,16,0.013090,0.022549,3362
2026-06-02 21:20:40,16,0.013285,0.022488,3362
2026-06-02 21:20:40,16,0.013077,0.076375,3362
2026-06-02 21:20:40,16,0.013234,0.023253,3362
2026-06-02 21:20:40,16,0.013170,0.023483,3362
2026-06-02 21:20:40,16,0.013181,0.023084,3362
2026-06-02 21:20:40,16,0.013271,0.023167,3362
2026-06-02 21:20:40,16,0.013800,0.024114,3362
2026-06-02 21:20:40,16,0.013133,0.023427,3362
2026-06-02 21:20:40,16,0.013218,0.022985,3362
2026-06-02 21:20:40,16,0.013200,0.023592,3362
2026-06-02 21:20:40,16,0.013324,0.023755,3362
2026-06-02 21:20:40,16,0.013144,0.023203,3362
2026-06-02 21:20:40,16,0.013166,0.023281,3362
2026-06-02 21:20:40,16,0.013218,0.068447,3362
2026-06-02 21:20:40,16,0.013241,0.020137,3362
2026-06-02 21:20:40,16,0.013311,0.020147,3362
2026-06-02 21:20:40,16,0.013044,0.020013,3362
2026-06-02 21:20:40,16,0.013166,0.020147,3362
2026-06-02 21:20:40,16,0.013085,0.020061,3362
2026-06-02 21:20:40,16,0.013117,0.019929,3362
2026-06-02 21:20:40,16,0.013197,0.019903,3362
2026-06-02 21:20:40,16,0.013590,0.020468,3362
2026-06-02 21:20:40,16,0.013268,0.020088,3362
2026-06-02 21:20:40,16,0.013271,0.020047,3362
2026-06-02 21:20:40,16,0.013045,0.068851,3362
2026-06-02 21:20:40,16,0.013093,0.020463,3362
2026-06-02 21:20:40,16,0.013169,0.020378,3362
2026-06-02 21:20:40,16,0.013074,0.020244,3362
2026-06-02 21:20:40,16,0.013130,0.020178,3362
2026-06-02 21:20:40,16,0.013182,0.020290,3362
2026-06-02 21:20:40,16,0.013188,0.020189,3362
2026-06-02 21:20:40,16,0.013175,0.021127,3362
2026-06-02 21:20:40,16,0.013087,0.020268,3362
2026-06-02 21:20:40,16,0.013066,0.020243,3362
2026-06-02 21:20:40,16,0.013275,0.020386,3362
2026-06-02 21:20:40,16,0.013152,0.069487,3362
2026-06-02 21:20:40,16,0.013112,0.020604,3362
2026-06-02 21:20:40,16,0.013308,0.020446,3362
2026-06-02 21:20:40,16,0.013204,0.020353,3362
2026-06-02 21:20:40,16,0.013204,0.020441,3362
2026-06-02 21:20:40,16,0.013109,0.020357,3362
2026-06-02 21:20:40,16,0.013144,0.020424,3362
2026-06-02 21:20:40,16,0.013123,0.020798,3362
2026-06-02 21:20:40,16,0.013407,0.020788,3362
2026-06-02 21:20:40,16,0.013220,0.020530,3362
2026-06-02 21:20:40,16,0.013086,0.020399,3362
2026-06-02 21:20:40,16,0.013107,0.070103,3362
2026-06-02 21:20:40,16,0.013045,0.020751,3362
2026-06-02 21:20:40,16,0.013162,0.020671,3362
2026-06-02 21:20:40,16,0.013229,0.020998,3362
2026-06-02 21:20:40,16,0.013110,0.020698,3362
2026-06-02 21:20:40,16,0.013050,0.020614,3362
2026-06-02 21:20:40,16,0.013033,0.020500,3362
2026-06-02 21:20:40,16,0.013592,0.021299,3362
2026-06-02 21:20:40,16,0.013131,0.020752,3362
2026-06-02 21:20:40,16,0.013133,0.020960,3362
2026-06-02 21:20:40,16,0.013153,0.020930,3362
2026-06-02 21:20:40,16,0.013024,0.070978,3362
2026-06-02 21:20:40,16,0.013175,0.020898,3362
2026-06-02 21:20:40,16,0.013087,0.020759,3362
2026-06-02 21:20:40,16,0.013259,0.022739,3362
2026-06-02 21:20:40,16,0.013486,0.021359,3362
2026-06-02 21:20:40,16,0.013115,0.020905,3362
2026-06-02 21:20:40,16,0.013158,0.021074,3362
2026-06-02 21:20:40,16,0.013043,0.020720,3362
2026-06-02 21:20:40,16,0.013147,0.020854,3362
2026-06-02 21:20:40,16,0.013067,0.020812,3362
2026-06-02 21:20:40,16,0.013194,0.020615,3362
2026-06-02 21:20:40,16,0.013130,0.071427,3362
2026-06-02 21:20:40,16,0.013111,0.021056,3362
2026-06-02 21:20:40,16,0.013106,0.020969,3362
2026-06-02 21:20:40,16,0.013130,0.020924,3362
2026-06-02 21:20:40,16,0.013208,0.021415,3362
2026-06-02 21:20:40,16,0.013361,0.021100,3362
2026-06-02 21:20:40,16,0.013120,0.022592,3362
2026-06-02 21:20:40,16,0.013618,0.022160,3362
2026-06-02 21:20:40,16,0.013162,0.021033,3362
2026-06-02 21:20:40,16,0.013170,0.021077,3362
2026-06-02 21:20:40,16,0.013163,0.020852,3362
2026-06-02 21:20:40,16,0.013068,0.072204,3362
2026-06-02 21:20:40,16,0.013147,0.021123,3362
2026-06-02 21:20:40,16,0.013176,0.021210,3362
2026-06-02 21:20:40,16,0.013135,0.021176,3362
2026-06-02 21:20:40,16,0.013207,0.021272,3362
2026-06-02 21:20:40,16,0.013245,0.020993,3362
2026-06-02 21:20:40,16,0.013194,0.021012,3362
2026-06-02 21:20:40,16,0.013092,0.021307,3362
2026-06-02 21:20:40,16,0.013179,0.021230,3362
2026-06-02 21:20:40,16,0.013247,0.021118,3362
2026-06-02 21:20:40,16,0.013146,0.021245,3362
2026-06-02 21:20:40,16,0.013135,0.072824,3362
2026-06-02 21:20:40,16,0.013106,0.022370,3362
2026-06-02 21:20:40,16,0.013170,0.021332,3362
2026-06-02 21:20:40,16,0.013281,0.021434,3362
2026-06-02 21:20:40,16,0.013188,0.021541,3362
2026-06-02 21:20:40,16,0.013294,0.022908,3362
2026-06-02 21:20:40,16,0.013068,0.021362,3362
2026-06-02 21:20:40,16,0.013303,0.021532,3362
2026-06-02 21:20:40,16,0.013152,0.021397,3362
2026-06-02 21:20:40,16,0.013171,0.021375,3362
2026-06-02 21:20:40,16,0.013256,0.021762,3362
2026-06-02 21:20:40,16,0.013245,0.073638,3362
2026-06-02 21:20:40,16,0.013126,0.021752,3362
2026-06-02 21:20:40,16,0.013109,0.022207,3362
2026-06-02 21:20:40,16,0.013090,0.021647,3362
2026-06-02 21:20:40,16,0.013231,0.021514,3362
2026-06-02 21:20:40,16,0.013232,0.022117,3362
2026-06-02 21:20:40,16,0.013061,0.021971,3362
2026-06-02 21:20:40,16,0.013249,0.021915,3362
2026-06-02 21:20:40,16,0.013048,0.021579,3362
2026-06-02 21:20:40,16,0.013157,0.022146,3362
2026-06-02 21:20:40,16,0.013216,0.021736,3362
2026-06-02 21:20:40,16,0.013241,0.074534,3362
2026-06-02 21:20:40,16,0.013214,0.023765,3362
2026-06-02 21:20:40,16,0.013727,0.022284,3362
2026-06-02 21:20:40,16,0.013282,0.022215,3362
2026-06-02 21:20:40,16,0.013301,0.023127,3362
2026-06-02 21:20:40,16,0.013098,0.022236,3362
2026-06-02 21:20:40,16,0.013040,0.022060,3362
2026-06-02 21:20:40,16,0.013201,0.022405,3362
2026-06-02 21:20:40,16,0.013139,0.022520,3362
2026-06-02 21:20:40,16,0.013128,0.022218,3362
2026-06-02 21:20:40,16,0.013107,0.022286,3362
2026-06-02 21:20:40,16,0.013033,0.075508,3362
2026-06-02 21:20:40,16,0.013162,0.022473,3362
2026-06-02 21:20:40,16,0.013097,0.022700,3362
2026-06-02 21:20:40,16,0.013199,0.022474,3362
2026-06-02 21:20:40,16,0.013625,0.023369,3362
2026-06-02 21:20:40,16,0.013099,0.022812,3362
2026-06-02 21:20:40,16,0.013209,0.022549,3362
2026-06-02 21:20:40,16,0.013122,0.022870,3362
2026-06-02 21:20:40,16,0.013168,0.022539,3362
2026-06-02 21:20:40,16,0.013090,0.022625,3362
2026-06-02 21:20:40,16,0.013148,0.022624,3362
2026-06-02 21:20:40,16,0.013100,0.076354,3362
2026-06-02 21:20:40,16,0.013103,0.023234,3362
2026-06-02 21:20:40,16,0.013024,0.025201,3362
2026-06-02 21:20:40,16,0.013157,0.023074,3362
2026-06-02 21:20:40,16,0.013256,0.023090,3362
2026-06-02 21:20:40,16,0.013186,0.023043,3362
2026-06-02 21:20:40,16,0.013318,0.023238,3362
2026-06-02 21:20:40,16,0.013159,0.023238,3362
2026-06-02 21:20:40,16,0.013312,0.023272,3362
2026-06-02 21:20:40,16,0.013073,0.023278,3362
2026-06-02 21:20:40,16,0.013233,0.023356,3362
2026-06-02 21:20:40,16,0.013032,0.023049,3362
2026-06-02 21:20:40,17,0.014727,0.093337,13374
2026-06-02 21:20:40,17,0.014297,0.039828,13374
2026-06-02 21:20:40,17,0.014115,0.038671,13374
2026-06-02 21:20:40,17,0.014166,0.038269,13374
2026-06-02 21:20:40,17,0.013981,0.102292,13374
2026-06-02 21:20:40,17,0.013852,0.040400,13374
2026-06-02 21:20:40,17,0.014035,0.038914,13374
2026-06-02 21:20:40,17,0.014243,0.038386,13374
2026-06-02 21:20:40,17,0.013791,0.040188,13374
2026-06-02 21:20:40,17,0.013804,0.102412,13374
2026-06-02 21:20:40,17,0.014083,0.039082,13374
2026-06-02 21:20:40,17,0.014101,0.038268,13374
2026-06-02 21:20:40,17,0.014780,0.042602,13374
2026-06-02 21:20:40,17,0.013883,0.040746,13374
2026-06-02 21:20:40,17,0.013973,0.099479,13374
2026-06-02 21:20:40,17,0.014001,0.039758,13374
2026-06-02 21:20:40,17,0.014274,0.037931,13374
2026-06-02 21:20:40,17,0.013967,0.040199,13374
2026-06-02 21:20:40,17,0.013819,0.039416,13374
2026-06-02 21:20:40,17,0.013805,0.097521,13374
2026-06-02 21:20:40,17,0.013861,0.037708,13374
2026-06-02 21:20:40,17,0.013987,0.040490,13374
2026-06-02 21:20:40,17,0.013915,0.040003,13374
2026-06-02 21:20:40,17,0.013998,0.038820,13374
2026-06-02 21:20:40,17,0.013879,0.095438,13374
2026-06-02 21:20:40,17,0.014144,0.040639,13374
2026-06-02 21:20:40,17,0.014138,0.040236,13374
2026-06-02 21:20:40,17,0.014076,0.039215,13374
2026-06-02 21:20:40,17,0.013870,0.038291,13374
2026-06-02 21:20:40,17,0.014038,0.095079,13374
2026-06-02 21:20:40,17,0.013881,0.040391,13374
2026-06-02 21:20:40,17,0.013934,0.039340,13374
2026-06-02 21:20:40,17,0.014176,0.039615,13374
2026-06-02 21:20:40,17,0.013994,0.038175,13374
2026-06-02 21:20:40,17,0.013941,0.095787,13374
2026-06-02 21:20:40,17,0.014007,0.040213,13374
2026-06-02 21:20:40,17,0.013991,0.040182,13374
2026-06-02 21:20:40,17,0.014055,0.038177,13374
2026-06-02 21:20:40,17,0.014101,0.040392,13374
2026-06-02 21:20:40,17,0.013920,0.094958,13374
2026-06-02 21:20:40,17,0.013955,0.039440,13374
2026-06-02 21:20:40,17,0.014024,0.038195,13374
2026-06-02 21:20:40,17,0.014012,0.040584,13374
2026-06-02 21:20:40,17,0.013851,0.041581,13374
2026-06-02 21:20:40,17,0.013984,0.094297,13374
2026-06-02 21:20:40,17,0.013965,0.038537,13374
2026-06-02 21:20:40,17,0.013995,0.038157,13374
2026-06-02 21:20:40,17,0.013895,0.040251,13374
2026-06-02 21:20:40,17,0.013914,0.040017,13374
2026-06-02 21:20:40,17,0.013885,0.090760,13374
2026-06-02 21:20:40,17,0.013959,0.038385,13374
2026-06-02 21:20:40,17,0.014034,0.041586,13374
2026-06-02 21:20:40,17,0.014159,0.040439,13374
2026-06-02 21:20:40,17,0.013938,0.039150,13374
2026-06-02 21:20:40,17,0.013978,0.089059,13374
2026-06-02 21:20:40,17,0.013977,0.040664,13374
2026-06-02 21:20:40,17,0.014107,0.040663,13374
2026-06-02 21:20:40,17,0.014146,0.039779,13374
2026-06-02 21:20:40,17,0.014011,0.038516,13374
2026-06-02 21:20:40,17,0.014012,0.087946,13374
2026-06-02 21:20:40,17,0.014034,0.040625,13374
2026-06-02 21:20:40,17,0.014089,0.039766,13374
2026-06-02 21:20:40,17,0.013965,0.038688,13374
2026-06-02 21:20:40,17,0.013853,0.038539,13374
2026-06-02 21:20:40,17,0.013989,0.089527,13374
2026-06-02 21:20:40,17,0.014056,0.040343,13374
2026-06-02 21:20:40,17,0.013985,0.039079,13374
2026-06-02 21:20:40,17,0.013900,0.038059,13374
2026-06-02 21:20:40,17,0.014088,0.103549,13374
2026-06-02 21:20:40,17,0.013908,0.040554,13374
2026-06-02 21:20:40,17,0.014293,0.040064,13374
2026-06-02 21:20:40,17,0.014007,0.038324,13374
2026-06-02 21:20:40,17,0.013940,0.040538,13374
2026-06-02 21:20:40,17,0.013987,0.102965,13374
2026-06-02 21:20:40,17,0.013979,0.039610,13374
2026-06-02 21:20:40,17,0.014055,0.043181,13374
2026-06-02 21:20:40,17,0.014545,0.038988,13374
2026-06-02 21:20:40,17,0.014076,0.040314,13374
2026-06-02 21:20:40,17,0.013948,0.100351,13374
2026-06-02 21:20:40,17,0.013933,0.039052,13374
2026-06-02 21:20:40,17,0.013918,0.038378,13374
2026-06-02 21:20:40,17,0.013959,0.040681,13374
2026-06-02 21:20:40,17,0.014201,0.040203,13374
2026-06-02 21:20:40,17,0.014639,0.099366,13374
2026-06-02 21:20:40,17,0.013868,0.038527,13374
2026-06-02 21:20:40,17,0.013981,0.041447,13374
2026-06-02 21:20:40,17,0.013896,0.041320,13374
2026-06-02 21:20:40,17,0.013907,0.039489,13374
2026-06-02 21:20:40,17,0.013992,0.097036,13374
2026-06-02 21:20:40,17,0.013844,0.038283,13374
2026-06-02 21:20:40,17,0.013966,0.040375,13374
2026-06-02 21:20:40,17,0.014033,0.040127,13374
2026-06-02 21:20:40,17,0.013966,0.038627,13374
2026-06-02 21:20:40,17,0.013923,0.095967,13374
2026-06-02 21:20:40,17,0.013864,0.040574,13374
2026-06-02 21:20:40,17,0.013919,0.041190,13374
2026-06-02 21:20:40,17,0.013974,0.038922,13374
2026-06-02 21:20:40,17,0.013989,0.038150,13374
2026-06-02 21:20:40,17,0.013936,0.096845,13374
2026-06-02 21:20:40,17,0.014057,0.040937,13374
2026-06-02 21:20:40,17,0.014082,0.039484,13374
2026-06-02 21:20:40,17,0.014073,0.038455,13374
2026-06-02 21:20:40,17,0.013914,0.040899,13374
2026-06-02 21:20:40,17,0.013896,0.096041,13374
2026-06-02 21:20:40,17,0.013990,0.039822,13374
2026-06-02 21:20:40,17,0.014043,0.038937,13374
2026-06-02 21:20:40,17,0.013982,0.039118,13374
2026-06-02 21:20:40,17,0.013983,0.040404,13374
2026-06-02 21:20:40,17,0.014474,0.095969,13374
2026-06-02 21:20:40,17,0.013895,0.038869,13374
2026-06-02 21:20:40,17,0.014049,0.040645,13374
2026-06-02 21:20:40,17,0.014635,0.040930,13374
2026-06-02 21:20:40,17,0.014011,0.040224,13374
2026-06-02 21:20:40,17,0.014143,0.091870,13374
2026-06-02 21:20:40,17,0.013990,0.038203,13374
2026-06-02 21:20:40,17,0.013879,0.040563,13374
2026-06-02 21:20:40,17,0.013884,0.040589,13374
2026-06-02 21:20:40,17,0.013912,0.039082,13374
2026-06-02 21:20:40,17,0.014033,0.089764,13374
2026-06-02 21:20:40,17,0.013991,0.038285,13374
2026-06-02 21:20:40,17,0.013931,0.041532,13374
2026-06-02 21:20:40,17,0.013893,0.039737,13374
2026-06-02 21:20:40,17,0.014000,0.038977,13374
2026-06-02 21:20:40,17,0.013977,0.089062,13374
2026-06-02 21:20:40,17,0.014005,0.040793,13374
2026-06-02 21:20:40,17,0.013905,0.040142,13374
2026-06-02 21:20:40,17,0.013903,0.039148,13374
2026-06-02 21:20:40,17,0.013870,0.038034,13374
2026-06-02 21:20:40,17,0.013940,0.089784,13374
2026-06-02 21:20:40,17,0.014996,0.041736,13374
2026-06-02 21:20:40,17,0.014023,0.039000,13374
2026-06-02 21:20:40,17,0.014046,0.038508,13374
2026-06-02 21:20:40,17,0.013867,0.040629,13374
2026-06-02 21:20:40,17,0.013905,0.089297,13374
2026-06-02 21:20:40,17,0.013947,0.039796,13374
2026-06-02 21:20:40,17,0.014005,0.038644,13374
2026-06-02 21:20:40,17,0.013990,0.038284,13374
2026-06-02 21:20:40,17,0.013959,0.103259,13374
2026-06-02 21:20:40,17,0.013848,0.040480,13374
2026-06-02 21:20:40,17,0.014052,0.040827,13374
2026-06-02 21:20:40,17,0.014537,0.039655,13374
2026-06-02 21:20:40,17,0.014787,0.045399,13374
2026-06-02 21:20:40,17,0.014707,0.109658,13374
2026-06-02 21:20:40,17,0.014752,0.041184,13374
2026-06-02 21:20:40,17,0.013953,0.040553,13374
2026-06-02 21:20:40,17,0.014767,0.047631,13374
2026-06-02 21:20:40,17,0.014661,0.046181,13374
2026-06-02 21:20:40,17,0.014537,0.104876,13374
2026-06-02 21:20:40,17,0.015047,0.041107,13374
2026-06-02 21:20:40,17,0.014807,0.040544,13374
2026-06-02 21:20:40,17,0.014115,0.042782,13374
2026-06-02 21:20:40,17,0.013902,0.041464,13374
2026-06-02 21:20:40,17,0.014292,0.102094,13374
2026-06-02 21:20:40,17,0.014341,0.040758,13374
2026-06-02 21:20:40,17,0.015061,0.047231,13374
2026-06-02 21:20:40,17,0.014226,0.050508,13374
2026-06-02 21:20:40,17,0.015216,0.048744,13374
2026-06-02 21:20:40,17,0.015126,0.108802,13374
2026-06-02 21:20:40,17,0.014950,0.043005,13374
2026-06-02 21:20:40,17,0.014381,0.041726,13374
2026-06-02 21:20:40,17,0.014082,0.039891,13374
2026-06-02 21:20:40,17,0.013871,0.038468,13374
2026-06-02 21:20:40,17,0.013811,0.095309,13374
2026-06-02 21:20:40,17,0.013967,0.041624,13374
2026-06-02 21:20:40,17,0.014386,0.041340,13374
2026-06-02 21:20:40,17,0.014023,0.038894,13374
2026-06-02 21:20:40,17,0.013852,0.038640,13374
2026-06-02 21:20:40,17,0.013955,0.096284,13374
2026-06-02 21:20:40,17,0.014171,0.040549,13374
2026-06-02 21:20:40,17,0.013890,0.041345,13374
2026-06-02 21:20:40,17,0.014420,0.039028,13374
2026-06-02 21:20:40,17,0.013937,0.040814,13374
2026-06-02 21:20:40,17,0.013992,0.095237,13374
2026-06-02 21:20:40,17,0.014168,0.039711,13374
2026-06-02 21:20:40,17,0.013977,0.038777,13374
2026-06-02 21:20:40,17,0.013973,0.040363,13374
2026-06-02 21:20:40,17,0.013955,0.040780,13374
2026-06-02 21:20:40,17,0.014501,0.092721,13374
2026-06-02 21:20:40,17,0.013828,0.039002,13374
2026-06-02 21:20:40,17,0.014322,0.038930,13374
2026-06-02 21:20:40,17,0.014011,0.040688,13374
2026-06-02 21:20:40,17,0.014064,0.043266,13374
2026-06-02 21:20:40,17,0.014801,0.092046,13374
2026-06-02 21:20:40,17,0.013818,0.039596,13374
2026-06-02 21:20:40,17,0.013931,0.040660,13374
2026-06-02 21:20:40,17,0.013958,0.040381,13374
2026-06-02 21:20:40,17,0.013887,0.039610,13374
2026-06-02 21:20:40,17,0.013810,0.089572,13374
2026-06-02 21:20:40,17,0.013964,0.040537,13374
2026-06-02 21:20:40,17,0.014054,0.040946,13374
2026-06-02 21:20:40,17,0.014046,0.039607,13374
2026-06-02 21:20:40,17,0.013993,0.038508,13374
2026-06-02 21:20:40,17,0.013926,0.088055,13374
2026-06-02 21:20:40,17,0.013921,0.040509,13374
2026-06-02 21:20:40,17,0.013901,0.040152,13374
2026-06-02 21:20:40,17,0.014371,0.039436,13374
2026-06-02 21:20:40,17,0.014119,0.038918,13374
2026-06-02 21:20:40,17,0.014055,0.089279,13374
2026-06-02 21:20:40,17,0.014060,0.040867,13374
2026-06-02 21:20:40,17,0.014053,0.039124,13374
2026-06-02 21:20:40,17,0.014050,0.038653,13374
2026-06-02 21:20:40,17,0.014133,0.104483,13374
2026-06-02 21:20:40,17,0.013965,0.041749,13374
2026-06-02 21:20:40,17,0.014055,0.039856,13374
2026-06-02 21:20:40,17,0.014010,0.038326,13374
2026-06-02 21:20:40,17,0.013912,0.040730,13374
2026-06-02 21:20:40,17,0.013815,0.103739,13374
2026-06-02 21:20:40,17,0.014014,0.040719,13374
2026-06-02 21:20:40,17,0.013924,0.038724,13374
2026-06-02 21:20:40,17,0.013920,0.038494,13374
2026-06-02 21:20:40,17,0.014037,0.040451,13374
2026-06-02 21:20:40,17,0.014016,0.101273,13374
2026-06-02 21:20:40,17,0.014023,0.039663,13374
2026-06-02 21:20:40,17,0.013949,0.038321,13374
2026-06-02 21:20:40,17,0.014024,0.040754,13374
2026-06-02 21:20:40,17,0.014074,0.040545,13374
2026-06-02 21:20:40,17,0.013939,0.099173,13374
2026-06-02 21:20:40,17,0.013828,0.038535,13374
2026-06-02 21:20:40,17,0.014496,0.041266,13374
2026-06-02 21:20:40,17,0.013946,0.041008,13374
2026-06-02 21:20:40,17,0.014021,0.040531,13374
2026-06-02 21:20:40,17,0.013859,0.098437,13374
2026-06-02 21:20:40,17,0.014086,0.038712,13374
2026-06-02 21:20:40,17,0.014007,0.041013,13374
2026-06-02 21:20:40,17,0.014051,0.040304,13374
2026-06-02 21:20:40,17,0.014031,0.039244,13374
2026-06-02 21:20:40,17,0.013842,0.095544,13374
2026-06-02 21:20:40,17,0.013963,0.040815,13374
2026-06-02 21:20:40,17,0.013975,0.040982,13374
2026-06-02 21:20:40,17,0.013975,0.039238,13374
2026-06-02 21:20:40,17,0.013784,0.038390,13374
2026-06-02 21:20:40,17,0.013966,0.097214,13374
2026-06-02 21:20:40,17,0.013903,0.041962,13374
2026-06-02 21:20:40,17,0.013990,0.040525,13374
2026-06-02 21:20:40,17,0.013905,0.038726,13374
2026-06-02 21:20:40,17,0.013881,0.041239,13374
2026-06-02 21:20:40,17,0.013956,0.096108,13374
2026-06-02 21:20:40,17,0.013865,0.040278,13374
2026-06-02 21:20:40,17,0.013936,0.038594,13374
2026-06-02 21:20:40,17,0.014030,0.038787,13374
2026-06-02 21:20:40,17,0.013973,0.041256,13374
2026-06-02 21:20:40,17,0.013991,0.094219,13374
2026-06-02 21:20:40,17,0.013990,0.039448,13374
2026-06-02 21:20:40,17,0.014923,0.038641,13374
2026-06-02 21:20:40,17,0.014047,0.041362,13374
2026-06-02 21:20:40,17,0.013941,0.041996,13374
2026-06-02 21:20:40,17,0.013959,0.092057,13374
2026-06-02 21:20:40,17,0.013901,0.039282,13374
2026-06-02 21:20:40,17,0.014071,0.041006,13374
2026-06-02 21:20:40,17,0.013977,0.041009,13374
2026-06-02 21:20:40,17,0.014027,0.039856,13374
2026-06-02 21:20:40,17,0.013830,0.090858,13374
2026-06-02 21:20:40,17,0.013858,0.038717,13374
2026-06-02 21:20:40,17,0.013928,0.040710,13374
2026-06-02 21:20:40,17,0.014099,0.040194,13374
2026-06-02 21:20:40,17,0.013867,0.039593,13374
2026-06-02 21:20:40,17,0.013909,0.088781,13374
2026-06-02 21:20:40,17,0.013863,0.041248,13374
2026-06-02 21:20:40,17,0.014231,0.040646,13374
2026-06-02 21:20:40,17,0.013869,0.039214,13374
2026-06-02 21:20:40,17,0.014089,0.038298,13374
2026-06-02 21:20:40,17,0.013912,0.089963,13374
2026-06-02 21:20:40,17,0.013832,0.041277,13374
2026-06-02 21:20:40,17,0.014024,0.039164,13374
2026-06-02 21:20:40,17,0.014034,0.039106,13374
2026-06-02 21:20:40,17,0.013860,0.040760,13374
2026-06-02 21:20:40,17,0.014717,0.089693,13374
2026-06-02 21:20:40,17,0.014005,0.039753,13374
2026-06-02 21:20:40,17,0.013981,0.039467,13374
2026-06-02 21:20:40,17,0.014040,0.038596,13374
2026-06-02 21:20:40,17,0.014013,0.103806,13374
2026-06-02 21:20:40,17,0.013899,0.040250,13374
2026-06-02 21:20:40,17,0.013887,0.038999,13374
2026-06-02 21:20:40,17,0.014097,0.038402,13374
2026-06-02 21:20:40,17,0.013993,0.040393,13374
2026-06-02 21:20:40,17,0.013842,0.102485,13374
2026-06-02 21:20:40,17,0.013890,0.039466,13374
2026-06-02 21:20:40,17,0.014039,0.038582,13374
2026-06-02 21:20:40,17,0.013885,0.041402,13374
2026-06-02 21:20:40,17,0.013984,0.041195,13374
2026-06-02 21:20:40,17,0.014041,0.099741,13374
2026-06-02 21:20:40,17,0.014211,0.039455,13374
2026-06-02 21:20:40,17,0.013971,0.038023,13374
2026-06-02 21:20:40,17,0.014191,0.041395,13374
2026-06-02 21:20:40,17,0.013948,0.039744,13374
2026-06-02 21:20:40,17,0.013870,0.098311,13374
2026-06-02 21:20:40,17,0.013844,0.038197,13374
2026-06-02 21:20:40,17,0.013918,0.040515,13374
2026-06-02 21:20:40,17,0.013970,0.040576,13374
2026-06-02 21:20:40,17,0.013821,0.039470,13374
2026-06-02 21:20:40,17,0.013795,0.096599,13374
2026-06-02 21:20:40,17,0.014057,0.041344,13374
2026-06-02 21:20:40,17,0.014003,0.040786,13374
2026-06-02 21:20:40,17,0.014012,0.039697,13374
2026-06-02 21:20:40,17,0.013999,0.038819,13374
2026-06-02 21:20:40,17,0.013937,0.096075,13374
2026-06-02 21:20:40,17,0.013962,0.040569,13374
2026-06-02 21:20:40,17,0.014250,0.040701,13374
2026-06-02 21:20:40,17,0.013944,0.039277,13374
2026-06-02 21:20:40,17,0.014008,0.038600,13374
2026-06-02 21:20:40,17,0.013962,0.096743,13374
2026-06-02 21:20:40,17,0.013935,0.040166,13374
2026-06-02 21:20:40,17,0.014069,0.039579,13374
2026-06-02 21:20:40,17,0.013904,0.039337,13374
2026-06-02 21:20:40,17,0.013888,0.040786,13374
2026-06-02 21:20:40,17,0.013874,0.095423,13374
2026-06-02 21:20:40,17,0.014119,0.040056,13374
2026-06-02 21:20:40,17,0.014022,0.038735,13374
2026-06-02 21:20:40,17,0.013936,0.042468,13374
2026-06-02 21:20:40,17,0.013782,0.040953,13374
2026-06-02 21:20:40,17,0.013911,0.092957,13374
2026-06-02 21:20:40,17,0.013985,0.038863,13374
2026-06-02 21:20:40,17,0.014041,0.038268,13374
2026-06-02 21:20:40,17,0.013942,0.040866,13374
2026-06-02 21:20:40,17,0.013826,0.039706,13374
2026-06-02 21:20:40,17,0.013852,0.090934,13374
2026-06-02 21:20:40,17,0.013882,0.038457,13374
2026-06-02 21:20:40,17,0.014013,0.041123,13374
2026-06-02 21:20:40,17,0.014019,0.040665,13374
2026-06-02 21:20:40,17,0.013811,0.039184,13374
2026-06-02 21:20:40,17,0.014309,0.089592,13374
2026-06-02 21:20:40,17,0.014237,0.041561,13374
2026-06-02 21:20:40,17,0.014058,0.040790,13374
2026-06-02 21:20:40,17,0.013981,0.039761,13374
2026-06-02 21:20:40,17,0.013951,0.038433,13374
2026-06-02 21:20:40,17,0.013843,0.088573,13374
2026-06-02 21:20:40,17,0.014122,0.041060,13374
2026-06-02 21:20:40,17,0.014038,0.040329,13374
2026-06-02 21:20:40,17,0.013854,0.039041,13374
2026-06-02 21:20:40,17,0.013829,0.038766,13374
2026-06-02 21:20:40,17,0.013971,0.089733,13374
2026-06-02 21:20:40,17,0.013894,0.040379,13374
2026-06-02 21:20:40,17,0.013994,0.039281,13374
2026-06-02 21:20:40,17,0.013962,0.038416,13374
2026-06-02 21:20:40,17,0.014068,0.105578,13374
2026-06-02 21:20:40,17,0.013823,0.040891,13374
2026-06-02 21:20:40,17,0.013966,0.039668,13374
2026-06-02 21:20:40,17,0.013906,0.038720,13374
2026-06-02 21:20:40,17,0.013897,0.040780,13374
2026-06-02 21:20:40,17,0.013968,0.103210,13374
2026-06-02 21:20:40,17,0.013980,0.039770,13374
2026-06-02 21:20:40,17,0.014095,0.038856,13374
2026-06-02 21:20:40,17,0.013801,0.038419,13374
2026-06-02 21:20:40,17,0.013901,0.040449,13374
2026-06-02 21:20:40,17,0.014085,0.101193,13374
2026-06-02 21:20:40,17,0.013923,0.039456,13374
2026-06-02 21:20:40,17,0.014316,0.038919,13374
2026-06-02 21:20:40,17,0.013837,0.040753,13374
2026-06-02 21:20:40,17,0.013912,0.040161,13374
2026-06-02 21:20:40,17,0.014062,0.099214,13374
2026-06-02 21:20:40,17,0.014046,0.038578,13374
2026-06-02 21:20:40,17,0.014026,0.041092,13374
2026-06-02 21:20:40,17,0.013900,0.040916,13374
2026-06-02 21:20:40,17,0.014052,0.040464,13374
2026-06-02 21:20:40,17,0.014359,0.097449,13374
2026-06-02 21:20:40,17,0.014476,0.039335,13374
2026-06-02 21:20:40,17,0.013985,0.040673,13374
2026-06-02 21:20:40,17,0.013859,0.040013,13374
2026-06-02 21:20:40,17,0.014117,0.038996,13374
2026-06-02 21:20:40,17,0.014566,0.096724,13374
2026-06-02 21:20:40,17,0.013818,0.042937,13374
2026-06-02 21:20:40,17,0.013859,0.040621,13374
2026-06-02 21:20:40,17,0.013967,0.039273,13374
2026-06-02 21:20:40,17,0.014043,0.038530,13374
2026-06-02 21:20:40,17,0.014076,0.097428,13374
2026-06-02 21:20:40,17,0.013868,0.041117,13374
2026-06-02 21:20:40,17,0.014118,0.040399,13374
2026-06-02 21:20:40,17,0.013954,0.038639,13374
2026-06-02 21:20:40,17,0.013949,0.040793,13374
2026-06-02 21:20:40,17,0.013828,0.096822,13374
2026-06-02 21:20:40,17,0.013995,0.039858,13374
2026-06-02 21:20:40,17,0.014015,0.039969,13374
2026-06-02 21:20:40,17,0.013989,0.038219,13374
2026-06-02 21:20:40,17,0.013783,0.040219,13374
2026-06-02 21:20:40,17,0.014004,0.093992,13374
2026-06-02 21:20:40,17,0.013938,0.039200,13374
2026-06-02 21:20:40,17,0.014009,0.038490,13374
2026-06-02 21:20:40,17,0.013987,0.040818,13374
2026-06-02 21:20:40,17,0.013857,0.040576,13374
2026-06-02 21:20:40,17,0.013860,0.092163,13374
2026-06-02 21:20:40,17,0.013949,0.038760,13374
2026-06-02 21:20:40,17,0.014011,0.041288,13374
2026-06-02 21:20:40,17,0.013901,0.041304,13374
2026-06-02 21:20:40,17,0.013900,0.039679,13374
2026-06-02 21:20:40,17,0.013907,0.091882,13374
2026-06-02 21:20:40,17,0.013886,0.038277,13374
2026-06-02 21:20:40,17,0.013908,0.041086,13374
2026-06-02 21:20:40,17,0.013948,0.040070,13374
2026-06-02 21:20:40,17,0.014125,0.039152,13374
2026-06-02 21:20:40,17,0.013966,0.089164,13374
2026-06-02 21:20:40,17,0.014000,0.041165,13374
2026-06-02 21:20:40,17,0.014094,0.040681,13374
2026-06-02 21:20:40,17,0.013921,0.039282,13374
2026-06-02 21:20:40,17,0.014714,0.039644,13374
2026-06-02 21:20:40,17,0.013972,0.090113,13374
2026-06-02 21:20:40,17,0.013953,0.041170,13374
2026-06-02 21:20:40,17,0.014072,0.039448,13374
2026-06-02 21:20:40,17,0.013984,0.039329,13374
2026-06-02 21:20:40,17,0.014028,0.041311,13374
2026-06-02 21:20:40,17,0.014042,0.089558,13374
2026-06-02 21:20:40,17,0.013917,0.040183,13374
2026-06-02 21:20:40,17,0.014035,0.039012,13374
2026-06-02 21:20:40,17,0.013928,0.038743,13374
2026-06-02 21:20:40,17,0.013987,0.103776,13374
2026-06-02 21:20:40,17,0.013995,0.040313,13374
2026-06-02 21:20:40,17,0.014070,0.039553,13374
2026-06-02 21:20:40,17,0.013989,0.038366,13374
2026-06-02 21:20:40,17,0.013864,0.040768,13374
2026-06-02 21:20:40,17,0.014500,0.102643,13374
2026-06-02 21:20:40,17,0.014542,0.039997,13374
2026-06-02 21:20:40,17,0.014060,0.038854,13374
2026-06-02 21:20:40,17,0.014007,0.040875,13374
2026-06-02 21:20:40,17,0.013892,0.041038,13374
2026-06-02 21:20:40,17,0.013943,0.100568,13374
2026-06-02 21:20:40,17,0.014036,0.039107,13374
2026-06-02 21:20:40,17,0.014012,0.038722,13374
2026-06-02 21:20:40,17,0.014098,0.040825,13374
2026-06-02 21:20:40,17,0.013927,0.040163,13374
2026-06-02 21:20:40,17,0.013968,0.098948,13374
2026-06-02 21:20:40,17,0.014559,0.039342,13374
2026-06-02 21:20:40,17,0.013921,0.041004,13374
2026-06-02 21:20:40,17,0.014495,0.040682,13374
2026-06-02 21:20:40,17,0.014311,0.039997,13374
2026-06-02 21:20:40,17,0.014020,0.097235,13374
2026-06-02 21:20:40,17,0.014025,0.042205,13374
2026-06-02 21:20:40,17,0.014234,0.041403,13374
2026-06-02 21:20:40,17,0.014053,0.039546,13374
2026-06-02 21:20:40,17,0.014222,0.039060,13374
2026-06-02 21:20:40,17,0.013917,0.095819,13374
2026-06-02 21:20:40,17,0.014110,0.041497,13374
2026-06-02 21:20:40,17,0.013981,0.041108,13374
2026-06-02 21:20:40,17,0.014464,0.039865,13374
2026-06-02 21:20:40,17,0.013971,0.038444,13374
2026-06-02 21:20:40,17,0.013832,0.096644,13374
2026-06-02 21:20:40,17,0.014556,0.040988,13374
2026-06-02 21:20:40,17,0.013914,0.039023,13374
2026-06-02 21:20:40,17,0.013885,0.038580,13374
2026-06-02 21:20:40,17,0.014032,0.040933,13374
2026-06-02 21:20:40,17,0.014046,0.095211,13374
2026-06-02 21:20:40,17,0.013919,0.039566,13374
2026-06-02 21:20:40,17,0.013924,0.038925,13374
2026-06-02 21:20:40,17,0.014011,0.040872,13374
2026-06-02 21:20:40,17,0.013865,0.041200,13374
2026-06-02 21:20:40,17,0.013924,0.092998,13374
2026-06-02 21:20:40,17,0.014011,0.038766,13374
2026-06-02 21:20:40,17,0.013928,0.038533,13374
2026-06-02 21:20:40,17,0.014055,0.040432,13374
2026-06-02 21:20:40,17,0.013998,0.040863,13374
2026-06-02 21:20:40,17,0.014637,0.091538,13374
2026-06-02 21:20:40,17,0.013867,0.038403,13374
2026-06-02 21:20:40,17,0.013881,0.040954,13374
2026-06-02 21:20:40,17,0.013961,0.040355,13374
2026-06-02 21:20:40,17,0.013871,0.039629,13374
2026-06-02 21:20:40,17,0.013976,0.089741,13374
2026-06-02 21:20:40,17,0.013988,0.040752,13374
2026-06-02 21:20:40,17,0.014054,0.041074,13374
2026-06-02 21:20:40,17,0.013946,0.042939,13374
2026-06-02 21:20:40,17,0.014117,0.038821,13374
2026-06-02 21:20:40,17,0.013914,0.088612,13374
2026-06-02 21:20:40,17,0.013982,0.041573,13374
2026-06-02 21:20:40,17,0.013961,0.039867,13374
2026-06-02 21:20:40,17,0.014010,0.038780,13374
2026-06-02 21:20:40,17,0.013991,0.038471,13374
2026-06-02 21:20:40,17,0.014022,0.090647,13374
2026-06-02 21:20:40,17,0.013917,0.040574,13374
2026-06-02 21:20:40,17,0.014003,0.039383,13374
2026-06-02 21:20:40,17,0.013927,0.038538,13374
2026-06-02 21:20:40,17,0.013812,0.105112,13374
2026-06-02 21:20:40,17,0.013995,0.041340,13374
2026-06-02 21:20:40,17,0.013943,0.039801,13374
2026-06-02 21:20:40,17,0.013958,0.038793,13374
2026-06-02 21:20:40,17,0.014161,0.041499,13374
2026-06-02 21:20:40,17,0.013909,0.105137,13374
2026-06-02 21:20:40,17,0.013791,0.039825,13374
2026-06-02 21:20:40,17,0.013895,0.038986,13374
2026-06-02 21:20:40,17,0.014133,0.038287,13374
2026-06-02 21:20:40,17,0.013848,0.040792,13374
2026-06-02 21:20:40,17,0.013846,0.101556,13374
2026-06-02 21:20:40,17,0.013938,0.039449,13374
2026-06-02 21:20:40,17,0.014109,0.039846,13374
2026-06-02 21:20:40,17,0.014385,0.040869,13374
2026-06-02 21:20:40,17,0.013918,0.040806,13374
2026-06-02 21:20:40,17,0.013853,0.099398,13374
2026-06-02 21:20:40,17,0.013937,0.038690,13374
2026-06-02 21:20:40,17,0.014316,0.042487,13374
2026-06-02 21:20:40,17,0.013973,0.041136,13374
2026-06-02 21:20:40,17,0.013919,0.039099,13374
2026-06-02 21:20:40,17,0.013950,0.097378,13374
2026-06-02 21:20:40,17,0.014249,0.038659,13374
2026-06-02 21:20:40,17,0.014041,0.040671,13374
2026-06-02 21:20:40,17,0.014032,0.040071,13374
2026-06-02 21:20:40,17,0.013938,0.039318,13374
2026-06-02 21:20:40,17,0.013785,0.097069,13374
2026-06-02 21:20:40,17,0.013967,0.040895,13374
2026-06-02 21:20:40,17,0.014049,0.040427,13374
2026-06-02 21:20:40,17,0.014121,0.039085,13374
2026-06-02 21:20:40,17,0.013904,0.038311,13374
2026-06-02 21:20:40,17,0.013941,0.097849,13374
2026-06-02 21:20:40,17,0.013930,0.041060,13374
2026-06-02 21:20:40,17,0.013999,0.039496,13374
2026-06-02 21:20:40,18,0.027792,5.345511,937755
2026-06-02 21:20:40,18,0.025441,4.691452,937755
2026-06-02 21:20:40,18,0.025444,5.486716,937755
2026-06-02 21:20:40,18,0.025200,4.605841,937755
2026-06-02 21:20:40,18,0.025220,5.193824,937755
2026-06-02 21:20:40,18,0.025090,5.164650,937755
2026-06-02 21:20:40,18,0.025425,4.884579,937755
2026-06-02 21:20:40,18,0.025260,5.036191,937755
2026-06-02 21:20:40,18,0.025277,5.008078,937755
2026-06-02 21:20:40,18,0.026430,5.015924,937755
2026-06-02 21:20:40,18,0.025166,4.939019,937755
2026-06-02 21:20:40,18,0.025306,5.311752,937755
2026-06-02 21:20:40,18,0.026470,4.949003,937755
2026-06-02 21:20:40,18,0.025929,4.637202,937755
2026-06-02 21:20:40,18,0.025264,5.125251,937755
2026-06-02 21:20:40,18,0.025319,4.744524,937755
2026-06-02 21:20:40,18,0.025216,5.077877,937755
2026-06-02 21:20:40,18,0.025407,5.191680,937755
2026-06-02 21:20:40,18,0.025264,5.134497,937755
2026-06-02 21:20:40,18,0.026293,4.861261,937755
2026-06-02 21:20:40,18,0.025432,5.096620,937755
2026-06-02 21:20:40,18,0.026408,5.056305,937755
2026-06-02 21:20:40,18,0.026381,5.041098,937755
2026-06-02 21:20:40,18,0.026313,4.951370,937755
2026-06-02 21:20:40,18,0.025390,5.397731,937755
2026-06-02 21:20:40,18,0.025220,4.510969,937755
2026-06-02 21:20:40,18,0.025262,5.482273,937755
2026-06-02 21:20:40,18,0.024989,4.609541,937755
2026-06-02 21:20:40,18,0.025020,5.243799,937755
2026-06-02 21:20:40,18,0.026992,4.692920,937755
2026-06-02 21:20:40,18,0.025313,5.316184,937755
2026-06-02 21:20:40,18,0.027552,4.709458,937755
2026-06-02 21:20:40,18,0.025154,5.389208,937755
2026-06-02 21:20:40,18,0.025523,4.934128,937755
2026-06-02 21:20:40,18,0.025376,5.179466,937755
2026-06-02 21:20:40,18,0.025175,4.917576,937755
2026-06-02 21:20:40,18,0.025326,5.298197,937755
2026-06-02 21:20:40,18,0.025311,4.895768,937755
2026-06-02 21:20:40,18,0.026040,5.024274,937755
2026-06-02 21:20:40,18,0.025088,5.040881,937755
2026-06-02 21:20:40,18,0.025301,5.026763,937755
2026-06-02 21:20:40,18,0.026321,4.952431,937755
2026-06-02 21:20:40,18,0.025335,5.307813,937755
2026-06-02 21:20:40,18,0.025152,4.929756,937755
2026-06-02 21:20:40,18,0.026315,4.613772,937755
2026-06-02 21:20:40,18,0.026474,5.145294,937755
2026-06-02 21:20:40,18,0.026381,4.733327,937755
2026-06-02 21:20:40,18,0.025254,5.063327,937755
2026-06-02 21:20:40,18,0.025284,5.185734,937755
2026-06-02 21:20:40,18,0.025432,5.165100,937755
2026-06-02 21:20:40,18,0.025207,4.869353,937755
2026-06-02 21:20:40,18,0.025235,5.019599,937755
2026-06-02 21:20:40,18,0.025350,5.006304,937755
2026-06-02 21:20:40,18,0.025179,5.076511,937755
2026-06-02 21:20:40,18,0.025016,4.930211,937755
2026-06-02 21:20:40,18,0.025110,5.362279,937755
2026-06-02 21:20:40,18,0.025021,4.478356,937755
2026-06-02 21:20:40,18,0.025240,5.460633,937755
2026-06-02 21:20:40,18,0.025187,4.571766,937755
2026-06-02 21:20:40,18,0.025625,5.235475,937755
2026-06-02 21:20:40,18,0.025109,4.628791,937755
2026-06-02 21:20:40,18,0.025197,5.280993,937755
2026-06-02 21:20:40,18,0.025171,4.647632,937755
2026-06-02 21:20:40,18,0.026402,5.358133,937755
2026-06-02 21:20:40,18,0.025105,4.898724,937755
2026-06-02 21:20:40,18,0.025016,5.134138,937755
2026-06-02 21:20:40,18,0.025242,4.885614,937755
2026-06-02 21:20:40,18,0.025053,5.132825,937755
2026-06-02 21:20:40,18,0.026491,4.854066,937755
2026-06-02 21:20:40,18,0.025494,4.997131,937755
2026-06-02 21:20:40,18,0.026464,4.992581,937755
2026-06-02 21:20:40,18,0.025117,4.983679,937755
2026-06-02 21:20:40,18,0.025196,4.901218,937755
2026-06-02 21:20:40,18,0.025226,5.272454,937755
2026-06-02 21:20:40,18,0.025335,4.900852,937755
2026-06-02 21:20:40,18,0.026264,4.564334,937755
2026-06-02 21:20:40,18,0.025301,5.084011,937755
2026-06-02 21:20:40,18,0.025261,4.801669,937755
2026-06-02 21:20:40,18,0.025543,5.025071,937755
2026-06-02 21:20:40,18,0.025138,5.141327,937755
2026-06-02 21:20:40,18,0.025333,5.129127,937755
2026-06-02 21:20:40,18,0.025069,4.822127,937755
2026-06-02 21:20:40,18,0.025298,4.974426,937755
2026-06-02 21:20:40,18,0.025431,4.971137,937755
2026-06-02 21:20:40,18,0.025335,4.965800,937755
2026-06-02 21:20:40,18,0.025078,4.883248,937755
2026-06-02 21:20:40,18,0.025176,5.314833,937755
2026-06-02 21:20:40,18,0.025048,4.438883,937755
2026-06-02 21:20:40,18,0.025467,5.424826,937755
2026-06-02 21:20:40,18,0.025052,4.538116,937755
2026-06-02 21:20:40,18,0.025374,5.171672,937755
2026-06-02 21:20:40,18,0.025130,4.585065,937755
2026-06-02 21:20:40,18,0.025225,5.249120,937755
2026-06-02 21:20:40,18,0.025142,4.591387,937755
2026-06-02 21:20:40,18,0.025486,5.429190,937755
2026-06-02 21:20:40,18,0.028348,5.122027,937755
2026-06-02 21:20:40,18,0.027155,5.398397,937755
2026-06-02 21:20:40,18,0.025524,5.784829,937755
2026-06-02 21:20:40,18,0.026685,7.240230,937755
2026-06-02 21:20:40,18,0.026754,4.987984,937755
2026-06-02 21:20:40,18,0.026399,5.100951,937755
2026-06-02 21:20:40,18,0.026962,5.124611,937755
2026-06-02 21:20:40,18,0.025290,5.254573,937755
2026-06-02 21:20:40,18,0.025298,4.891449,937755
2026-06-02 21:20:40,18,0.025360,5.266305,937755
2026-06-02 21:20:40,18,0.026293,4.866520,937755
2026-06-02 21:20:40,18,0.025206,4.535005,937755
2026-06-02 21:20:40,18,0.025171,5.070077,937755
2026-06-02 21:20:40,18,0.025076,4.682170,937755
2026-06-02 21:20:40,18,0.025209,5.019708,937755
2026-06-02 21:20:40,18,0.025295,5.133065,937755
2026-06-02 21:20:40,18,0.025111,5.114282,937755
2026-06-02 21:20:40,18,0.025397,4.811244,937755
2026-06-02 21:20:40,18,0.025265,4.987102,937755
2026-06-02 21:20:40,18,0.025942,4.955955,937755
2026-06-02 21:20:40,18,0.026414,4.946064,937755
2026-06-02 21:20:40,18,0.025072,4.875254,937755
2026-06-02 21:20:40,18,0.025070,5.310587,937755
2026-06-02 21:20:40,18,0.025237,4.428375,937755
2026-06-02 21:20:40,18,0.025256,5.420978,937755
2026-06-02 21:20:40,18,0.025306,4.515443,937755
2026-06-02 21:20:40,18,0.025095,5.164861,937755
2026-06-02 21:20:40,18,0.025124,4.567129,937755
2026-06-02 21:20:40,18,0.025221,5.306037,937755
2026-06-02 21:20:40,18,0.024976,4.571830,937755
2026-06-02 21:20:40,18,0.025117,5.323411,937755
2026-06-02 21:20:40,18,0.025133,4.827297,937755
2026-06-02 21:20:40,18,0.026386,5.294851,937755
2026-06-02 21:20:40,18,0.034447,5.660065,937755
2026-06-02 21:20:40,18,0.027118,5.556543,937755
2026-06-02 21:20:40,18,0.025156,4.839004,937755
2026-06-02 21:20:40,18,0.025283,5.007311,937755
2026-06-02 21:20:40,18,0.026694,4.994833,937755
2026-06-02 21:20:40,18,0.026248,4.991887,937755
2026-06-02 21:20:40,18,0.026184,4.925824,937755
2026-06-02 21:20:40,18,0.025420,5.284212,937755
2026-06-02 21:20:40,18,0.025461,4.893463,937755
2026-06-02 21:20:40,18,0.025075,4.577230,937755
2026-06-02 21:20:40,18,0.026165,5.107473,937755
2026-06-02 21:20:40,18,0.025467,4.702050,937755
2026-06-02 21:20:40,18,0.026760,5.051992,937755
2026-06-02 21:20:40,18,0.025168,5.153129,937755
2026-06-02 21:20:40,18,0.026440,5.129357,937755
2026-06-02 21:20:40,18,0.025575,4.881719,937755
2026-06-02 21:20:40,18,0.027106,4.992060,937755
2026-06-02 21:20:40,18,0.025528,4.989528,937755
2026-06-02 21:20:40,18,0.025205,4.979930,937755
2026-06-02 21:20:40,18,0.026231,4.927738,937755
2026-06-02 21:20:40,18,0.025270,5.335024,937755
2026-06-02 21:20:40,18,0.025224,4.447895,937755
2026-06-02 21:20:40,18,0.025299,5.452827,937755
2026-06-02 21:20:40,18,0.025301,4.537044,937755
2026-06-02 21:20:40,18,0.025224,5.259483,937755
2026-06-02 21:20:40,18,0.025217,4.590609,937755
2026-06-02 21:20:40,18,0.025364,5.271170,937755
2026-06-02 21:20:40,18,0.025325,4.612491,937755
2026-06-02 21:20:40,18,0.025324,5.352848,937755
2026-06-02 21:20:40,18,0.025336,4.872282,937755
2026-06-02 21:20:40,18,0.026313,5.124943,937755
2026-06-02 21:20:40,18,0.026236,4.867584,937755
2026-06-02 21:20:40,18,0.026191,5.143898,937755
2026-06-02 21:20:40,18,0.025785,4.828976,937755
2026-06-02 21:20:40,18,0.025691,4.977735,937755
2026-06-02 21:20:40,18,0.026755,4.988966,937755
2026-06-02 21:20:40,18,0.026414,4.968189,937755
2026-06-02 21:20:40,18,0.025206,4.890939,937755
2026-06-02 21:20:40,18,0.027066,5.289850,937755
2026-06-02 21:20:40,18,0.027078,4.892770,937755
2026-06-02 21:20:40,18,0.025254,4.559632,937755
2026-06-02 21:20:40,18,0.026646,5.106488,937755
2026-06-02 21:20:40,18,0.025430,4.698585,937755
2026-06-02 21:20:40,18,0.025303,5.049891,937755
2026-06-02 21:20:40,18,0.026385,5.182376,937755
2026-06-02 21:20:40,18,0.026802,5.132567,937755
2026-06-02 21:20:40,18,0.025723,4.828973,937755
2026-06-02 21:20:40,18,0.026643,4.975710,937755
2026-06-02 21:20:40,18,0.025589,4.979323,937755
2026-06-02 21:20:40,18,0.026022,4.970338,937755
2026-06-02 21:20:40,18,0.026649,4.895434,937755
2026-06-02 21:20:40,18,0.026250,5.341539,937755
2026-06-02 21:20:40,18,0.025916,4.423374,937755
2026-06-02 21:20:40,18,0.026931,5.466552,937755
2026-06-02 21:20:40,18,0.027893,4.559019,937755
2026-06-02 21:20:40,18,0.025203,5.184542,937755
2026-06-02 21:20:40,18,0.025798,4.577999,937755
2026-06-02 21:20:40,18,0.025301,5.271716,937755
2026-06-02 21:20:40,18,0.025480,4.610961,937755
2026-06-02 21:20:40,18,0.026681,5.364361,937755
2026-06-02 21:20:40,18,0.025449,4.866420,937755
2026-06-02 21:20:40,18,0.026438,5.123275,937755
2026-06-02 21:20:40,18,0.025579,4.868976,937755
2026-06-02 21:20:40,18,0.026551,5.103118,937755
2026-06-02 21:20:40,18,0.025166,4.813273,937755
2026-06-02 21:20:40,18,0.026515,4.964920,937755
2026-06-02 21:20:40,18,0.025202,4.967548,937755
2026-06-02 21:20:40,18,0.025199,4.958808,937755
2026-06-02 21:20:40,18,0.025003,4.934008,937755
2026-06-02 21:20:40,18,0.025484,5.266165,937755
2026-06-02 21:20:40,18,0.026508,4.945013,937755
2026-06-02 21:20:40,18,0.025713,4.531918,937755
2026-06-02 21:20:40,18,0.026572,5.069170,937755
2026-06-02 21:20:40,18,0.025162,4.676305,937755
2026-06-02 21:20:40,18,0.026167,5.019501,937755
2026-06-02 21:20:40,18,0.025464,5.114572,937755
2026-06-02 21:20:40,18,0.025094,5.099855,937755
2026-06-02 21:20:40,18,0.026289,4.786831,937755
2026-06-02 21:20:40,18,0.025100,4.975195,937755
2026-06-02 21:20:40,18,0.026817,4.971830,937755
2026-06-02 21:20:40,18,0.025364,4.961629,937755
2026-06-02 21:20:40,18,0.026559,4.914047,937755
2026-06-02 21:20:40,18,0.025704,5.324751,937755
2026-06-02 21:20:40,18,0.025294,4.402677,937755
2026-06-02 21:20:40,18,0.025137,5.437017,937755
2026-06-02 21:20:40,18,0.026222,4.560207,937755
2026-06-02 21:20:40,18,0.025864,5.279559,937755
2026-06-02 21:20:40,18,0.025532,4.715320,937755
2026-06-02 21:20:40,18,0.027056,5.342037,937755
2026-06-02 21:20:40,18,0.026999,4.637171,937755
2026-06-02 21:20:40,18,0.026205,5.450503,937755
2026-06-02 21:20:40,18,0.026705,4.895519,937755
2026-06-02 21:20:40,18,0.025441,5.225529,937755
2026-06-02 21:20:40,18,0.028031,4.913176,937755
2026-06-02 21:20:40,18,0.027688,5.168462,937755
2026-06-02 21:20:40,18,0.026138,4.819442,937755
2026-06-02 21:20:40,18,0.025774,4.971255,937755
2026-06-02 21:20:40,18,0.025443,4.958787,937755
2026-06-02 21:20:40,18,0.025337,4.947037,937755
2026-06-02 21:20:40,18,0.026117,4.877882,937755
2026-06-02 21:20:40,18,0.025216,5.240489,937755
2026-06-02 21:20:40,18,0.027093,4.832260,937755
2026-06-02 21:20:40,18,0.025453,4.518496,937755
2026-06-02 21:20:40,18,0.026953,5.065857,937755
2026-06-02 21:20:40,18,0.026215,4.640734,937755
2026-06-02 21:20:40,18,0.025255,5.003160,937755
2026-06-02 21:20:40,18,0.025656,5.115171,937755
2026-06-02 21:20:40,18,0.027828,5.092221,937755
2026-06-02 21:20:40,18,0.026271,4.784629,937755
2026-06-02 21:20:40,18,0.025753,4.942731,937755
2026-06-02 21:20:40,18,0.026140,4.944603,937755
2026-06-02 21:20:40,18,0.026258,4.933561,937755
2026-06-02 21:20:40,18,0.025134,4.868350,937755
2026-06-02 21:20:40,18,0.025105,5.339826,937755
2026-06-02 21:20:40,18,0.025253,4.371581,937755
2026-06-02 21:20:40,18,0.025435,5.507786,937755
2026-06-02 21:20:40,18,0.025249,4.488006,937755
2026-06-02 21:20:40,18,0.025940,5.194846,937755
2026-06-02 21:20:40,18,0.027031,4.526389,937755
2026-06-02 21:20:40,18,0.025542,5.223439,937755
2026-06-02 21:20:40,18,0.026953,4.540399,937755
2026-06-02 21:20:40,18,0.026541,5.324586,937755
2026-06-02 21:20:40,18,0.025205,4.816086,937755
2026-06-02 21:20:40,18,0.025373,5.081744,937755
2026-06-02 21:20:40,18,0.025114,4.821058,937755
2026-06-02 21:20:40,18,0.025660,5.092785,937755
2026-06-02 21:20:40,18,0.025361,4.787473,937755
2026-06-02 21:20:40,18,0.025264,4.932030,937755
2026-06-02 21:20:40,18,0.025441,4.918454,937755
2026-06-02 21:20:40,18,0.025186,4.942080,937755
2026-06-02 21:20:40,18,0.026135,4.839674,937755
2026-06-02 21:20:40,18,0.026923,5.230174,937755
2026-06-02 21:20:40,18,0.025213,4.838100,937755
2026-06-02 21:20:40,18,0.025382,4.491034,937755
2026-06-02 21:20:40,18,0.025090,5.033113,937755
2026-06-02 21:20:40,18,0.026871,4.633319,937755
2026-06-02 21:20:40,18,0.026089,4.983041,937755
2026-06-02 21:20:40,18,0.025484,5.111221,937755
2026-06-02 21:20:40,18,0.025459,5.052557,937755
2026-06-02 21:20:40,18,0.027469,4.748133,937755
2026-06-02 21:20:40,18,0.025162,4.926190,937755
2026-06-02 21:20:40,18,0.025694,4.918624,937755
2026-06-02 21:20:40,18,0.025584,4.930488,937755
2026-06-02 21:20:40,18,0.025292,4.909562,937755
2026-06-02 21:20:40,18,0.027105,5.298419,937755
2026-06-02 21:20:40,18,0.026611,4.338017,937755
2026-06-02 21:20:40,18,0.025192,5.410875,937755
2026-06-02 21:20:40,18,0.025111,4.455892,937755
2026-06-02 21:20:40,18,0.025295,5.143337,937755
2026-06-02 21:20:40,18,0.025753,4.501897,937755
2026-06-02 21:20:40,18,0.025299,5.219863,937755
2026-06-02 21:20:40,18,0.026564,4.523774,937755
2026-06-02 21:20:40,18,0.025070,5.325579,937755
2026-06-02 21:20:40,18,0.025109,4.796290,937755
2026-06-02 21:20:40,18,0.025273,5.072996,937755
2026-06-02 21:20:40,18,0.025404,4.789367,937755
2026-06-02 21:20:40,18,0.025423,5.057390,937755
2026-06-02 21:20:40,18,0.025350,4.762372,937755
2026-06-02 21:20:40,18,0.025060,4.933536,937755
2026-06-02 21:20:40,18,0.025519,4.925131,937755
2026-06-02 21:20:40,18,0.025291,4.943598,937755
2026-06-02 21:20:40,18,0.025294,4.852993,937755
2026-06-02 21:20:40,18,0.025210,5.247208,937755
2026-06-02 21:20:40,18,0.025552,4.826459,937755
2026-06-02 21:20:40,18,0.027149,4.482272,937755
2026-06-02 21:20:40,18,0.026553,5.058769,937755
2026-06-02 21:20:40,18,0.025614,4.634449,937755
2026-06-02 21:20:40,18,0.025395,4.991723,937755
2026-06-02 21:20:40,18,0.025413,5.186714,937755
2026-06-02 21:20:40,18,0.025330,5.087631,937755
2026-06-02 21:20:40,18,0.026646,4.794052,937755
2026-06-02 21:20:40,18,0.025242,4.947270,937755
2026-06-02 21:20:40,18,0.025208,4.947117,937755
2026-06-02 21:20:40,18,0.025695,4.938165,937755
2026-06-02 21:20:40,18,0.026094,4.865347,937755
2026-06-02 21:20:40,18,0.026989,5.320869,937755
2026-06-02 21:20:40,18,0.025241,4.378155,937755
2026-06-02 21:20:40,18,0.025286,5.460684,937755
2026-06-02 21:20:40,18,0.026289,4.451108,937755
2026-06-02 21:20:40,18,0.025106,5.177266,937755
2026-06-02 21:20:40,18,0.026910,4.557153,937755
2026-06-02 21:20:40,18,0.026680,5.259146,937755
2026-06-02 21:20:40,18,0.026643,4.548767,937755
2026-06-02 21:20:40,18,0.026234,5.339391,937755
2026-06-02 21:20:40,18,0.025297,4.827132,937755
2026-06-02 21:20:40,18,0.025134,5.097996,937755
2026-06-02 21:20:40,18,0.025232,4.833130,937755
2026-06-02 21:20:40,18,0.025231,5.088424,937755
2026-06-02 21:20:40,18,0.025513,4.773496,937755
2026-06-02 21:20:40,18,0.025336,4.947769,937755
2026-06-02 21:20:40,18,0.025258,4.959240,937755
2026-06-02 21:20:40,18,0.026011,4.945883,937755
2026-06-02 21:20:40,18,0.025355,4.946641,937755
2026-06-02 21:20:40,18,0.025834,5.272955,937755
2026-06-02 21:20:40,18,0.025259,4.845733,937755
2026-06-02 21:20:40,18,0.027845,4.520575,937755
2026-06-02 21:20:40,18,0.025182,5.080127,937755
2026-06-02 21:20:40,18,0.025405,4.654289,937755
2026-06-02 21:20:40,18,0.026177,5.013441,937755
2026-06-02 21:20:40,18,0.025783,5.134023,937755
2026-06-02 21:20:40,18,0.025295,5.105910,937755
2026-06-02 21:20:40,18,0.026036,4.809152,937755
2026-06-02 21:20:40,18,0.025836,4.964611,937755
2026-06-02 21:20:40,18,0.025098,4.961066,937755
2026-06-02 21:20:40,18,0.025379,4.963846,937755
2026-06-02 21:20:40,18,0.025429,4.883486,937755
2026-06-02 21:20:40,18,0.025436,5.334085,937755
2026-06-02 21:20:40,18,0.026247,4.370825,937755
2026-06-02 21:20:40,18,0.025213,5.454762,937755
2026-06-02 21:20:40,18,0.025187,4.461999,937755
2026-06-02 21:20:40,18,0.025085,5.210740,937755
2026-06-02 21:20:40,18,0.025245,4.539124,937755
2026-06-02 21:20:40,18,0.025368,5.279219,937755
2026-06-02 21:20:40,18,0.025652,4.562443,937755
2026-06-02 21:20:40,18,0.025274,5.359857,937755
2026-06-02 21:20:40,18,0.025923,4.843933,937755
2026-06-02 21:20:40,18,0.026787,5.113291,937755
2026-06-02 21:20:40,18,0.025130,4.892360,937755
2026-06-02 21:20:40,18,0.027810,5.165473,937755
2026-06-02 21:20:40,18,0.025365,4.812142,937755
2026-06-02 21:20:40,18,0.025277,4.985697,937755
2026-06-02 21:20:40,18,0.025174,4.972073,937755
2026-06-02 21:20:40,18,0.025757,4.967190,937755
2026-06-02 21:20:40,18,0.025476,4.900351,937755
2026-06-02 21:20:40,18,0.025180,5.287432,937755
2026-06-02 21:20:40,18,0.024959,4.856849,937755
2026-06-02 21:20:40,18,0.025393,4.538480,937755
2026-06-02 21:20:40,18,0.025534,5.091182,937755
2026-06-02 21:20:40,18,0.025606,4.690911,937755
2026-06-02 21:20:40,18,0.025348,5.040769,937755
2026-06-02 21:20:40,18,0.026995,5.157667,937755
2026-06-02 21:20:40,18,0.025427,5.208673,937755
2026-06-02 21:20:40,18,0.027080,4.912064,937755
2026-06-02 21:20:40,18,0.026741,5.032591,937755
2026-06-02 21:20:40,18,0.025577,4.980521,937755
2026-06-02 21:20:40,18,0.025405,4.977600,937755
2026-06-02 21:20:40,18,0.026104,4.901935,937755
2026-06-02 21:20:40,18,0.026844,5.349229,937755
2026-06-02 21:20:40,18,0.025421,4.395343,937755
2026-06-02 21:20:40,18,0.025340,5.492339,937755
2026-06-02 21:20:40,18,0.025212,4.499068,937755
2026-06-02 21:20:40,18,0.027212,5.228666,937755
2026-06-02 21:20:40,18,0.025233,4.656334,937755
2026-06-02 21:20:40,18,0.027288,5.353546,937755
2026-06-02 21:20:40,18,0.026856,4.680573,937755
2026-06-02 21:20:40,18,0.025907,5.467695,937755
2026-06-02 21:20:40,18,0.025994,4.933539,937755
2026-06-02 21:20:40,18,0.025987,5.237149,937755
2026-06-02 21:20:40,18,0.026836,4.941956,937755
2026-06-02 21:20:40,18,0.025447,5.206639,937755
2026-06-02 21:20:40,18,0.026354,4.899377,937755
2026-06-02 21:20:40,18,0.026256,5.084741,937755
2026-06-02 21:20:40,18,0.026447,5.058387,937755
2026-06-02 21:20:40,18,0.025860,5.081283,937755
2026-06-02 21:20:40,18,0.026490,4.987920,937755
2026-06-02 21:20:40,18,0.026156,5.354622,937755
2026-06-02 21:20:40,18,0.025460,4.886031,937755
2026-06-02 21:20:40,18,0.027060,4.538871,937755
2026-06-02 21:20:40,18,0.025332,5.096987,937755
2026-06-02 21:20:40,18,0.025328,4.690205,937755
2026-06-02 21:20:40,18,0.027282,5.061211,937755
2026-06-02 21:20:40,18,0.025448,5.180198,937755
2026-06-02 21:20:40,18,0.025374,5.128120,937755
2026-06-02 21:20:40,18,0.027712,4.810408,937755
2026-06-02 21:20:40,18,0.025117,4.999552,937755
2026-06-02 21:20:40,18,0.026236,4.994735,937755
2026-06-02 21:20:40,18,0.025405,5.058181,937755
2026-06-02 21:20:40,18,0.025551,4.905470,937755
2026-06-02 21:20:40,18,0.026797,5.363602,937755
2026-06-02 21:20:40,18,0.024962,4.416924,937755
2026-06-02 21:20:40,18,0.025244,5.499307,937755
2026-06-02 21:20:40,18,0.025370,4.511340,937755
2026-06-02 21:20:40,18,0.027041,5.226920,937755
2026-06-02 21:20:40,18,0.025236,4.577529,937755
2026-06-02 21:20:40,18,0.025304,5.304524,937755
2026-06-02 21:20:40,18,0.025178,4.593181,937755
2026-06-02 21:20:40,18,0.025802,5.400866,937755
2026-06-02 21:20:40,18,0.025397,4.871406,937755
2026-06-02 21:20:40,18,0.025417,5.129207,937755
2026-06-02 21:20:40,18,0.025345,4.870541,937755
2026-06-02 21:20:40,18,0.025217,5.136495,937755
2026-06-02 21:20:40,18,0.025613,4.815066,937755
2026-06-02 21:20:40,18,0.025163,4.991659,937755
2026-06-02 21:20:40,18,0.025519,4.999664,937755
2026-06-02 21:20:40,18,0.027840,4.986110,937755
2026-06-02 21:20:40,18,0.026290,4.924063,937755
2026-06-02 21:20:40,18,0.027740,5.351101,937755
2026-06-02 21:20:40,18,0.025272,4.882319,937755
2026-06-02 21:20:40,18,0.026178,4.567410,937755
2026-06-02 21:20:40,18,0.025447,5.132501,937755
2026-06-02 21:20:40,18,0.025165,4.714566,937755
2026-06-02 21:20:40,18,0.025047,5.143736,937755
2026-06-02 21:20:40,18,0.025143,5.181516,937755
2026-06-02 21:20:40,18,0.025359,5.140010,937755
2026-06-02 21:20:40,18,0.026671,4.820830,937755
2026-06-02 21:20:40,18,0.025306,4.999751,937755
2026-06-02 21:20:40,18,0.025349,5.012898,937755
2026-06-02 21:20:40,18,0.026737,4.990354,937755
2026-06-02 21:20:40,18,0.026624,4.930508,937755
2026-06-02 21:20:40,18,0.026855,5.405529,937755
2026-06-02 21:20:40,18,0.025246,4.414739,937755
2026-06-02 21:20:40,18,0.025481,5.518756,937755
2026-06-02 21:20:40,18,0.027565,4.511571,937755
2026-06-02 21:20:40,18,0.026327,5.237552,937755
2026-06-02 21:20:40,18,0.025154,4.591248,937755
2026-06-02 21:20:40,18,0.026994,5.316173,937755
2026-06-02 21:20:40,18,0.025327,4.593090,937755
2026-06-02 21:20:40,18,0.026927,5.408279,937755
2026-06-02 21:20:40,18,0.025336,4.873458,937755
2026-06-02 21:20:40,18,0.025187,5.176049,937755
2026-06-02 21:20:40,18,0.025369,4.874143,937755
2026-06-02 21:20:40,18,0.026640,5.154098,937755
2026-06-02 21:20:40,18,0.025185,4.825164,937755
2026-06-02 21:20:40,18,0.025259,5.058477,937755
2026-06-02 21:20:40,18,0.025188,5.088164,937755
2026-06-02 21:20:40,18,0.025274,4.994350,937755
2026-06-02 21:20:40,18,0.026968,4.918317,937755
2026-06-02 21:20:40,18,0.025020,5.320404,937755
2026-06-02 21:20:40,18,0.025419,4.887883,937755
2026-06-02 21:20:40,18,0.025683,4.570873,937755
2026-06-02 21:20:40,18,0.025153,5.131926,937755
2026-06-02 21:20:40,18,0.026585,4.744190,937755
2026-06-02 21:20:40,18,0.026521,5.076885,937755
2026-06-02 21:20:40,18,0.025284,5.195836,937755
2026-06-02 21:20:40,18,0.025489,5.154086,937755
2026-06-02 21:20:40,18,0.025367,4.842060,937755
2026-06-02 21:20:40,18,0.025304,5.010239,937755
2026-06-02 21:20:40,18,0.025303,5.015797,937755
2026-06-02 21:20:40,18,0.025854,5.015810,937755
2026-06-02 21:20:40,18,0.025950,4.965344,937755
2026-06-02 21:20:40,18,0.025448,5.406100,937755
2026-06-02 21:20:40,18,0.025081,4.434808,937755
2026-06-02 21:20:40,18,0.025983,5.530596,937755
2026-06-02 21:20:40,18,0.026304,4.523821,937755
2026-06-02 21:20:40,18,0.026643,5.270286,937755
2026-06-02 21:20:40,18,0.025206,4.600628,937755
2026-06-02 21:20:40,18,0.025309,5.339664,937755
2026-06-02 21:20:40,18,0.025150,4.624077,937755
2026-06-02 21:20:40,18,0.026849,5.420397,937755
2026-06-02 21:20:40,18,0.027021,4.964587,937755
2026-06-02 21:20:40,18,0.026907,5.169921,937755
2026-06-02 21:20:40,18,0.026558,4.893988,937755
2026-06-02 21:20:40,18,0.025413,5.186952,937755
2026-06-02 21:20:40,18,0.026348,4.849916,937755
2026-06-02 21:20:40,18,0.025765,5.017072,937755
2026-06-02 21:20:40,18,0.025133,5.017381,937755
2026-06-02 21:20:40,18,0.025515,5.027764,937755
2026-06-02 21:20:40,18,0.026966,4.947376,937755
2026-06-02 21:20:40,18,0.026416,5.339296,937755
2026-06-02 21:20:40,18,0.025748,4.913347,937755
2026-06-02 21:20:40,18,0.025502,4.618799,937755
2026-06-02 21:20:40,18,0.026386,5.164718,937755
2026-06-02 21:20:40,18,0.025313,4.728986,937755
2026-06-02 21:20:40,18,0.025218,5.157205,937755
2026-06-02 21:20:40,18,0.025317,5.223967,937755
2026-06-02 21:20:40,18,0.025407,5.191712,937755
2026-06-02 21:20:40,18,0.025240,4.861836,937755
2026-06-02 21:20:40,18,0.025217,5.037960,937755
2026-06-02 21:20:40,18,0.025149,5.027102,937755
2026-06-02 21:20:40,18,0.025238,5.034459,937755
2026-06-02 21:20:40,18,0.025310,4.955283,937755
2026-06-02 21:20:40,18,0.025324,5.425229,937755
2026-06-02 21:20:40,18,0.025472,4.482857,937755
2026-06-02 21:20:40,18,0.025206,5.560373,937755
2026-06-02 21:20:40,18,0.025294,4.545997,937755
2026-06-02 21:20:40,18,0.025887,5.269264,937755
2026-06-02 21:20:40,18,0.025909,4.611443,937755
2026-06-02 21:20:40,18,0.025994,5.343650,937755
2026-06-02 21:20:40,18,0.026684,4.630746,937755
2026-06-02 21:20:40,18,0.025357,5.442716,937755
2026-06-02 21:20:40,18,0.025405,4.907323,937755
2026-06-02 21:20:40,18,0.025535,5.195663,937755
2026-06-02 21:20:40,19,0.019739,0.400543,157544
2026-06-02 21:20:40,19,0.017690,0.842869,157544
2026-06-02 21:20:40,19,0.017544,0.867519,157544
2026-06-02 21:20:40,19,0.017826,0.683271,157544
2026-06-02 21:20:40,19,0.018418,0.758639,157544
2026-06-02 21:20:40,19,0.017618,0.786855,157544
2026-06-02 21:20:40,19,0.019111,0.821638,157544
2026-06-02 21:20:40,19,0.018261,0.853046,157544
2026-06-02 21:20:40,19,0.018733,0.879911,157544
2026-06-02 21:20:40,19,0.017561,0.690989,157544
2026-06-02 21:20:40,19,0.018338,0.765289,157544
2026-06-02 21:20:40,19,0.018340,0.791651,157544
2026-06-02 21:20:40,19,0.018417,0.821912,157544
2026-06-02 21:20:40,19,0.018542,0.853914,157544
2026-06-02 21:20:40,19,0.018178,0.676789,157544
2026-06-02 21:20:40,19,0.018947,0.741980,157544
2026-06-02 21:20:40,19,0.017608,0.779859,157544
2026-06-02 21:20:40,19,0.018566,0.802960,157544
2026-06-02 21:20:40,19,0.017872,0.835938,157544
2026-06-02 21:20:40,19,0.017810,0.865715,157544
2026-06-02 21:20:40,19,0.017681,0.682001,157544
2026-06-02 21:20:40,19,0.017729,0.749561,157544
2026-06-02 21:20:40,19,0.017880,0.778398,157544
2026-06-02 21:20:40,19,0.018780,0.814224,157544
2026-06-02 21:20:40,19,0.017819,0.844355,157544
2026-06-02 21:20:40,19,0.017793,0.867191,157544
2026-06-02 21:20:40,19,0.017787,0.690093,157544
2026-06-02 21:20:40,19,0.017714,0.755875,157544
2026-06-02 21:20:40,19,0.017690,0.783975,157544
2026-06-02 21:20:40,19,0.018818,0.813690,157544
2026-06-02 21:20:40,19,0.017753,0.853022,157544
2026-06-02 21:20:40,19,0.017699,0.875007,157544
2026-06-02 21:20:40,19,0.017687,0.688124,157544
2026-06-02 21:20:40,19,0.018058,0.767261,157544
2026-06-02 21:20:40,19,0.018415,0.792072,157544
2026-06-02 21:20:40,19,0.017669,0.821336,157544
2026-06-02 21:20:40,19,0.019471,0.850255,157544
2026-06-02 21:20:40,19,0.017775,0.673557,157544
2026-06-02 21:20:40,19,0.017818,0.742910,157544
2026-06-02 21:20:40,19,0.018030,0.773466,157544
2026-06-02 21:20:40,19,0.018718,0.802876,157544
2026-06-02 21:20:40,19,0.017809,0.834011,157544
2026-06-02 21:20:40,19,0.017811,0.866197,157544
2026-06-02 21:20:40,19,0.017686,0.684296,157544
2026-06-02 21:20:40,19,0.017779,0.745772,157544
2026-06-02 21:20:40,19,0.017694,0.781918,157544
2026-06-02 21:20:40,19,0.019595,0.811530,157544
2026-06-02 21:20:40,19,0.018423,0.841966,157544
2026-06-02 21:20:40,19,0.017739,0.865227,157544
2026-06-02 21:20:40,19,0.018238,0.689704,157544
2026-06-02 21:20:40,19,0.018387,0.755912,157544
2026-06-02 21:20:40,19,0.017809,0.822142,157544
2026-06-02 21:20:40,19,0.019159,0.858547,157544
2026-06-02 21:20:40,19,0.018751,0.841530,157544
2026-06-02 21:20:40,19,0.018793,0.873784,157544
2026-06-02 21:20:40,19,0.019004,0.692322,157544
2026-06-02 21:20:40,19,0.017825,0.767607,157544
2026-06-02 21:20:40,19,0.017864,0.791526,157544
2026-06-02 21:20:40,19,0.017955,0.819203,157544
2026-06-02 21:20:40,19,0.018608,0.847475,157544
2026-06-02 21:20:40,19,0.018020,0.883026,157544
2026-06-02 21:20:40,19,0.018212,0.695615,157544
2026-06-02 21:20:40,19,0.018127,0.778089,157544
2026-06-02 21:20:40,19,0.018355,0.828072,157544
2026-06-02 21:20:40,19,0.017897,0.866203,157544
2026-06-02 21:20:40,19,0.018651,0.887675,157544
2026-06-02 21:20:40,19,0.018648,0.714804,157544
2026-06-02 21:20:40,19,0.018709,0.748237,157544
2026-06-02 21:20:40,19,0.017741,0.782906,157544
2026-06-02 21:20:40,19,0.017664,0.811811,157544
2026-06-02 21:20:40,19,0.017781,0.839302,157544
2026-06-02 21:20:40,19,0.017743,0.868314,157544
2026-06-02 21:20:40,19,0.018654,0.684452,157544
2026-06-02 21:20:40,19,0.017797,0.756014,157544
2026-06-02 21:20:40,19,0.017719,0.789626,157544
2026-06-02 21:20:40,19,0.017548,0.819647,157544
2026-06-02 21:20:40,19,0.017836,0.843825,157544
2026-06-02 21:20:40,19,0.017619,0.869440,157544
2026-06-02 21:20:40,19,0.017531,0.687740,157544
2026-06-02 21:20:40,19,0.017782,0.765661,157544
2026-06-02 21:20:40,19,0.018430,0.803964,157544
2026-06-02 21:20:40,19,0.017724,0.825062,157544
2026-06-02 21:20:40,19,0.017809,0.850962,157544
2026-06-02 21:20:40,19,0.018413,0.878389,157544
2026-06-02 21:20:40,19,0.017676,0.699135,157544
2026-06-02 21:20:40,19,0.017907,0.766048,157544
2026-06-02 21:20:40,19,0.019167,0.806269,157544
2026-06-02 21:20:40,19,0.017705,0.835403,157544
2026-06-02 21:20:40,19,0.017789,0.860958,157544
2026-06-02 21:20:40,19,0.017661,0.769737,157544
2026-06-02 21:20:40,19,0.017789,0.767154,157544
2026-06-02 21:20:40,19,0.018941,0.837610,157544
2026-06-02 21:20:40,19,0.018016,0.830037,157544
2026-06-02 21:20:40,19,0.018521,0.860144,157544
2026-06-02 21:20:40,19,0.018677,0.893593,157544
2026-06-02 21:20:40,19,0.017879,0.699847,157544
2026-06-02 21:20:40,19,0.018194,0.760399,157544
2026-06-02 21:20:40,19,0.017850,0.791848,157544
2026-06-02 21:20:40,19,0.017801,0.816674,157544
2026-06-02 21:20:40,19,0.017670,0.843327,157544
2026-06-02 21:20:40,19,0.017837,0.878342,157544
2026-06-02 21:20:40,19,0.017771,0.694973,157544
2026-06-02 21:20:40,19,0.018855,0.767007,157544
2026-06-02 21:20:40,19,0.017775,0.797909,157544
2026-06-02 21:20:40,19,0.017660,0.826195,157544
2026-06-02 21:20:40,19,0.017642,0.849228,157544
2026-06-02 21:20:40,19,0.017658,0.880389,157544
2026-06-02 21:20:40,19,0.017830,0.693850,157544
2026-06-02 21:20:40,19,0.017808,0.771996,157544
2026-06-02 21:20:40,19,0.017888,0.810937,157544
2026-06-02 21:20:40,19,0.017745,0.832854,157544
2026-06-02 21:20:40,19,0.017703,0.861931,157544
2026-06-02 21:20:40,19,0.018682,0.894273,157544
2026-06-02 21:20:40,19,0.017482,0.706864,157544
2026-06-02 21:20:40,19,0.017659,0.779441,157544
2026-06-02 21:20:40,19,0.017771,0.806721,157544
2026-06-02 21:20:40,19,0.018814,0.839531,157544
2026-06-02 21:20:40,19,0.019012,0.866386,157544
2026-06-02 21:20:40,19,0.019020,0.689701,157544
2026-06-02 21:20:40,19,0.017781,0.765166,157544
2026-06-02 21:20:40,19,0.017804,0.788223,157544
2026-06-02 21:20:40,19,0.017655,0.815784,157544
2026-06-02 21:20:40,19,0.017813,0.845001,157544
2026-06-02 21:20:40,19,0.018864,0.872375,157544
2026-06-02 21:20:40,19,0.018323,0.689553,157544
2026-06-02 21:20:40,19,0.017587,0.764041,157544
2026-06-02 21:20:40,19,0.017727,0.794433,157544
2026-06-02 21:20:40,19,0.017774,0.822102,157544
2026-06-02 21:20:40,19,0.017714,0.849280,157544
2026-06-02 21:20:40,19,0.017654,0.877028,157544
2026-06-02 21:20:40,19,0.017735,0.698161,157544
2026-06-02 21:20:40,19,0.017781,0.774097,157544
2026-06-02 21:20:40,19,0.017713,0.805758,157544
2026-06-02 21:20:40,19,0.017685,0.833530,157544
2026-06-02 21:20:40,19,0.017721,0.862687,157544
2026-06-02 21:20:40,19,0.018861,0.887631,157544
2026-06-02 21:20:40,19,0.017885,0.701388,157544
2026-06-02 21:20:40,19,0.018867,0.785283,157544
2026-06-02 21:20:40,19,0.017501,0.814934,157544
2026-06-02 21:20:40,19,0.017836,0.839829,157544
2026-06-02 21:20:40,19,0.017873,0.867881,157544
2026-06-02 21:20:40,19,0.017648,0.904758,157544
2026-06-02 21:20:40,19,0.018000,0.714156,157544
2026-06-02 21:20:40,19,0.017722,0.783080,157544
2026-06-02 21:20:40,19,0.018313,0.810087,157544
2026-06-02 21:20:40,19,0.017687,0.846813,157544
2026-06-02 21:20:40,19,0.018932,0.877441,157544
2026-06-02 21:20:40,19,0.018943,0.695708,157544
2026-06-02 21:20:40,19,0.017876,0.767581,157544
2026-06-02 21:20:40,19,0.017671,0.796154,157544
2026-06-02 21:20:40,19,0.017686,0.824518,157544
2026-06-02 21:20:40,19,0.017815,0.852480,157544
2026-06-02 21:20:40,19,0.018455,0.882342,157544
2026-06-02 21:20:40,19,0.017839,0.697095,157544
2026-06-02 21:20:40,19,0.017689,0.773971,157544
2026-06-02 21:20:40,19,0.017715,0.805702,157544
2026-06-02 21:20:40,19,0.017628,0.836672,157544
2026-06-02 21:20:40,19,0.018532,0.870322,157544
2026-06-02 21:20:40,19,0.017837,0.894273,157544
2026-06-02 21:20:40,19,0.017770,0.703070,157544
2026-06-02 21:20:40,19,0.017860,0.776824,157544
2026-06-02 21:20:40,19,0.018285,0.820347,157544
2026-06-02 21:20:40,19,0.018598,0.844383,157544
2026-06-02 21:20:40,19,0.017835,0.870720,157544
2026-06-02 21:20:40,19,0.017592,0.900876,157544
2026-06-02 21:20:40,19,0.017755,0.708898,157544
2026-06-02 21:20:40,19,0.017639,0.790956,157544
2026-06-02 21:20:40,19,0.017805,0.819278,157544
2026-06-02 21:20:40,19,0.018216,0.847975,157544
2026-06-02 21:20:40,19,0.017663,0.875239,157544
2026-06-02 21:20:40,19,0.017924,0.692306,157544
2026-06-02 21:20:40,19,0.017519,0.769334,157544
2026-06-02 21:20:40,19,0.017720,0.797813,157544
2026-06-02 21:20:40,19,0.017773,0.828656,157544
2026-06-02 21:20:40,19,0.017829,0.856113,157544
2026-06-02 21:20:40,19,0.018788,0.879235,157544
2026-06-02 21:20:40,19,0.017532,0.701151,157544
2026-06-02 21:20:40,19,0.018905,0.773931,157544
2026-06-02 21:20:40,19,0.017645,0.803393,157544
2026-06-02 21:20:40,19,0.017947,0.836224,157544
2026-06-02 21:20:40,19,0.017641,0.858796,157544
2026-06-02 21:20:40,19,0.017596,0.886091,157544
2026-06-02 21:20:40,19,0.017831,0.704265,157544
2026-06-02 21:20:40,19,0.017889,0.777265,157544
2026-06-02 21:20:40,19,0.018506,0.810449,157544
2026-06-02 21:20:40,19,0.018039,0.850255,157544
2026-06-02 21:20:40,19,0.017804,0.874207,157544
2026-06-02 21:20:40,19,0.017844,0.898784,157544
2026-06-02 21:20:40,19,0.017778,0.713683,157544
2026-06-02 21:20:40,19,0.017598,0.791148,157544
2026-06-02 21:20:40,19,0.017763,0.815107,157544
2026-06-02 21:20:40,19,0.017599,0.844616,157544
2026-06-02 21:20:40,19,0.017797,0.873140,157544
2026-06-02 21:20:40,19,0.018144,0.907790,157544
2026-06-02 21:20:40,19,0.018915,0.714962,157544
2026-06-02 21:20:40,19,0.018665,0.795860,157544
2026-06-02 21:20:40,19,0.017987,0.829980,157544
2026-06-02 21:20:40,19,0.017847,0.856220,157544
2026-06-02 21:20:40,19,0.018203,0.886846,157544
2026-06-02 21:20:40,19,0.017650,0.702463,157544
2026-06-02 21:20:40,19,0.017592,0.771602,157544
2026-06-02 21:20:40,19,0.017687,0.799182,157544
2026-06-02 21:20:40,19,0.017813,0.830521,157544
2026-06-02 21:20:40,19,0.018996,0.859381,157544
2026-06-02 21:20:40,19,0.019401,0.891069,157544
2026-06-02 21:20:40,19,0.018814,0.702357,157544
2026-06-02 21:20:40,19,0.018339,0.782029,157544
2026-06-02 21:20:40,19,0.018470,0.812453,157544
2026-06-02 21:20:40,19,0.017733,0.841435,157544
2026-06-02 21:20:40,19,0.017855,0.866081,157544
2026-06-02 21:20:40,19,0.017646,0.896665,157544
2026-06-02 21:20:40,19,0.017721,0.707492,157544
2026-06-02 21:20:40,19,0.018646,0.794582,157544
2026-06-02 21:20:40,19,0.017853,0.827360,157544
2026-06-02 21:20:40,19,0.017881,0.852838,157544
2026-06-02 21:20:40,19,0.017773,0.880372,157544
2026-06-02 21:20:40,19,0.018137,0.909554,157544
2026-06-02 21:20:40,19,0.018750,0.716738,157544
2026-06-02 21:20:40,19,0.017690,0.796486,157544
2026-06-02 21:20:40,19,0.017603,0.821756,157544
2026-06-02 21:20:40,19,0.018195,0.855264,157544
2026-06-02 21:20:40,19,0.018818,0.885910,157544
2026-06-02 21:20:40,19,0.017798,0.703351,157544
2026-06-02 21:20:40,19,0.017717,0.773998,157544
2026-06-02 21:20:40,19,0.017800,0.809100,157544
2026-06-02 21:20:40,19,0.017643,0.838008,157544
2026-06-02 21:20:40,19,0.017657,0.864129,157544
2026-06-02 21:20:40,19,0.017594,0.889452,157544
2026-06-02 21:20:40,19,0.017703,0.699277,157544
2026-06-02 21:20:40,19,0.017990,0.778694,157544
2026-06-02 21:20:40,19,0.018977,0.815162,157544
2026-06-02 21:20:40,19,0.017817,0.845004,157544
2026-06-02 21:20:40,19,0.017758,0.874249,157544
2026-06-02 21:20:40,19,0.017888,0.903452,157544
2026-06-02 21:20:40,19,0.017795,0.783491,157544
2026-06-02 21:20:40,19,0.018295,0.791414,157544
2026-06-02 21:20:40,19,0.017795,0.821045,157544
2026-06-02 21:20:40,19,0.017729,0.848083,157544
2026-06-02 21:20:40,19,0.017514,0.874999,157544
2026-06-02 21:20:40,19,0.017710,0.907729,157544
2026-06-02 21:20:40,19,0.017857,0.715545,157544
2026-06-02 21:20:40,19,0.017703,0.794999,157544
2026-06-02 21:20:40,19,0.019607,0.831294,157544
2026-06-02 21:20:40,19,0.017801,0.863201,157544
2026-06-02 21:20:40,19,0.017781,0.887517,157544
2026-06-02 21:20:40,19,0.017663,0.916929,157544
2026-06-02 21:20:40,19,0.018914,0.717994,157544
2026-06-02 21:20:40,19,0.017785,0.804166,157544
2026-06-02 21:20:40,19,0.017812,0.838320,157544
2026-06-02 21:20:40,19,0.017753,0.863933,157544
2026-06-02 21:20:40,19,0.017682,0.890978,157544
2026-06-02 21:20:40,19,0.018623,0.705544,157544
2026-06-02 21:20:40,19,0.017798,0.779130,157544
2026-06-02 21:20:40,19,0.019515,0.813391,157544
2026-06-02 21:20:40,19,0.017773,0.848336,157544
2026-06-02 21:20:40,19,0.018099,0.875729,157544
2026-06-02 21:20:40,19,0.017759,0.899269,157544
2026-06-02 21:20:40,19,0.017852,0.717861,157544
2026-06-02 21:20:40,19,0.017725,0.789318,157544
2026-06-02 21:20:40,19,0.017784,0.820132,157544
2026-06-02 21:20:40,19,0.017890,0.846832,157544
2026-06-02 21:20:40,19,0.017872,0.875860,157544
2026-06-02 21:20:40,19,0.017909,0.905417,157544
2026-06-02 21:20:40,19,0.017736,0.715652,157544
2026-06-02 21:20:40,19,0.018833,0.798395,157544
2026-06-02 21:20:40,19,0.018526,0.825423,157544
2026-06-02 21:20:40,19,0.017655,0.856288,157544
2026-06-02 21:20:40,19,0.017774,0.885217,157544
2026-06-02 21:20:40,19,0.017825,0.920788,157544
2026-06-02 21:20:40,19,0.017715,0.721394,157544
2026-06-02 21:20:40,19,0.018730,0.807199,157544
2026-06-02 21:20:40,19,0.017676,0.832772,157544
2026-06-02 21:20:40,19,0.017842,0.860869,157544
2026-06-02 21:20:40,19,0.018021,0.887204,157544
2026-06-02 21:20:40,19,0.017645,0.917997,157544
2026-06-02 21:20:40,19,0.017688,0.731719,157544
2026-06-02 21:20:40,19,0.018253,0.808408,157544
2026-06-02 21:20:40,19,0.019009,0.838053,157544
2026-06-02 21:20:40,19,0.018923,0.872873,157544
2026-06-02 21:20:40,19,0.018556,0.897522,157544
2026-06-02 21:20:40,19,0.018711,0.709928,157544
2026-06-02 21:20:40,19,0.017699,0.788330,157544
2026-06-02 21:20:40,19,0.018032,0.818130,157544
2026-06-02 21:20:40,19,0.017730,0.843381,157544
2026-06-02 21:20:40,19,0.017642,0.873147,157544
2026-06-02 21:20:40,19,0.017899,0.903732,157544
2026-06-02 21:20:40,19,0.017843,0.715008,157544
2026-06-02 21:20:40,19,0.018619,0.790489,157544
2026-06-02 21:20:40,19,0.017818,0.829221,157544
2026-06-02 21:20:40,19,0.017669,0.853340,157544
2026-06-02 21:20:40,19,0.017920,0.887423,157544
2026-06-02 21:20:40,19,0.018571,0.912734,157544
2026-06-02 21:20:40,19,0.017868,0.724759,157544
2026-06-02 21:20:40,19,0.017697,0.801656,157544
2026-06-02 21:20:40,19,0.017638,0.828967,157544
2026-06-02 21:20:40,19,0.018396,0.859446,157544
2026-06-02 21:20:40,19,0.018918,0.895573,157544
2026-06-02 21:20:40,19,0.017590,0.919593,157544
2026-06-02 21:20:40,19,0.017723,0.727735,157544
2026-06-02 21:20:40,19,0.017726,0.807348,157544
2026-06-02 21:20:40,19,0.018143,0.834499,157544
2026-06-02 21:20:40,19,0.018933,0.864409,157544
2026-06-02 21:20:40,19,0.018866,0.896959,157544
2026-06-02 21:20:40,19,0.018768,0.710399,157544
2026-06-02 21:20:40,19,0.017685,0.784887,157544
2026-06-02 21:20:40,19,0.017611,0.812985,157544
2026-06-02 21:20:40,19,0.017822,0.846330,157544
2026-06-02 21:20:40,19,0.017925,0.877284,157544
2026-06-02 21:20:40,19,0.017949,0.899296,157544
2026-06-02 21:20:40,19,0.017813,0.711889,157544
2026-06-02 21:20:40,19,0.018354,0.790712,157544
2026-06-02 21:20:40,19,0.017733,0.826905,157544
2026-06-02 21:20:40,19,0.017837,0.853760,157544
2026-06-02 21:20:40,19,0.017763,0.883136,157544
2026-06-02 21:20:40,19,0.017652,0.912191,157544
2026-06-02 21:20:40,19,0.017850,0.724690,157544
2026-06-02 21:20:40,19,0.017877,0.799076,157544
2026-06-02 21:20:40,19,0.017729,0.830689,157544
2026-06-02 21:20:40,19,0.017722,0.861671,157544
2026-06-02 21:20:40,19,0.017894,0.888775,157544
2026-06-02 21:20:40,19,0.017599,0.913646,157544
2026-06-02 21:20:40,19,0.017826,0.720384,157544
2026-06-02 21:20:40,19,0.017815,0.806762,157544
2026-06-02 21:20:40,19,0.018792,0.842266,157544
2026-06-02 21:20:40,19,0.017613,0.870465,157544
2026-06-02 21:20:40,19,0.017981,0.898974,157544
2026-06-02 21:20:40,19,0.017924,0.932270,157544
2026-06-02 21:20:40,19,0.017866,0.739548,157544
2026-06-02 21:20:40,19,0.018671,0.818801,157544
2026-06-02 21:20:40,19,0.017826,0.845591,157544
2026-06-02 21:20:40,19,0.017559,0.871693,157544
2026-06-02 21:20:40,19,0.017653,0.903096,157544
2026-06-02 21:20:40,19,0.017994,0.713008,157544
2026-06-02 21:20:40,19,0.018754,0.790561,157544
2026-06-02 21:20:40,19,0.017858,0.819358,157544
2026-06-02 21:20:40,19,0.018231,0.855150,157544
2026-06-02 21:20:40,19,0.017854,0.882406,157544
2026-06-02 21:20:40,19,0.017873,0.909546,157544
2026-06-02 21:20:40,19,0.018383,0.738084,157544
2026-06-02 21:20:40,19,0.018237,0.810660,157544
2026-06-02 21:20:40,19,0.018371,0.829941,157544
2026-06-02 21:20:40,19,0.017560,0.861430,157544
2026-06-02 21:20:40,19,0.017901,0.886099,157544
2026-06-02 21:20:40,19,0.017870,0.919921,157544
2026-06-02 21:20:40,19,0.017804,0.724501,157544
2026-06-02 21:20:40,19,0.017687,0.807642,157544
2026-06-02 21:20:40,19,0.017819,0.840391,157544
2026-06-02 21:20:40,19,0.017741,0.867516,157544
2026-06-02 21:20:40,19,0.017787,0.894567,157544
2026-06-02 21:20:40,19,0.017869,0.927450,157544
2026-06-02 21:20:40,19,0.017816,0.727201,157544
2026-06-02 21:20:40,19,0.018016,0.809199,157544
2026-06-02 21:20:40,19,0.018758,0.844788,157544
2026-06-02 21:20:40,19,0.018794,0.876267,157544
2026-06-02 21:20:40,19,0.019193,0.900976,157544
2026-06-02 21:20:40,19,0.018970,0.714464,157544
2026-06-02 21:20:40,19,0.017818,0.790843,157544
2026-06-02 21:20:40,19,0.018220,0.821943,157544
2026-06-02 21:20:40,19,0.017750,0.846838,157544
2026-06-02 21:20:40,19,0.017546,0.876047,157544
2026-06-02 21:20:40,19,0.017880,0.909122,157544
2026-06-02 21:20:40,19,0.018330,0.715392,157544
2026-06-02 21:20:40,19,0.017860,0.797529,157544
2026-06-02 21:20:40,19,0.018947,0.828146,157544
2026-06-02 21:20:40,19,0.017675,0.864922,157544
2026-06-02 21:20:40,19,0.018409,0.888643,157544
2026-06-02 21:20:40,19,0.018179,0.920636,157544
2026-06-02 21:20:40,19,0.018915,0.727650,157544
2026-06-02 21:20:40,19,0.017928,0.805058,157544
2026-06-02 21:20:40,19,0.017776,0.836705,157544
2026-06-02 21:20:40,19,0.017816,0.868630,157544
2026-06-02 21:20:40,19,0.018644,0.894125,157544
2026-06-02 21:20:40,19,0.017758,0.924440,157544
2026-06-02 21:20:40,19,0.017863,0.737275,157544
2026-06-02 21:20:40,19,0.017682,0.813549,157544
2026-06-02 21:20:40,19,0.018292,0.839298,157544
2026-06-02 21:20:40,19,0.018337,0.871587,157544
2026-06-02 21:20:40,19,0.017790,0.903845,157544
2026-06-02 21:20:40,19,0.017557,0.927400,157544
2026-06-02 21:20:40,19,0.017664,0.736659,157544
2026-06-02 21:20:40,19,0.018055,0.816978,157544
2026-06-02 21:20:40,19,0.017944,0.848759,157544
2026-06-02 21:20:40,19,0.017768,0.876270,157544
2026-06-02 21:20:40,19,0.018031,0.907764,157544
2026-06-02 21:20:40,19,0.017831,0.717757,157544
2026-06-02 21:20:40,19,0.017799,0.795186,157544
2026-06-02 21:20:40,19,0.017639,0.833682,157544
2026-06-02 21:20:40,19,0.017734,0.861197,157544
2026-06-02 21:20:40,19,0.017920,0.887163,157544
2026-06-02 21:20:40,19,0.017726,0.913495,157544
2026-06-02 21:20:40,19,0.017952,0.727171,157544
2026-06-02 21:20:40,19,0.017857,0.805199,157544
2026-06-02 21:20:40,19,0.017902,0.833405,157544
2026-06-02 21:20:40,19,0.017790,0.862144,157544
2026-06-02 21:20:40,19,0.017808,0.892110,157544
2026-06-02 21:20:40,19,0.017905,0.922235,157544
2026-06-02 21:20:40,19,0.017977,0.729181,157544
2026-06-02 21:20:40,19,0.017683,0.818002,157544
2026-06-02 21:20:40,19,0.019103,0.848024,157544
2026-06-02 21:20:40,19,0.017560,0.879233,157544
2026-06-02 21:20:40,19,0.018560,0.900933,157544
2026-06-02 21:20:40,19,0.018680,0.931593,157544
2026-06-02 21:20:40,19,0.018453,0.732529,157544
2026-06-02 21:20:40,19,0.017663,0.815562,157544
2026-06-02 21:20:40,19,0.017717,0.852060,157544
2026-06-02 21:20:40,19,0.017878,0.876016,157544
2026-06-02 21:20:40,19,0.017800,0.913044,157544
2026-06-02 21:20:40,19,0.017896,0.937779,157544
2026-06-02 21:20:40,19,0.017769,0.745948,157544
2026-06-02 21:20:40,19,0.017649,0.829895,157544
2026-06-02 21:20:40,19,0.017640,0.865968,157544
2026-06-02 21:20:40,19,0.017702,0.881992,157544
2026-06-02 21:20:40,19,0.017923,0.915931,157544
2026-06-02 21:20:40,19,0.017801,0.721738,157544
2026-06-02 21:20:40,19,0.018538,0.800924,157544
2026-06-02 21:20:40,19,0.017807,0.832449,157544
2026-06-02 21:20:40,19,0.017747,0.863754,157544
2026-06-02 21:20:40,19,0.017853,0.896140,157544
2026-06-02 21:20:40,19,0.018412,0.924771,157544
2026-06-02 21:20:40,19,0.017835,0.727475,157544
2026-06-02 21:20:40,19,0.018669,0.812569,157544
2026-06-02 21:20:40,19,0.017788,0.842100,157544
2026-06-02 21:20:40,19,0.017762,0.873910,157544
2026-06-02 21:20:40,19,0.017728,0.901435,157544
2026-06-02 21:20:40,19,0.017588,0.932433,157544
2026-06-02 21:20:40,19,0.019895,0.734374,157544
2026-06-02 21:20:40,19,0.017923,0.818761,157544
2026-06-02 21:20:40,19,0.017959,0.858684,157544
2026-06-02 21:20:40,19,0.017735,0.884631,157544
2026-06-02 21:20:40,19,0.017764,0.908761,157544
2026-06-02 21:20:40,19,0.017656,0.941134,157544
2026-06-02 21:20:40,19,0.018380,0.743619,157544
2026-06-02 21:20:40,19,0.017685,0.824347,157544
2026-06-02 21:20:40,19,0.017704,0.857515,157544
2026-06-02 21:20:40,19,0.017619,0.891058,157544
2026-06-02 21:20:40,19,0.017773,0.919165,157544
2026-06-02 21:20:40,19,0.017431,0.722793,157544
2026-06-02 21:20:40,19,0.017590,0.795849,157544
2026-06-02 21:20:40,19,0.018751,0.834160,157544
2026-06-02 21:20:40,19,0.019186,0.867597,157544
2026-06-02 21:20:40,19,0.019302,0.895967,157544
2026-06-02 21:20:40,19,0.018896,0.922636,157544
2026-06-02 21:20:40,19,0.017708,0.731608,157544
2026-06-02 21:20:40,19,0.017811,0.806922,157544
2026-06-02 21:20:40,19,0.017971,0.838382,157544
2026-06-02 21:20:40,19,0.018400,0.877147,157544
2026-06-02 21:20:40,19,0.017804,0.903010,157544
2026-06-02 21:20:40,19,0.017695,0.933392,157544
2026-06-02 21:20:40,19,0.017679,0.734668,157544
2026-06-02 21:20:40,19,0.017731,0.811081,157544
2026-06-02 21:20:40,19,0.017976,0.850400,157544
2026-06-02 21:20:40,19,0.017997,0.878671,157544
2026-06-02 21:20:40,19,0.017905,0.911361,157544
2026-06-02 21:20:40,19,0.017857,0.934875,157544
2026-06-02 21:20:40,19,0.017745,0.741666,157544
2026-06-02 21:20:40,19,0.017583,0.823194,157544
2026-06-02 21:20:40,19,0.018184,0.851839,157544
2026-06-02 21:20:40,19,0.017817,0.880656,157544
2026-06-02 21:20:40,19,0.018075,0.913972,157544
2026-06-02 21:20:40,19,0.017812,0.944977,157544
2026-06-02 21:20:40,19,0.017576,0.742863,157544
2026-06-02 21:20:40,19,0.017592,0.831820,157544
2026-06-02 21:20:40,19,0.017794,0.860559,157544
2026-06-02 21:20:40,19,0.017779,0.894217,157544
2026-06-02 21:20:40,19,0.017823,0.918752,157544
2026-06-02 21:20:40,19,0.018401,0.725291,157544
2026-06-02 21:20:40,19,0.017791,0.804524,157544
2026-06-02 21:20:40,19,0.017868,0.841191,157544
2026-06-02 21:20:40,19,0.017906,0.873515,157544
2026-06-02 21:20:40,19,0.017648,0.901187,157544
2026-06-02 21:20:40,19,0.017876,0.936513,157544
2026-06-02 21:20:40,19,0.017588,0.735217,157544
2026-06-02 21:20:40,19,0.018283,0.815460,157544
2026-06-02 21:20:40,19,0.017718,0.850803,157544
2026-06-02 21:20:40,19,0.017839,0.877556,157544
2026-06-02 21:20:40,19,0.017646,0.904172,157544
2026-06-02 21:20:40,19,0.017624,0.936863,157544
2026-06-02 21:20:40,19,0.017667,0.742185,157544
2026-06-02 21:20:40,19,0.017793,0.822184,157544
2026-06-02 21:20:40,19,0.017724,0.855045,157544
2026-06-02 21:20:40,19,0.017952,0.885447,157544
2026-06-02 21:20:40,19,0.017872,0.913410,157544
2026-06-02 21:20:40,19,0.017764,0.941780,157544
2026-06-02 21:20:40,19,0.017814,0.743956,157544
2026-06-02 21:20:40,19,0.018043,0.823745,157544
2026-06-02 21:20:40,19,0.018526,0.861557,157544
2026-06-02 21:20:40,19,0.017696,0.891052,157544
2026-06-02 21:20:40,19,0.017708,0.919053,157544
2026-06-02 21:20:40,19,0.017772,0.729081,157544
2026-06-02 21:20:40,19,0.019268,0.800332,157544
2026-06-02 21:20:40,19,0.017750,0.836789,157544
2026-06-02 21:20:40,19,0.018671,0.870035,157544
2026-06-02 21:20:40,19,0.017415,0.900817,157544
2026-06-02 21:20:40,19,0.017719,0.926858,157544
2026-06-02 21:20:40,19,0.018350,0.738259,157544
2026-06-02 21:20:40,19,0.017649,0.808255,157544
2026-06-02 21:20:40,19,0.017877,0.845357,157544
2026-06-02 21:20:40,19,0.018579,0.876712,157544
2026-06-02 21:20:40,19,0.017635,0.906461,157544
2026-06-02 21:20:40,19,0.017623,0.934003,157544
2026-06-02 21:20:40,20,0.036676,18.828600,2776928
2026-06-02 21:20:40,20,0.034494,17.325857,2776928
2026-06-02 21:20:40,20,0.035041,18.181494,2776928
2026-06-02 21:20:40,20,0.033618,16.507321,2776928
2026-06-02 21:20:40,20,0.034477,17.207791,2776928
2026-06-02 21:20:40,20,0.035918,15.757713,2776928
2026-06-02 21:20:40,20,0.033581,18.333378,2776928
2026-06-02 21:20:40,20,0.033951,15.884884,2776928
2026-06-02 21:20:40,20,0.033962,18.350562,2776928
2026-06-02 21:20:40,20,0.035357,15.935090,2776928
2026-06-02 21:20:40,20,0.033596,18.092628,2776928
2026-06-02 21:20:40,20,0.033936,16.699121,2776928
2026-06-02 21:20:40,20,0.034289,17.364537,2776928
2026-06-02 21:20:40,20,0.034447,16.702613,2776928
2026-06-02 21:20:40,20,0.033925,17.401121,2776928
2026-06-02 21:20:40,20,0.033993,16.745818,2776928
2026-06-02 21:20:40,20,0.033898,15.722620,2776928
2026-06-02 21:20:40,20,0.036087,18.232416,2776928
2026-06-02 21:20:40,20,0.034404,16.664123,2776928
2026-06-02 21:20:40,20,0.033754,17.652203,2776928
2026-06-02 21:20:40,20,0.033543,18.220511,2776928
2026-06-02 21:20:40,20,0.033700,15.969623,2776928
2026-06-02 21:20:40,20,0.033904,18.448892,2776928
2026-06-02 21:20:40,20,0.034399,15.645653,2776928
2026-06-02 21:20:40,20,0.033732,17.508120,2776928
2026-06-02 21:20:40,20,0.034144,18.313380,2776928
2026-06-02 21:20:40,20,0.033903,17.265039,2776928
2026-06-02 21:20:40,20,0.034120,18.132470,2776928
2026-06-02 21:20:40,20,0.034178,16.432573,2776928
2026-06-02 21:20:40,20,0.033887,17.263067,2776928
2026-06-02 21:20:40,20,0.034053,15.731827,2776928
2026-06-02 21:20:40,20,0.033822,18.357596,2776928
2026-06-02 21:20:40,20,0.034877,15.784926,2776928
2026-06-02 21:20:40,20,0.034990,18.344078,2776928
2026-06-02 21:20:40,20,0.033869,15.700941,2776928
2026-06-02 21:20:40,20,0.034053,17.998077,2776928
2026-06-02 21:20:40,20,0.033789,16.716872,2776928
2026-06-02 21:20:40,20,0.035771,17.342170,2776928
2026-06-02 21:20:40,20,0.034030,16.707447,2776928
2026-06-02 21:20:40,20,0.034102,15.615333,2776928
2026-06-02 21:20:40,20,0.033965,17.855236,2776928
2026-06-02 21:20:40,20,0.034633,18.186528,2776928
2026-06-02 21:20:40,20,0.034462,16.032721,2776928
2026-06-02 21:20:40,20,0.034229,17.396557,2776928
2026-06-02 21:20:40,20,0.034061,18.178763,2776928
2026-06-02 21:20:40,20,0.035752,15.952342,2776928
2026-06-02 21:20:40,20,0.035309,18.321117,2776928
2026-06-02 21:20:40,20,0.036352,15.563822,2776928
2026-06-02 21:20:40,20,0.033928,17.407196,2776928
2026-06-02 21:20:40,20,0.033681,18.277067,2776928
2026-06-02 21:20:40,20,0.034009,17.277335,2776928
2026-06-02 21:20:40,20,0.034735,18.102308,2776928
2026-06-02 21:20:40,20,0.035747,16.355154,2776928
2026-06-02 21:20:40,20,0.034231,17.067136,2776928
2026-06-02 21:20:40,20,0.035576,15.746916,2776928
2026-06-02 21:20:40,20,0.034045,18.222434,2776928
2026-06-02 21:20:40,20,0.034739,15.698479,2776928
2026-06-02 21:20:40,20,0.035527,18.363816,2776928
2026-06-02 21:20:40,20,0.034203,15.678756,2776928
2026-06-02 21:20:40,20,0.033797,17.959968,2776928
2026-06-02 21:20:40,20,0.034311,16.598478,2776928
2026-06-02 21:20:40,20,0.034371,17.266343,2776928
2026-06-02 21:20:40,20,0.033748,16.676935,2776928
2026-06-02 21:20:40,20,0.034678,15.624089,2776928
2026-06-02 21:20:40,20,0.034194,17.797321,2776928
2026-06-02 21:20:40,20,0.035657,18.172440,2776928
2026-06-02 21:20:40,20,0.033882,15.933416,2776928
2026-06-02 21:20:40,20,0.033948,17.296997,2776928
2026-06-02 21:20:40,20,0.033860,18.107174,2776928
2026-06-02 21:20:40,20,0.033897,15.920695,2776928
2026-06-02 21:20:40,20,0.033639,18.309154,2776928
2026-06-02 21:20:40,20,0.034993,15.528464,2776928
2026-06-02 21:20:40,20,0.034948,17.366910,2776928
2026-06-02 21:20:40,20,0.035985,18.235446,2776928
2026-06-02 21:20:40,20,0.033977,17.189213,2776928
2026-06-02 21:20:40,20,0.033780,18.030553,2776928
2026-06-02 21:20:40,20,0.034530,16.353656,2776928
2026-06-02 21:20:40,20,0.035105,17.071375,2776928
2026-06-02 21:20:40,20,0.036734,15.660834,2776928
2026-06-02 21:20:40,20,0.034213,18.259921,2776928
2026-06-02 21:20:40,20,0.034120,15.667014,2776928
2026-06-02 21:20:40,20,0.034041,18.232506,2776928
2026-06-02 21:20:40,20,0.034747,15.618709,2776928
2026-06-02 21:20:40,20,0.034066,17.920503,2776928
2026-06-02 21:20:40,20,0.035049,16.537222,2776928
2026-06-02 21:20:40,20,0.036973,17.257374,2776928
2026-06-02 21:20:40,20,0.034003,16.694930,2776928
2026-06-02 21:20:40,20,0.033813,15.508244,2776928
2026-06-02 21:20:40,20,0.033922,19.022948,2776928
2026-06-02 21:20:40,20,0.035146,18.162391,2776928
2026-06-02 21:20:40,20,0.034120,15.958512,2776928
2026-06-02 21:20:40,20,0.033943,17.264604,2776928
2026-06-02 21:20:40,20,0.033929,18.098834,2776928
2026-06-02 21:20:40,20,0.034164,15.822702,2776928
2026-06-02 21:20:40,20,0.034040,18.285903,2776928
2026-06-02 21:20:40,20,0.036762,15.613651,2776928
2026-06-02 21:20:40,20,0.036377,17.351477,2776928
2026-06-02 21:20:40,20,0.033897,18.259261,2776928
2026-06-02 21:20:40,20,0.033863,17.221231,2776928
2026-06-02 21:20:40,20,0.033858,18.117021,2776928
2026-06-02 21:20:40,20,0.034084,16.345258,2776928
2026-06-02 21:20:40,20,0.034903,17.156919,2776928
2026-06-02 21:20:40,20,0.035415,15.647997,2776928
2026-06-02 21:20:40,20,0.034957,18.211277,2776928
2026-06-02 21:20:40,20,0.034161,15.637664,2776928
2026-06-02 21:20:40,20,0.034295,18.258109,2776928
2026-06-02 21:20:40,20,0.034124,15.661446,2776928
2026-06-02 21:20:40,20,0.033911,17.957952,2776928
2026-06-02 21:20:40,20,0.035155,16.776513,2776928
2026-06-02 21:20:40,20,0.035700,17.269748,2776928
2026-06-02 21:20:40,20,0.034951,16.642872,2776928
2026-06-02 21:20:40,20,0.034340,15.532553,2776928
2026-06-02 21:20:40,20,0.034148,17.794384,2776928
2026-06-02 21:20:40,20,0.034142,18.239569,2776928
2026-06-02 21:20:40,20,0.036724,15.878649,2776928
2026-06-02 21:20:40,20,0.033922,17.231751,2776928
2026-06-02 21:20:40,20,0.033846,18.122195,2776928
2026-06-02 21:20:40,20,0.034150,15.792362,2776928
2026-06-02 21:20:40,20,0.035934,18.247106,2776928
2026-06-02 21:20:40,20,0.034038,15.464950,2776928
2026-06-02 21:20:40,20,0.036429,17.354298,2776928
2026-06-02 21:20:40,20,0.034118,18.226679,2776928
2026-06-02 21:20:40,20,0.034971,17.148287,2776928
2026-06-02 21:20:40,20,0.033852,18.044153,2776928
2026-06-02 21:20:40,20,0.033973,16.494999,2776928
2026-06-02 21:20:40,20,0.036691,17.205768,2776928
2026-06-02 21:20:40,20,0.035795,15.752291,2776928
2026-06-02 21:20:40,20,0.035377,18.390416,2776928
2026-06-02 21:20:40,20,0.034160,15.580802,2776928
2026-06-02 21:20:40,20,0.033899,18.179762,2776928
2026-06-02 21:20:40,20,0.033886,15.567187,2776928
2026-06-02 21:20:40,20,0.035508,17.901794,2776928
2026-06-02 21:20:40,20,0.080373,16.693892,2776928
2026-06-02 21:20:40,20,0.035690,17.378632,2776928
2026-06-02 21:20:40,20,0.033870,16.823505,2776928
2026-06-02 21:20:40,20,0.037017,15.670868,2776928
2026-06-02 21:20:40,20,0.034021,17.872736,2776928
2026-06-02 21:20:40,20,0.035543,18.207055,2776928
2026-06-02 21:20:40,20,0.036221,15.972097,2776928
2026-06-02 21:20:40,20,0.034412,17.238471,2776928
2026-06-02 21:20:40,20,0.035074,18.100961,2776928
2026-06-02 21:20:40,20,0.035747,15.829834,2776928
2026-06-02 21:20:40,20,0.033907,18.167496,2776928
2026-06-02 21:20:40,20,0.034239,15.393064,2776928
2026-06-02 21:20:40,20,0.033720,17.236982,2776928
2026-06-02 21:20:40,20,0.036695,18.115103,2776928
2026-06-02 21:20:40,20,0.034010,17.074233,2776928
2026-06-02 21:20:40,20,0.035526,17.940987,2776928
2026-06-02 21:20:40,20,0.033946,16.228218,2776928
2026-06-02 21:20:40,20,0.034358,17.032790,2776928
2026-06-02 21:20:40,20,0.033760,15.662937,2776928
2026-06-02 21:20:40,20,0.034081,18.219713,2776928
2026-06-02 21:20:40,20,0.034008,15.702532,2776928
2026-06-02 21:20:40,20,0.034065,18.281560,2776928
2026-06-02 21:20:40,20,0.033961,15.619014,2776928
2026-06-02 21:20:40,20,0.036381,18.004179,2776928
2026-06-02 21:20:40,20,0.033707,16.590453,2776928
2026-06-02 21:20:40,20,0.034260,17.167626,2776928
2026-06-02 21:20:40,20,0.035465,16.529440,2776928
2026-06-02 21:20:40,20,0.034376,15.460413,2776928
2026-06-02 21:20:40,20,0.035397,17.648728,2776928
2026-06-02 21:20:40,20,0.034055,17.987639,2776928
2026-06-02 21:20:40,20,0.033940,15.806717,2776928
2026-06-02 21:20:40,20,0.035258,17.249281,2776928
2026-06-02 21:20:40,20,0.033909,17.958195,2776928
2026-06-02 21:20:40,20,0.035105,15.668010,2776928
2026-06-02 21:20:40,20,0.035598,18.144484,2776928
2026-06-02 21:20:40,20,0.034392,15.417819,2776928
2026-06-02 21:20:40,20,0.036095,17.235155,2776928
2026-06-02 21:20:40,20,0.034058,18.092884,2776928
2026-06-02 21:20:40,20,0.034030,17.002273,2776928
2026-06-02 21:20:40,20,0.033832,18.011741,2776928
2026-06-02 21:20:40,20,0.033906,16.213878,2776928
2026-06-02 21:20:40,20,0.033808,16.901073,2776928
2026-06-02 21:20:40,20,0.035784,15.465353,2776928
2026-06-02 21:20:40,20,0.034803,18.062327,2776928
2026-06-02 21:20:40,20,0.033954,15.467760,2776928
2026-06-02 21:20:40,20,0.036462,18.097709,2776928
2026-06-02 21:20:40,20,0.033936,15.466282,2776928
2026-06-02 21:20:40,20,0.034001,17.820592,2776928
2026-06-02 21:20:40,20,0.033864,16.381780,2776928
2026-06-02 21:20:40,20,0.033848,17.124199,2776928
2026-06-02 21:20:40,20,0.034942,16.490948,2776928
2026-06-02 21:20:40,20,0.033829,15.397728,2776928
2026-06-02 21:20:40,20,0.035909,17.652567,2776928
2026-06-02 21:20:40,20,0.034156,17.972158,2776928
2026-06-02 21:20:40,20,0.033850,15.739395,2776928
2026-06-02 21:20:40,20,0.041376,17.543801,2776928
2026-06-02 21:20:40,20,0.034810,18.005753,2776928
2026-06-02 21:20:40,20,0.033800,15.835995,2776928
2026-06-02 21:20:40,20,0.033800,18.197402,2776928
2026-06-02 21:20:40,20,0.034467,15.430996,2776928
2026-06-02 21:20:40,20,0.035247,17.200368,2776928
2026-06-02 21:20:40,20,0.035714,18.094329,2776928
2026-06-02 21:20:40,20,0.033786,17.131696,2776928
2026-06-02 21:20:40,20,0.033990,17.950760,2776928
2026-06-02 21:20:40,20,0.033856,16.173411,2776928
2026-06-02 21:20:40,20,0.034159,16.900463,2776928
2026-06-02 21:20:40,20,0.033995,15.491936,2776928
2026-06-02 21:20:40,20,0.035096,18.121034,2776928
2026-06-02 21:20:40,20,0.033990,15.482074,2776928
2026-06-02 21:20:40,20,0.033936,18.104741,2776928
2026-06-02 21:20:40,20,0.034309,15.542400,2776928
2026-06-02 21:20:40,20,0.034091,17.908404,2776928
2026-06-02 21:20:40,20,0.035187,16.421266,2776928
2026-06-02 21:20:40,20,0.033655,17.117679,2776928
2026-06-02 21:20:40,20,0.033760,16.593387,2776928
2026-06-02 21:20:40,20,0.033940,15.378964,2776928
2026-06-02 21:20:40,20,0.035079,17.642220,2776928
2026-06-02 21:20:40,20,0.033812,17.970981,2776928
2026-06-02 21:20:40,20,0.034027,15.703836,2776928
2026-06-02 21:20:40,20,0.035180,17.236052,2776928
2026-06-02 21:20:40,20,0.034868,17.945571,2776928
2026-06-02 21:20:40,20,0.034325,15.679878,2776928
2026-06-02 21:20:40,20,0.033803,18.115407,2776928
2026-06-02 21:20:40,20,0.035531,15.319149,2776928
2026-06-02 21:20:40,20,0.033894,17.256488,2776928
2026-06-02 21:20:40,20,0.033877,18.095086,2776928
2026-06-02 21:20:40,20,0.035377,17.025916,2776928
2026-06-02 21:20:40,20,0.035073,17.972103,2776928
2026-06-02 21:20:40,20,0.033704,16.161340,2776928
2026-06-02 21:20:40,20,0.034035,16.830032,2776928
2026-06-02 21:20:40,20,0.036337,15.409371,2776928
2026-06-02 21:20:40,20,0.034499,18.102053,2776928
2026-06-02 21:20:40,20,0.034287,15.449705,2776928
2026-06-02 21:20:40,20,0.033959,18.070922,2776928
2026-06-02 21:20:40,20,0.034157,15.441949,2776928
2026-06-02 21:20:40,20,0.034327,17.882566,2776928
2026-06-02 21:20:40,20,0.035138,16.434496,2776928
2026-06-02 21:20:40,20,0.034328,17.143359,2776928
2026-06-02 21:20:40,20,0.034962,16.421997,2776928
2026-06-02 21:20:40,20,0.034694,15.298675,2776928
2026-06-02 21:20:40,20,0.034092,17.611517,2776928
2026-06-02 21:20:40,20,0.035611,17.997639,2776928
2026-06-02 21:20:40,20,0.035281,15.699344,2776928
2026-06-02 21:20:40,20,0.034219,17.191486,2776928
2026-06-02 21:20:40,20,0.034327,17.975491,2776928
2026-06-02 21:20:40,20,0.034429,15.622007,2776928
2026-06-02 21:20:40,20,0.035505,18.120135,2776928
2026-06-02 21:20:40,20,0.035045,15.426356,2776928
2026-06-02 21:20:40,20,0.034624,17.245431,2776928
2026-06-02 21:20:40,20,0.033830,18.072791,2776928
2026-06-02 21:20:40,20,0.033888,17.000175,2776928
2026-06-02 21:20:40,20,0.034028,17.935683,2776928
2026-06-02 21:20:40,20,0.035283,16.088187,2776928
2026-06-02 21:20:40,20,0.034000,16.901694,2776928
2026-06-02 21:20:40,20,0.036584,15.416082,2776928
2026-06-02 21:20:40,20,0.034101,18.023410,2776928
2026-06-02 21:20:40,20,0.035758,15.442709,2776928
2026-06-02 21:20:40,20,0.033985,18.062552,2776928
2026-06-02 21:20:40,20,0.034426,15.416913,2776928
2026-06-02 21:20:40,20,0.035467,17.841891,2776928
2026-06-02 21:20:40,20,0.034804,16.348272,2776928
2026-06-02 21:20:40,20,0.034802,17.076487,2776928
2026-06-02 21:20:40,20,0.034634,16.455007,2776928
2026-06-02 21:20:40,20,0.035531,15.368522,2776928
2026-06-02 21:20:40,20,0.035607,17.623192,2776928
2026-06-02 21:20:40,20,0.037254,17.943811,2776928
2026-06-02 21:20:40,20,0.034096,15.721527,2776928
2026-06-02 21:20:40,20,0.035134,17.208424,2776928
2026-06-02 21:20:40,20,0.034884,17.932647,2776928
2026-06-02 21:20:40,20,0.034177,15.613078,2776928
2026-06-02 21:20:40,20,0.033832,18.110565,2776928
2026-06-02 21:20:40,20,0.036191,15.315788,2776928
2026-06-02 21:20:40,20,0.034038,17.200051,2776928
2026-06-02 21:20:40,20,0.033986,18.041107,2776928
2026-06-02 21:20:40,20,0.034147,16.974236,2776928
2026-06-02 21:20:40,20,0.033907,17.960392,2776928
2026-06-02 21:20:40,20,0.034060,16.146139,2776928
2026-06-02 21:20:40,20,0.035687,16.838243,2776928
2026-06-02 21:20:40,20,0.034993,15.380545,2776928
2026-06-02 21:20:40,20,0.033785,18.107085,2776928
2026-06-02 21:20:40,20,0.033899,15.423025,2776928
2026-06-02 21:20:40,20,0.035337,18.044860,2776928
2026-06-02 21:20:40,20,0.033883,15.493166,2776928
2026-06-02 21:20:40,20,0.034208,17.745214,2776928
2026-06-02 21:20:40,20,0.033850,16.334551,2776928
2026-06-02 21:20:40,20,0.033832,17.040569,2776928
2026-06-02 21:20:40,20,0.034032,16.437071,2776928
2026-06-02 21:20:40,20,0.035353,15.330643,2776928
2026-06-02 21:20:40,20,0.033961,17.578642,2776928
2026-06-02 21:20:40,20,0.034292,17.953300,2776928
2026-06-02 21:20:40,20,0.034182,15.666662,2776928
2026-06-02 21:20:40,20,0.034296,17.067323,2776928
2026-06-02 21:20:40,20,0.034165,17.933711,2776928
2026-06-02 21:20:40,20,0.034662,15.579971,2776928
2026-06-02 21:20:40,20,0.033909,18.070060,2776928
2026-06-02 21:20:40,20,0.034967,15.306520,2776928
2026-06-02 21:20:40,20,0.034531,17.146194,2776928
2026-06-02 21:20:40,20,0.033869,18.087105,2776928
2026-06-02 21:20:40,20,0.033798,16.930659,2776928
2026-06-02 21:20:40,20,0.034961,17.847686,2776928
2026-06-02 21:20:40,20,0.033983,16.075709,2776928
2026-06-02 21:20:40,20,0.034073,16.822862,2776928
2026-06-02 21:20:40,20,0.033995,15.417179,2776928
2026-06-02 21:20:40,20,0.035270,18.007461,2776928
2026-06-02 21:20:40,20,0.034316,15.394468,2776928
2026-06-02 21:20:40,20,0.033961,18.174501,2776928
2026-06-02 21:20:40,20,0.033766,15.398923,2776928
2026-06-02 21:20:40,20,0.034199,17.743731,2776928
2026-06-02 21:20:40,20,0.034061,16.345283,2776928
2026-06-02 21:20:40,20,0.035330,17.030473,2776928
2026-06-02 21:20:40,20,0.033835,16.444197,2776928
2026-06-02 21:20:40,20,0.036109,15.352610,2776928
2026-06-02 21:20:40,20,0.034106,17.599814,2776928
2026-06-02 21:20:40,20,0.035174,17.989484,2776928
2026-06-02 21:20:40,20,0.033733,15.671889,2776928
2026-06-02 21:20:40,20,0.034033,17.056431,2776928
2026-06-02 21:20:40,20,0.033914,17.900536,2776928
2026-06-02 21:20:40,20,0.034186,15.624812,2776928
2026-06-02 21:20:40,20,0.034158,18.115368,2776928
2026-06-02 21:20:40,20,0.033871,15.251221,2776928
2026-06-02 21:20:40,20,0.033921,17.167565,2776928
2026-06-02 21:20:40,20,0.033734,18.144219,2776928
2026-06-02 21:20:40,20,0.034073,16.967595,2776928
2026-06-02 21:20:40,20,0.035455,17.833768,2776928
2026-06-02 21:20:40,20,0.034700,16.077826,2776928
2026-06-02 21:20:40,20,0.034400,16.785453,2776928
2026-06-02 21:20:40,20,0.033789,15.372031,2776928
2026-06-02 21:20:40,20,0.035197,18.030851,2776928
2026-06-02 21:20:40,20,0.033792,15.355134,2776928
2026-06-02 21:20:40,20,0.034143,18.088996,2776928
2026-06-02 21:20:40,20,0.033810,15.389869,2776928
2026-06-02 21:20:40,20,0.034074,17.738218,2776928
2026-06-02 21:20:40,20,0.034284,16.335148,2776928
2026-06-02 21:20:40,20,0.033654,17.013339,2776928
2026-06-02 21:20:40,20,0.033874,16.413367,2776928
2026-06-02 21:20:40,20,0.034052,15.231672,2776928
2026-06-02 21:20:40,20,0.033759,17.589399,2776928
2026-06-02 21:20:40,20,0.034110,17.973988,2776928
2026-06-02 21:20:40,20,0.034772,15.660131,2776928
2026-06-02 21:20:40,20,0.036722,17.056335,2776928
2026-06-02 21:20:40,20,0.034509,17.922581,2776928
2026-06-02 21:20:40,20,0.035006,15.618290,2776928
2026-06-02 21:20:40,20,0.034029,18.083475,2776928
2026-06-02 21:20:40,20,0.035209,15.244862,2776928
2026-06-02 21:20:40,20,0.033772,17.153380,2776928
2026-06-02 21:20:40,20,0.035044,18.090763,2776928
2026-06-02 21:20:40,20,0.033859,16.951337,2776928
2026-06-02 21:20:40,20,0.034562,17.855296,2776928
2026-06-02 21:20:40,20,0.035780,16.061702,2776928
2026-06-02 21:20:40,20,0.035211,16.772805,2776928
2026-06-02 21:20:40,20,0.033463,15.358560,2776928
2026-06-02 21:20:40,20,0.034006,18.046509,2776928
2026-06-02 21:20:40,20,0.033794,15.371997,2776928
2026-06-02 21:20:40,20,0.036597,18.089050,2776928
2026-06-02 21:20:40,20,0.036447,15.403930,2776928
2026-06-02 21:20:40,20,0.034065,17.721833,2776928
2026-06-02 21:20:40,20,0.034155,16.289540,2776928
2026-06-02 21:20:40,20,0.034222,17.048963,2776928
2026-06-02 21:20:40,20,0.033839,16.390227,2776928
2026-06-02 21:20:40,20,0.033520,15.237402,2776928
2026-06-02 21:20:40,20,0.033651,17.652791,2776928
2026-06-02 21:20:40,20,0.034064,17.963959,2776928
2026-06-02 21:20:40,20,0.033683,15.618359,2776928
2026-06-02 21:20:40,20,0.034923,17.095738,2776928
2026-06-02 21:20:40,20,0.033756,17.906234,2776928
2026-06-02 21:20:40,20,0.034124,15.563268,2776928
2026-06-02 21:20:40,20,0.033871,18.090352,2776928
2026-06-02 21:20:40,20,0.033881,15.282176,2776928
2026-06-02 21:20:40,20,0.033961,17.200038,2776928
2026-06-02 21:20:40,20,0.034955,18.041387,2776928
2026-06-02 21:20:40,20,0.035228,17.418403,2776928
2026-06-02 21:20:40,20,0.034638,16.361706,2776928
2026-06-02 21:20:40,20,0.035500,15.396519,2776928
2026-06-02 21:20:40,20,0.034893,17.926866,2776928
2026-06-02 21:20:40,20,0.034202,17.408128,2776928
2026-06-02 21:20:40,20,0.033973,16.369525,2776928
2026-06-02 21:20:40,20,0.033811,15.458162,2776928
2026-06-02 21:20:40,20,0.034603,17.897578,2776928
2026-06-02 21:20:40,20,0.033844,17.397507,2776928
2026-06-02 21:20:40,20,0.034107,16.389221,2776928
2026-06-02 21:20:40,20,0.034848,15.384536,2776928
2026-06-02 21:20:40,20,0.033824,17.873810,2776928
2026-06-02 21:20:40,20,0.034129,17.399035,2776928
2026-06-02 21:20:40,20,0.035137,16.365948,2776928
2026-06-02 21:20:40,20,0.033941,15.458973,2776928
2026-06-02 21:20:40,20,0.036435,17.915280,2776928
2026-06-02 21:20:40,20,0.033996,17.401226,2776928
2026-06-02 21:20:40,20,0.034280,16.372440,2776928
2026-06-02 21:20:40,20,0.034938,15.383781,2776928
2026-06-02 21:20:40,20,0.034016,17.904766,2776928
2026-06-02 21:20:40,20,0.034197,17.701140,2776928
2026-06-02 21:20:40,20,0.033718,16.365251,2776928
2026-06-02 21:20:40,20,0.034117,15.623918,2776928
2026-06-02 21:20:40,20,0.035864,17.980761,2776928
2026-06-02 21:20:40,20,0.034385,17.377417,2776928
2026-06-02 21:20:40,20,0.033450,16.373138,2776928
2026-06-02 21:20:40,20,0.034298,15.409201,2776928
2026-06-02 21:20:40,20,0.033954,17.903606,2776928
2026-06-02 21:20:40,20,0.033831,17.416251,2776928
2026-06-02 21:20:40,20,0.035221,16.423942,2776928
2026-06-02 21:20:40,20,0.033815,15.437121,2776928
2026-06-02 21:20:40,20,0.033910,17.954085,2776928
2026-06-02 21:20:40,20,0.033976,17.414516,2776928
2026-06-02 21:20:40,20,0.035298,16.358326,2776928
2026-06-02 21:20:40,20,0.033913,15.411923,2776928
2026-06-02 21:20:40,20,0.034772,17.915753,2776928
2026-06-02 21:20:40,20,0.034313,17.374000,2776928
2026-06-02 21:20:40,20,0.033836,16.320909,2776928
2026-06-02 21:20:40,20,0.034212,15.467709,2776928
2026-06-02 21:20:40,20,0.034844,17.911233,2776928
2026-06-02 21:20:40,20,0.034091,17.366005,2776928
2026-06-02 21:20:40,20,0.033950,16.350479,2776928
2026-06-02 21:20:40,20,0.035541,15.356282,2776928
2026-06-02 21:20:40,20,0.033834,17.881058,2776928
2026-06-02 21:20:40,20,0.033892,17.362398,2776928
2026-06-02 21:20:40,20,0.033777,16.368420,2776928
2026-06-02 21:20:40,20,0.034109,15.407394,2776928
2026-06-02 21:20:40,20,0.033845,17.961900,2776928
2026-06-02 21:20:40,20,0.034739,17.372704,2776928
2026-06-02 21:20:40,20,0.034097,16.362270,2776928
2026-06-02 21:20:40,20,0.034096,15.339343,2776928
2026-06-02 21:20:40,20,0.036530,17.893076,2776928
2026-06-02 21:20:40,20,0.034028,17.359131,2776928
2026-06-02 21:20:40,20,0.033816,16.335334,2776928
2026-06-02 21:20:40,20,0.033870,15.346807,2776928
2026-06-02 21:20:40,20,0.034030,17.943488,2776928
2026-06-02 21:20:40,20,0.033955,17.362728,2776928
2026-06-02 21:20:40,20,0.033780,16.340459,2776928
2026-06-02 21:20:40,20,0.035178,15.336558,2776928
2026-06-02 21:20:40,20,0.034088,17.871609,2776928
2026-06-02 21:20:40,20,0.034088,17.361649,2776928
2026-06-02 21:20:40,20,0.034096,16.347662,2776928
2026-06-02 21:20:40,20,0.052328,15.350973,2776928
2026-06-02 21:20:40,20,0.035379,17.887025,2776928
2026-06-02 21:20:40,20,0.034574,17.356539,2776928
2026-06-02 21:20:40,20,0.036554,16.355853,2776928
2026-06-02 21:20:40,20,0.033951,15.365395,2776928
2026-06-02 21:20:40,20,0.033815,17.887113,2776928
2026-06-02 21:20:40,20,0.033885,17.361882,2776928
2026-06-02 21:20:40,20,0.036543,16.385881,2776928
2026-06-02 21:20:40,20,0.034710,15.323190,2776928
2026-06-02 21:20:40,20,0.034721,17.881481,2776928
2026-06-02 21:20:40,20,0.034207,17.343249,2776928
2026-06-02 21:20:40,20,0.035741,16.331515,2776928
2026-06-02 21:20:40,20,0.034225,15.351602,2776928
2026-06-02 21:20:40,20,0.033741,17.857879,2776928
2026-06-02 21:20:40,20,0.033817,17.351722,2776928
2026-06-02 21:20:40,20,0.033825,16.425235,2776928
2026-06-02 21:20:40,20,0.033974,15.345817,2776928
2026-06-02 21:20:40,20,0.033804,17.875069,2776928
2026-06-02 21:20:40,20,0.034002,17.365375,2776928
2026-06-02 21:20:40,20,0.034178,16.334713,2776928
2026-06-02 21:20:40,20,0.034246,15.343552,2776928
2026-06-02 21:20:40,20,0.033860,17.919247,2776928
2026-06-02 21:20:40,20,0.033875,17.386952,2776928
2026-06-02 21:20:40,20,0.034095,16.310329,2776928
2026-06-02 21:20:40,20,0.035235,15.333141,2776928
2026-06-02 21:20:40,20,0.034218,17.917178,2776928
2026-06-02 21:20:40,20,0.034234,17.337363,2776928
2026-06-02 21:20:40,20,0.033948,16.322729,2776928
2026-06-02 21:20:40,20,0.034381,15.354911,2776928
2026-06-02 21:20:40,20,0.034704,17.878618,2776928
2026-06-02 21:20:40,20,0.033764,17.353263,2776928
2026-06-02 21:20:40,20,0.034319,16.329905,2776928
2026-06-02 21:20:40,20,0.033721,15.410955,2776928
2026-06-02 21:20:40,20,0.034058,17.882287,2776928
2026-06-02 21:20:40,20,0.036874,17.400614,2776928
2026-06-02 21:20:40,20,0.033768,16.332608,2776928
2026-06-02 21:20:40,20,0.034667,15.329877,2776928
2026-06-02 21:20:40,20,0.035153,17.884882,2776928
2026-06-02 21:20:40,20,0.035909,17.351530,2776928
2026-06-02 21:20:40,20,0.034693,16.404113,2776928
2026-06-02 21:20:40,20,0.034543,15.332516,2776928
2026-06-02 21:20:40,20,0.033750,17.894834,2776928
2026-06-02 21:20:40,20,0.034222,17.346569,2776928
2026-06-02 21:20:40,20,0.033927,16.353343,2776928
2026-06-02 21:20:40,20,0.034235,15.310363,2776928
2026-06-02 21:20:40,20,0.035817,17.867077,2776928
2026-06-02 21:20:40,20,0.035703,17.373319,2776928
2026-06-02 21:20:40,20,0.033959,16.390281,2776928
2026-06-02 21:20:40,20,0.034086,15.345101,2776928
2026-06-02 21:20:40,20,0.034008,17.903753,2776928
2026-06-02 21:20:40,20,0.035533,17.336229,2776928
2026-06-02 21:20:40,20,0.033944,16.350531,2776928
2026-06-02 21:20:40,20,0.034128,15.341682,2776928
2026-06-02 21:20:40,20,0.033846,17.878696,2776928
2026-06-02 21:20:40,20,0.034249,17.349356,2776928
2026-06-02 21:20:40,20,0.036184,16.353125,2776928
2026-06-02 21:20:40,20,0.033902,15.330269,2776928
2026-06-02 21:20:40,20,0.034035,17.893912,2776928
2026-06-02 21:20:40,20,0.033932,17.441089,2776928
2026-06-02 21:20:40,20,0.034803,16.346975,2776928
2026-06-02 21:20:40,20,0.034844,15.324180,2776928
2026-06-02 21:20:40,20,0.033868,17.896087,2776928
2026-06-02 21:20:40,20,0.033916,17.374704,2776928
2026-06-02 21:20:40,20,0.036229,16.430710,2776928
2026-06-02 21:20:40,20,0.033976,15.333090,2776928
2026-06-02 21:20:40,20,0.035027,17.852425,2776928
2026-06-02 21:20:40,20,0.033920,17.349500,2776928
2026-06-02 21:20:40,20,0.034561,16.375666,2776928
2026-06-02 21:20:40,20,0.034245,15.344324,2776928
2026-06-02 21:20:40,20,0.033883,17.875403,2776928
2026-06-02 21:20:40,20,0.034013,17.367360,2776928
2026-06-02 21:20:40,20,0.034252,16.362513,2776928
2026-06-02 21:20:40,20,0.036276,15.306936,2776928
2026-06-02 21:20:40,20,0.033829,17.879494,2776928
2026-06-02 21:20:40,20,0.034478,17.330070,2776928
2026-06-02 21:20:40,20,0.035454,16.294466,2776928
